time_s,desired_ee_x,desired_ee_y,desired_ee_z,actual_ee_x,actual_ee_y,actual_ee_z,box_x,box_y,box_z,tracking_error_mm
0.0020000000000000018,0.5500428438671099,0.05220522530992659,0.4098664539066793,0.5497548520913583,0.052118638693197133,0.40855068167561004,0.5499831655504915,-9.359453279646698e-05,0.4098922445797835,0.3007266285136584
0.0040000000000000036,0.5499950996555188,0.05211076071137817,0.4098664539066793,0.5497548657616808,0.052118639966270565,0.40855074318675255,0.5499831655503629,-9.359453319323266e-05,0.4098922445797835,0.24036307205199298
0.006000000000000005,0.5499473554439279,0.05201629611282974,0.4098664539066793,0.5497543273528401,0.05211818603579815,0.4085505172567784,0.5499831655502426,-9.359453356370893e-05,0.4098922445797835,0.21826910077128203
0.008000000000000007,0.549899611232337,0.05192183151428133,0.4098664539066793,0.5497529674927798,0.052116921421723555,0.4085499695234627,0.5499831655501285,-9.359453391554151e-05,0.4098922445797835,0.24405830929746183
0.010000000000000009,0.549851867020746,0.051827366915732906,0.4098664539066793,0.5497506894908349,0.05211460051202474,0.4085491458456507,0.5499831655500188,-9.35945342538141e-05,0.4098922445797835,0.30453248003724254
0.01200000000000001,0.549804122809155,0.051732902317184484,0.4098664539066793,0.5497474771431947,0.05211105479308523,0.40854811011459347,0.5499831655499124,-9.359453458175735e-05,0.4098922445797835,0.3823715817133295
0.014000000000000012,0.549756378597564,0.05163843771863606,0.4098664539066793,0.5497433466053606,0.05210616748294406,0.4085469227774202,0.5499831655498088,-9.359453490128422e-05,0.4098922445797835,0.46791127924041853
0.016000000000000014,0.5497086343859731,0.05154397312008763,0.4098664539066793,0.5497383248440317,0.052099857681858194,0.4085456346403944,0.5499831655497075,-9.359453521339154e-05,0.4098922445797835,0.5566768984919253
0.018000000000000016,0.549660890174382,0.05144950852153921,0.4098664539066793,0.5497324408522355,0.052092070477826796,0.40854428623664785,0.5499831655496086,-9.35945355184583e-05,0.4098922445797835,0.6465333457521103
0.020000000000000018,0.5496131459627911,0.051355043922990784,0.4098664539066793,0.5497257224295947,0.05208277040984831,0.4085429090199724,0.5499831655495119,-9.359453581646517e-05,0.4098922445797835,0.7363825775722718
0.02200000000000002,0.5495654017512002,0.05126057932444236,0.4098664539066793,0.5497181952405401,0.0520719368708759,0.4085415269736695,0.5499831655494176,-9.359453610715372e-05,0.4098922445797835,0.8256191122662571
0.02400000000000002,0.5495176575396091,0.05116611472589394,0.4098664539066793,0.5497098827426402,0.05205956071506371,0.40854015813524713,0.5499831655492959,-9.359453648222866e-05,0.4098922445797835,0.9138907288313431
0.026000000000000023,0.5494699133280181,0.05107165012734552,0.4098664539066793,0.5497008064079987,0.05204564167454564,0.4085388158904262,0.5499831655491818,-9.359453683400363e-05,0.4098922445797835,1.000985088999933
0.028000000000000025,0.5494221691164272,0.05097718552879709,0.4098664539066793,0.549690986011997,0.052030186356532254,0.40853751002067995,0.5499831655490732,-9.359453716867963e-05,0.4098922445797835,1.0867719478136704
0.030000000000000027,0.5493744249048361,0.05088272093024867,0.4098664539066793,0.549680439907712,0.05201320667483943,0.4085362475320422,0.5499831655489689,-9.359453749037828e-05,0.4098922445797835,1.171171721272347
0.03200000000000003,0.5493266806932452,0.05078825633170025,0.4098664539066793,0.5496691852614993,0.05199471861522971,0.4085350333030721,0.5499831655488678,-9.359453780172131e-05,0.4098922445797835,1.2541374011064632
0.03400000000000003,0.5492789364816542,0.050693791733151826,0.4098664539066793,0.5496572382468121,0.05197474126104845,0.4085338705880554,0.5499831655487697,-9.359453810426755e-05,0.4098922445797835,1.3356436345598397
0.03600000000000003,0.549232267467004,0.050602164565537046,0.4098664539066793,0.5496446142006233,0.05195329602346576,0.4085327614062001,0.5499831655486741,-9.359453839883997e-05,0.4098922445797835,1.4126521317475935
0.038000000000000034,0.5491883965552362,0.05051792155553273,0.4098664539066793,0.5496313351586352,0.0519304141241332,0.4085317098790646,0.5499831655485811,-9.359453868576823e-05,0.4098922445797835,1.48031410948236
0.040000000000000036,0.5491445256434684,0.05043367854552841,0.4098664539066793,0.5496174375156898,0.05190614692496619,0.4085307246634401,0.5499831655484905,-9.359453896506661e-05,0.4098922445797835,1.5465473698959529
0.04200000000000004,0.5491006547317006,0.05034943553552409,0.4098664539066793,0.5496029437653768,0.05188053929956873,0.40852980611215106,0.5499831655483711,-9.359453933283864e-05,0.4098922445797835,1.6113885346566947
0.04400000000000004,0.5490567838199327,0.05026519252551976,0.4098664539066793,0.5495878694463687,0.05185363093437011,0.4085289518185424,0.5499831655482595,-9.359453967659432e-05,0.4098922445797835,1.6748697027882324
0.04600000000000004,0.5490129129081649,0.05018094951551544,0.4098664539066793,0.549572226972196,0.05182545784414514,0.4085281586688444,0.5499831655481537,-9.359454000286259e-05,0.4098922445797835,1.7370203986008437
0.04800000000000004,0.548969041996397,0.05009670650551112,0.4098664539066793,0.5495560274051613,0.05179605336978939,0.40852742357018446,0.5499831655480522,-9.359454031600956e-05,0.4098922445797835,1.7978686368126657
0.050000000000000044,0.5489251710846291,0.050012463495506795,0.4098664539066793,0.5495392812118682,0.051765448792378835,0.4085267436751435,0.5499831655479539,-9.359454061883671e-05,0.4098922445797835,1.8574414390303633
0.052000000000000046,0.5488813001728613,0.04992822048550247,0.4098664539066793,0.5495219985651388,0.05173367372697088,0.4085261164202738,0.5499831655478584,-9.359454091303254e-05,0.4098922445797835,1.9157650787598732
0.05400000000000005,0.5488374292610935,0.049843977475498145,0.4098664539066793,0.5495041894552518,0.05170075639324723,0.4085255395016658,0.5499831655477655,-9.359454119951116e-05,0.4098922445797835,1.9728652021644872
0.05600000000000005,0.5487935583493256,0.049759734465493824,0.4098664539066793,0.5494858637247434,0.051666723813508904,0.4085250108343798,0.5499831655476749,-9.359454147866387e-05,0.4098922445797835,2.028766893035102
0.05800000000000005,0.5487496874375577,0.049675491455489496,0.4098664539066793,0.549467031074426,0.051631601964160126,0.4085245285125378,0.5499831655475867,-9.359454175054418e-05,0.4098922445797835,2.0834947121332124
0.06000000000000005,0.5487058165257899,0.049591248445485174,0.4098664539066793,0.5494477010598621,0.051595415894990476,0.40852409077522467,0.549983165547469,-9.35945421135125e-05,0.4098922445797835,2.1370727239736405
0.062000000000000055,0.548661945614022,0.04950700543548085,0.4098664539066793,0.549427883085721,0.051558189824824296,0.40852369597899313,0.5499831655473589,-9.359454245247364e-05,0.4098922445797835,2.189524516793274
0.06400000000000006,0.5486180747022542,0.04942276242547653,0.4098664539066793,0.5494075864006712,0.05151994721915948,0.40852334257630274,0.5499831655472546,-9.35945427741044e-05,0.4098922445797835,2.2408732183665143
0.06600000000000006,0.5485742037904864,0.0493385194154722,0.4098664539066793,0.5493868200935816,0.05148071085377143,0.40852302909884297,0.5499831655471544,-9.359454308286671e-05,0.4098922445797835,2.2911415090252953
0.06800000000000006,0.5485303328787186,0.04925427640546789,0.4098664539066793,0.549365593091097,0.05144050286724239,0.4085227541447313,0.5499831655470575,-9.359454338161952e-05,0.4098922445797835,2.340351632670943
0.07000000000000006,0.548479559801201,0.04917974611960058,0.4098664539066793,0.5493439141564171,0.05139934480468224,0.4085225163687195,0.5499831655469632,-9.359454367208099e-05,0.4098922445797835,2.3819586004373225
0.07200000000000006,0.5484232566752214,0.049112997715120156,0.4098664539066793,0.5493217231324944,0.05135728882961192,0.4085222881962722,0.5499831655468714,-9.359454395517498e-05,0.4098922445797835,2.4174541529119757
0.07400000000000007,0.5483669535492419,0.04904624931063973,0.4098664539066793,0.54929894228233,0.051314407592977326,0.4085220423478254,0.5499831655467818,-9.359454423128882e-05,0.4098922445797835,2.4521714851004552
0.07600000000000007,0.5483106504232624,0.04897950090615931,0.4098664539066793,0.5492755420955109,0.051270766885645594,0.40852177620513946,0.5499831655466945,-9.359454450046265e-05,0.4098922445797835,2.4861447520057327
0.07800000000000007,0.5482543472972828,0.04891275250167888,0.4098664539066793,0.5492515157243107,0.051226425616641286,0.4085214955335329,0.5499831655465768,-9.359454486308316e-05,0.4098922445797835,2.5194102791647763
0.08000000000000007,0.5481980441713032,0.04884600409719846,0.4098664539066793,0.5492268664081686,0.0511814352042069,0.40852120828037,0.549983165546467,-9.359454520165415e-05,0.4098922445797835,2.5520018908009012
0.08200000000000007,0.5481417410453238,0.04877925569271804,0.4098664539066793,0.54920160178011,0.051135839886555276,0.40852092226449616,0.5499831655463627,-9.359454552297964e-05,0.4098922445797835,2.5839492719063086
0.08400000000000007,0.5480854379193443,0.048712507288237616,0.4098664539066793,0.5491757313692333,0.051089677544520096,0.4085206443905712,0.5499831655462626,-9.359454583159916e-05,0.4098922445797835,2.615277850291422
0.08600000000000008,0.5480291347933647,0.04864575888375719,0.4098664539066793,0.5491492655090009,0.051042980656623965,0.40852038045856504,0.5499831655461657,-9.359454613041353e-05,0.4098922445797835,2.6460092683923504
0.08800000000000008,0.5479728316673851,0.04857901047927677,0.4098664539066793,0.5491222148507079,0.05099577720263332,0.40852013519787334,0.5499831655460713,-9.359454642115757e-05,0.4098922445797835,2.676162008778395
0.09000000000000008,0.5479165285414056,0.04851226207479635,0.4098664539066793,0.5490945901371495,0.05094809145064226,0.40851991237790936,0.5499831655459793,-9.359454670475456e-05,0.4098922445797835,2.7057519974307374
0.09200000000000008,0.5478602254154261,0.04844551367031592,0.4098664539066793,0.54906640209009,0.050899944617215066,0.40851971493654937,0.5499831655458894,-9.359454698157967e-05,0.4098922445797835,2.734793126289369
0.09400000000000008,0.5478039222894465,0.0483787652658355,0.4098664539066793,0.5490376613494687,0.05085135541112118,0.4085195451040493,0.5499831655458018,-9.359454725165388e-05,0.4098922445797835,2.7632976847940918
0.09600000000000009,0.5477476191634669,0.04831201686135508,0.4098664539066793,0.5490083784376819,0.050802340477305884,0.40851940451472696,0.5499831655456832,-9.359454761758492e-05,0.4098922445797835,2.7912767078312744
0.09800000000000009,0.5476913160374874,0.04824526845687466,0.4098664539066793,0.5489785637371358,0.050752914757957554,0.40851929430457523,0.5499831655455724,-9.359454795924315e-05,0.4098922445797835,2.8187402525924234
0.10000000000000009,0.5476350129115078,0.04817852005239423,0.4098664539066793,0.5489482274755499,0.050703091785670715,0.40851921519524736,0.5499831655454671,-9.359454828357471e-05,0.4098922445797835,2.8456976170476915
0.10200000000000009,0.5475787097855284,0.048111771647913804,0.4098664539066793,0.5489173797162272,0.05065288392138076,0.4085191675656801,0.549983165545366,-9.359454859520774e-05,0.4098922445797835,2.8721575113008173
0.10400000000000009,0.5475308448745033,0.04803874104671952,0.40986645390667936,0.5488860303517331,0.050602302547533125,0.40851915151281887,0.549983165545268,-9.359454889709325e-05,0.4098922445797835,2.899719856494458
0.1060000000000001,0.547484674384152,0.04796444896024133,0.4098664539066793,0.5488542745075841,0.05055134390587224,0.40851920369993894,0.5499831655451727,-9.35945491909892e-05,0.4098922445797835,2.927085574054116
0.1080000000000001,0.5474385038938006,0.047890156873763134,0.4098664539066793,0.5488221784308223,0.05050000227969308,0.4085193378906085,0.5499831655450796,-9.359454947782348e-05,0.4098922445797835,2.9539546826679475
0.1100000000000001,0.5473923334034492,0.04781586478728495,0.4098664539066793,0.5487897753207872,0.050448270966512,0.408519551278537,0.5499831655449887,-9.359454975796369e-05,0.4098922445797835,2.9803365925287952
0.1120000000000001,0.5473461629130978,0.047741572700806756,0.40986645390667925,0.5487570826233203,0.050396143453972225,0.4085198358750401,0.5499831655449,-9.359455003141564e-05,0.4098922445797835,3.0062335757981273
0.1140000000000001,0.5472999924227464,0.04766728061432857,0.4098664539066793,0.5487241107528831,0.05034361475185699,0.40852018274825036,0.5499831655447793,-9.35945504032474e-05,0.4098922445797835,3.0316459941641036
0.1160000000000001,0.547253821932395,0.04759298852785037,0.4098664539066793,0.5486908670533072,0.050290681875237456,0.40852058352175674,0.5499831655446666,-9.359455075042351e-05,0.4098922445797835,3.0565745657637606
0.1180000000000001,0.5472076514420436,0.04751869644137219,0.4098664539066793,0.5486573575141207,0.0502373438158035,0.4085210308178093,0.5499831655445597,-9.359455108005087e-05,0.4098922445797835,3.0810211362337907
0.1200000000000001,0.5471614809516923,0.047444404354893985,0.4098664539066793,0.5486235874982548,0.050183601305312,0.4085215183037251,0.5499831655444569,-9.359455139686045e-05,0.4098922445797835,3.104988806208547
0.12200000000000011,0.5471153104613409,0.047370112268415795,0.4098664539066793,0.5485895620482589,0.05012945652689949,0.4085220406005874,0.5499831655443573,-9.359455170386435e-05,0.4098922445797835,3.128481816849402
0.12400000000000011,0.5470691399709895,0.047295820181937606,0.4098664539066793,0.5485552860156729,0.05007491283919796,0.40852259315502215,0.5499831655442603,-9.359455200285224e-05,0.4098922445797835,3.15150536470536
0.1260000000000001,0.5470229694806381,0.04722152809545942,0.4098664539066793,0.5485207641166681,0.05001997453513485,0.4085231721117182,0.5499831655441656,-9.359455229476339e-05,0.4098922445797835,3.1740654132283064
0.1280000000000001,0.5469767989902867,0.04714723600898122,0.4098664539066793,0.548486000956928,0.04996464663923167,0.4085237741993189,0.5499831655440731,-9.35945525799634e-05,0.4098922445797835,3.1961685242743605
0.13000000000000012,0.5469306284999353,0.04707294392250303,0.4098664539066793,0.5484510010435842,0.04990893474048014,0.40852439663258067,0.5499831655439827,-9.359455285844763e-05,0.4098922445797835,3.217821715249599
0.13200000000000012,0.546884458009584,0.04699865183602484,0.4098664539066793,0.5484157687916017,0.04985284485589487,0.40852503703010434,0.5499831655438596,-9.359455323794866e-05,0.4098922445797835,3.2390323409621207
0.13400000000000012,0.5468382875192326,0.04692435974954665,0.4098664539066793,0.5483803085277124,0.04979638331972056,0.408525693345821,0.5499831655437447,-9.359455359229397e-05,0.4098922445797835,3.2598079971414693
0.13600000000000012,0.5467948266575666,0.04684730092379858,0.4098664539066793,0.5483446244932036,0.049739556693767256,0.40852636381219243,0.5499831655436356,-9.359455392876696e-05,0.4098922445797835,3.2813132691442766
0.13800000000000012,0.5467732070453052,0.04674794050272362,0.4098664539066793,0.5483087497370408,0.0496823635013718,0.40852705883475404,0.5499831655435307,-9.359455425221331e-05,0.4098922445797835,3.311907259139062
0.14000000000000012,0.5467515874330436,0.04664858008164866,0.4098664539066793,0.5482729345038146,0.049624737328888516,0.40852787552350023,0.549983165543429,-9.359455456571526e-05,0.4098922445797835,3.342455515043069
0.14200000000000013,0.5467299678207822,0.04654921966057371,0.4098664539066793,0.5482372953809693,0.04956662062871603,0.40852882913206773,0.5499831655433299,-9.359455487110108e-05,0.4098922445797835,3.372943073377591
0.14400000000000013,0.5467083482085207,0.04644985923949876,0.4098664539066793,0.5482018816854859,0.04950795987679093,0.4085299066826382,0.5499831655432332,-9.359455516932689e-05,0.4098922445797835,3.403325102693343
0.14600000000000013,0.5466867285962591,0.0463504988184238,0.4098664539066793,0.5481667120543352,0.049448709164533686,0.4085310871971607,0.5499831655431386,-9.359455546076062e-05,0.4098922445797835,3.4335489489624624
0.14800000000000013,0.5466651089839977,0.046251138397348845,0.4098664539066793,0.5481317916979969,0.04938883182045479,0.4085323492051574,0.5499831655430463,-9.359455574539072e-05,0.4098922445797835,3.463564378057137
0.15000000000000013,0.5466434893717361,0.046151777976273886,0.4098664539066793,0.5480971200404658,0.04932830017820213,0.4085336733165034,0.5499831655429203,-9.359455613377927e-05,0.4098922445797835,3.493327270728394
0.15200000000000014,0.5466218697594747,0.046052417555198934,0.4098664539066793,0.5480626940141928,0.049267094519120494,0.4085350428870499,0.5499831655428026,-9.359455649642915e-05,0.4098922445797835,3.5228003797195253
0.15400000000000014,0.5466002501472131,0.04595305713412398,0.4098664539066793,0.5480285094726255,0.04920520180561174,0.40853644397285294,0.5499831655426909,-9.359455684081272e-05,0.4098922445797835,3.5519529367537475
0.15600000000000014,0.5465786305349517,0.04585369671304902,0.4098664539066793,0.5479945618021077,0.0491426144757241,0.40853786504605905,0.5499831655425835,-9.359455717189956e-05,0.4098922445797835,3.5807598918315704
0.15800000000000014,0.5465570109226902,0.04575433629197406,0.4098664539066793,0.5479608461944739,0.0490793293915429,0.40853929665661737,0.5499831655424794,-9.359455749284898e-05,0.4098922445797835,3.609201100310792
0.16000000000000014,0.5465353913104287,0.0456549758708991,0.4098664539066793,0.547927357774501,0.049015346956957556,0.40854073110818123,0.5499831655423779,-9.359455780553299e-05,0.4098922445797835,3.6372605726177305
0.16200000000000014,0.5465137716981672,0.04555561544982416,0.4098664539066793,0.5478940916637296,0.048950670391336715,0.4085421621703787,0.5499831655422789,-9.359455811092846e-05,0.4098922445797835,3.6649258196065975
0.16400000000000015,0.5464921520859057,0.0454562550287492,0.4098664539066793,0.5478610430151258,0.048885305137176635,0.40854358483167674,0.5499831655421821,-9.359455840940858e-05,0.4098922445797835,3.6921872951148194
0.16600000000000015,0.5464705324736442,0.04535689460767424,0.4098664539066793,0.5478282070334428,0.0488192583793564,0.4085449950904321,0.5499831655420875,-9.359455870095727e-05,0.4098922445797835,3.7190379263704076
0.16800000000000015,0.5464489128613826,0.04525753418659929,0.4098664539066793,0.5477955789879281,0.04875253865602494,0.40854638977966434,0.5499831655419952,-9.359455898532466e-05,0.4098922445797835,3.745472720190362
0.17000000000000015,0.5464293672024336,0.045156426554266556,0.4098664539066793,0.5477631542205368,0.048685155544176725,0.4085477664207718,0.5499831655418762,-9.359455935208574e-05,0.4098922445797835,3.7723886456584728
0.17200000000000015,0.5464130933836239,0.045052562545553024,0.4098664539066793,0.5477309553787519,0.04861711346257079,0.4085491349553102,0.5499831655417646,-9.359455969605911e-05,0.4098922445797835,3.8003662294856704
0.17400000000000015,0.5463968195648141,0.044948698536839485,0.4098664539066793,0.5476990337243873,0.04854840879598655,0.40855051476536763,0.5499831655416585,-9.359456002330265e-05,0.4098922445797835,3.8280119732312214
0.17600000000000016,0.5463805457460045,0.04484483452812595,0.4098664539066793,0.5476674102593769,0.04847903955892659,0.4085519069051089,0.5499831655415565,-9.359456033784349e-05,0.4098922445797835,3.8553166512848156
0.17800000000000016,0.5463642719271947,0.04474097051941243,0.4098664539066793,0.5476360905734922,0.048409004510994814,0.40855330646366106,0.5499831655414577,-9.359456064224397e-05,0.4098922445797835,3.882266867755702
0.18000000000000016,0.5463479981083851,0.04463710651069889,0.4098664539066793,0.5476050732673553,0.04833830405549157,0.40855470717551295,0.5499831655413617,-9.35945609380283e-05,0.4098922445797835,3.9088490915970864
0.18200000000000016,0.5463317242895753,0.04453324250198536,0.4098664539066793,0.5475743539617903,0.04826694062458372,0.4085561030781119,0.5499831655412682,-9.359456122600196e-05,0.4098922445797835,3.93505148288605
0.18400000000000016,0.5463154504707657,0.044429378493271825,0.4098664539066793,0.5475439270761158,0.0481949186171197,0.4085574890314235,0.5499831655411772,-9.35945615064886e-05,0.4098922445797835,3.9608644503694803
0.18600000000000017,0.5462991766519558,0.04432551448455829,0.4098664539066793,0.5475137865913029,0.04812224414084166,0.40855886080553677,0.5499831655410886,-9.359456177950377e-05,0.4098922445797835,3.9862806458730833
0.18800000000000017,0.5462829028331462,0.044221650475844754,0.4098664539066793,0.5474839263725088,0.04804892470640204,0.4085602150142382,0.549983165540972,-9.359456213889541e-05,0.4098922445797835,4.011294750824338
0.19000000000000017,0.5462666290143365,0.04411778646713122,0.4098664539066793,0.5474543403045674,0.04797496893729225,0.4085615490033574,0.549983165540863,-9.359456247481622e-05,0.4098922445797835,4.035903209575203
0.19200000000000017,0.5462503551955268,0.04401392245841769,0.4098664539066793,0.5474250223487768,0.04790038631744707,0.4085628607351868,0.5499831655407595,-9.359456279364247e-05,0.4098922445797835,4.060103970154703
0.19400000000000017,0.546234081376717,0.04391005844970415,0.4098664539066793,0.5473959665665525,0.0478251869800434,0.40856414868337265,0.5499831655406603,-9.359456309963857e-05,0.4098922445797835,4.083896252775707
0.19600000000000017,0.5462178075579074,0.043806194440990626,0.4098664539066793,0.5473671671289639,0.04774938153416583,0.40856541174211897,0.5499831655405643,-9.359456339554117e-05,0.4098922445797835,4.107280350227243
0.19800000000000018,0.5462015337390976,0.04370233043227709,0.4098664539066793,0.547338618320149,0.04767298092401334,0.4085666491495726,0.549983165540471,-9.359456368300012e-05,0.4098922445797835,4.1302574583178275
0.20000000000000018,0.546185259920288,0.04359846642356356,0.4098664539066793,0.5473103145379578,0.04759599631523791,0.40856786042391174,0.5499831655403802,-9.359456396290911e-05,0.4098922445797835,4.152829532688521
0.20200000000000018,0.5461689861014782,0.04349460241485002,0.4098664539066793,0.5472822502932894,0.0475184390035802,0.40856904531035926,0.5499831655402917,-9.359456423565128e-05,0.4098922445797835,4.174999168092444
0.20400000000000018,0.5461491354568222,0.04338996592164497,0.4098664539066793,0.5472544202087702,0.04744032034169784,0.4085702037374005,0.5499831655402055,-9.359456450127987e-05,0.4098922445797835,4.198455110029241
0.20600000000000018,0.5461274874122433,0.043284941245278354,0.4098664539066793,0.5472267847214166,0.047361643036295156,0.40857132066870727,0.5499831655400905,-9.359456485583212e-05,0.4098922445797835,4.222315960090549
0.20800000000000018,0.5461058393676643,0.043179916568911736,0.4098664539066793,0.5471993053943041,0.04728240820448913,0.40857238650019817,0.549983165539983,-9.359456518693287e-05,0.4098922445797835,4.245716143526058
0.2100000000000002,0.5460841913230854,0.04307489189254511,0.4098664539066793,0.5471719629736775,0.04720262127758969,0.4085734025086115,0.5499831655398811,-9.359456550110157e-05,0.4098922445797835,4.268652836667846
0.2120000000000002,0.5460625432785065,0.0429698672161785,0.4098664539066793,0.5471447478293008,0.047122290786521887,0.4085743733051772,0.5499831655397833,-9.359456580269522e-05,0.4098922445797835,4.291129011962151
0.2140000000000002,0.5460408952339275,0.042864842539811876,0.4098664539066793,0.5471176546162417,0.04704142683270606,0.4085753040615374,0.5499831655396886,-9.359456609450585e-05,0.4098922445797835,4.313150486947113
0.2160000000000002,0.5460192471893486,0.04275981786344525,0.4098664539066793,0.5470906797724319,0.04696004019376823,0.4085761995553603,0.5499831655395966,-9.359456637821165e-05,0.4098922445797835,4.3347243746559405
0.2180000000000002,0.5459975991447696,0.042654793187078634,0.4098664539066793,0.5470638204357073,0.0468781418743009,0.4085770639090258,0.5499831655395069,-9.359456665471532e-05,0.4098922445797835,4.355858351130222
0.2200000000000002,0.5459759511001907,0.042549768510712016,0.4098664539066793,0.5470370739997785,0.046795742887910656,0.408577900582542,0.5499831655394194,-9.359456692439565e-05,0.4098922445797835,4.376560318315861
0.2220000000000002,0.5459543030556118,0.0424447438343454,0.4098664539066793,0.5470104379425805,0.046712854149920435,0.40857871244953936,0.5499831655393341,-9.359456718729249e-05,0.4098922445797835,4.3968382464437505
0.2240000000000002,0.5459326550110328,0.04233971915797878,0.4098664539066793,0.5469839097663967,0.04662948642248308,0.408579501891084,0.5499831655392192,-9.35945675414123e-05,0.4098922445797835,4.416700096711092
0.2260000000000002,0.5459110069664539,0.042234694481612156,0.4098664539066793,0.5469574869819912,0.04654565028532734,0.40858027088401294,0.549983165539112,-9.359456787204577e-05,0.4098922445797835,4.436153780529321
0.2280000000000002,0.545889358921875,0.04212966980524554,0.4098664539066793,0.5469311671089134,0.04646135611982721,0.4085810210768854,0.5499831655390102,-9.35945681858358e-05,0.4098922445797835,4.4552071362075365
0.2300000000000002,0.5458677108772961,0.04202464512887892,0.4098664539066793,0.5469049476808844,0.04637661410054397,0.40858175385280565,0.5499831655389124,-9.359456848721458e-05,0.4098922445797835,4.473867914573845
0.2320000000000002,0.5458460628327172,0.041919620452512296,0.4098664539066793,0.5468788262520102,0.046291434191280956,0.408582470380463,0.5499831655388177,-9.359456877901453e-05,0.4098922445797835,4.492143769595564
0.2340000000000002,0.5458244147881383,0.041814595776145685,0.4098664539066793,0.5468528004023622,0.046205826144024506,0.40858317165524016,0.5499831655387255,-9.359456906292973e-05,0.4098922445797835,4.51004225205528
0.2360000000000002,0.5458027667435593,0.04170957109977906,0.4098664539066793,0.5468268677425302,0.046119799499802064,0.4085838585321955,0.5499831655386357,-9.359456933986193e-05,0.4098922445797835,4.527570805240114
0.2380000000000002,0.5458366887706737,0.04158705721666594,0.40986645390667925,0.5468010259171457,0.04603336359083246,0.40858453175248144,0.549983165538548,-9.359456961017784e-05,0.4098922445797835,4.54967982445135
0.2400000000000002,0.5458739607666492,0.04146348901967094,0.4098664539066793,0.5467758669848659,0.04594652572496073,0.40858544966469623,0.5499831655384624,-9.359456987389831e-05,0.4098922445797835,4.572860475395415
0.24200000000000021,0.5459112327626245,0.04133992082267593,0.4098664539066793,0.5467517017807311,0.04585928079798243,0.4085866707101504,0.5499831655383465,-9.359457023119245e-05,0.4098922445797835,4.596847045182094
0.24400000000000022,0.5459485047586,0.041216352625680935,0.4098664539066793,0.5467286540160915,0.045771599608878874,0.40858816700785483,0.5499831655382382,-9.35945705647863e-05,0.4098922445797835,4.621569856866651
0.24600000000000022,0.5459857767545753,0.04109278442868593,0.4098664539066793,0.546706760152015,0.04568344337824645,0.4085898861788202,0.5499831655381355,-9.359457088146104e-05,0.4098922445797835,4.646930885064239
0.24800000000000022,0.5460230487505509,0.040969216231690926,0.4098664539066793,0.5466860190834757,0.045594774443252294,0.40859177402700975,0.5499831655380368,-9.359457118573501e-05,0.4098922445797835,4.672827669717905
0.2500000000000002,0.5460603207465262,0.04084564803469592,0.4098664539066793,0.546666414478919,0.04550556082922248,0.4085937821493979,0.5499831655379412,-9.359457148048931e-05,0.4098922445797835,4.699163421827137
0.2520000000000002,0.5460975927425016,0.04072207983770092,0.4098664539066793,0.5466479243243295,0.045415777412773785,0.4085958697889143,0.5499831655378481,-9.359457176744037e-05,0.4098922445797835,4.725850375985486
0.2540000000000002,0.5461348647384769,0.04059851164070591,0.4098664539066793,0.5466305248617324,0.04532540561314509,0.408598003588163,0.5499831655377573,-9.359457204749425e-05,0.4098922445797835,4.752810282818728
0.2560000000000002,0.5461721367344523,0.040474943443710915,0.4098664539066793,0.5466141921570438,0.04523443257398056,0.4086001566768662,0.5499831655376686,-9.359457232101007e-05,0.4098922445797835,4.7799738260577795
0.25800000000000023,0.5462094087304278,0.040351375246715906,0.4098664539066793,0.5465989026888907,0.04514285024959031,0.4086023076401092,0.549983165537582,-9.359457258799374e-05,0.4098922445797835,4.807279713814182
0.26000000000000023,0.5462466807264031,0.040227807049720905,0.4098664539066793,0.5465846335422816,0.0450506545537041,0.40860443956182435,0.5499831655374642,-9.359457295101261e-05,0.4098922445797835,4.834673737951414
0.26200000000000023,0.5462839527223785,0.0401042388527259,0.4098664539066793,0.5465713624480125,0.044957844619360504,0.4086065391996407,0.5499831655373543,-9.359457328995996e-05,0.4098922445797835,4.862107905867344
0.26400000000000023,0.546321224718354,0.039980670655730896,0.4098664539066793,0.5465590677656407,0.04486442217507695,0.4086085962951292,0.5499831655372499,-9.359457361177364e-05,0.4098922445797835,4.889539673410727
0.26600000000000024,0.5463584967143293,0.03985710245873589,0.4098664539066793,0.5465480313997869,0.044773562539022455,0.4086111411930816,0.549983210992805,-0.00010354604511456135,0.4098950017249168,4.9201121042149945
0.26800000000000024,0.5463957687103047,0.03973353426174089,0.4098664539066793,0.5465380988037297,0.04468446312041083,0.40861425239606725,0.5499832550819869,-0.00012362437595688606,0.4099007879767641,4.952974300266984
0.27000000000000024,0.5464223885012844,0.039614931301023094,0.4098664539066793,0.5465291693697121,0.04459660336942975,0.40861791155686567,0.5499832889855185,-0.00015302108990094572,0.409909420456049,4.982816347308538
0.27200000000000024,0.5464114027806889,0.03951385712898089,0.4098664539066793,0.5465210804023434,0.0445096145407166,0.40862202539388626,0.5499833437118434,-0.00019076881555606334,0.40992066752937956,4.996961206333713
0.27400000000000024,0.5464004170600932,0.03941278295693868,0.4098664539066793,0.5465133967606522,0.04442325046135634,0.4086263914133428,0.5499832493837169,-0.0002358713599077454,0.4099342181444216,5.011741117173124
0.27600000000000025,0.5463894313394976,0.03931170878489648,0.4098664539066793,0.5465058862786238,0.04433731455502854,0.4086309285962051,0.5499829639065388,-0.0002875504437584532,0.40994998581060144,5.0269548545448
0.27800000000000025,0.546378445618902,0.039210634612854275,0.4098664539066793,0.5464982910102931,0.04425136814196386,0.4086353644464337,0.5499840825470608,-0.0003455544385010272,0.40996836261951664,5.042158013125651
0.28000000000000025,0.5463674598983064,0.03910956044081207,0.4098664539066793,0.5464903284645841,0.044164541734627416,0.40863895402498557,0.5499863358147202,-0.00041227671938509896,0.40999223584229005,5.056474321639755
0.28200000000000025,0.5463564741777107,0.03900848626876986,0.4098664539066793,0.5464821431703142,0.044076904073783035,0.40864184972943735,0.5499899765582575,-0.00048616817047851996,0.410020808837252,5.069975516891232
0.28400000000000025,0.5463454884571151,0.038907412096727656,0.4098664539066793,0.5464738125214361,0.043988484853964505,0.40864416895642847,0.5499951555371807,-0.0005660836532696876,0.41005335990221947,5.082692930899755
0.28600000000000025,0.5463345027365194,0.03880633792468545,0.4098664539066793,0.5464649788816442,0.043897843641101636,0.40864553287998834,0.5499998775250793,-0.0006546847333964444,0.4100774691399996,5.093177248510535
0.28800000000000026,0.5463235170159237,0.03870526375264324,0.4098664539066793,0.5464561627372695,0.04380517310600161,0.4086462948815902,0.5500046301833169,-0.000754738359637705,0.410071492036364,5.101634081337422
0.29000000000000026,0.5463125312953282,0.038604189580601043,0.4098664539066793,0.5464473567751031,0.04371099082554783,0.4086465604566044,0.5500094163443819,-0.0008657100379166685,0.4100349993686551,5.108580709491296
0.29200000000000026,0.5463015455747325,0.038503115408558844,0.4098664539066793,0.5464387554225006,0.04361765520344025,0.40864675716513643,0.5500155573025755,-0.0009718914132031164,0.410011554521907,5.11637995615553
0.29400000000000026,0.5462905598541369,0.03840204123651664,0.4098664539066793,0.54643022287129,0.04352469323715073,0.40864691671078246,0.5500230617844314,-0.001075621383323345,0.4100001401719673,5.124555520038864
0.29600000000000026,0.5462795741335412,0.03830096706447443,0.4098664539066793,0.546421692624447,0.04343184604591589,0.40864703744274655,0.550031961049006,-0.0011779788780562834,0.4099992282773329,5.132846850204581
0.29800000000000026,0.5462685884129456,0.038199892892432225,0.4098664539066793,0.5464131357365826,0.043338951200877544,0.4086471120410038,0.5500423098365981,-0.0012795409033367437,0.4100072158628451,5.141090762316057
0.30000000000000027,0.54625760269235,0.038098818720390025,0.4098664539066793,0.5464045421247171,0.04324589860994077,0.40864713382288576,0.5500541730536648,-0.001380651233416069,0.4100225769414834,5.149176884338123
0.30200000000000027,0.5462466169717544,0.03799774454834781,0.4098664539066793,0.5463955571113633,0.04315127475348171,0.40864667322962517,0.5500632337449519,-0.0014884034737080287,0.41003159108799425,5.1556819859659875
0.30400000000000027,0.5462368456991974,0.03789813563956283,0.4098664539066793,0.5463866194160366,0.043055155291582756,0.40864599293621157,0.5500723667023641,-0.0016069743883839285,0.4100100198445167,5.159194109313539
0.30600000000000027,0.5462282970253373,0.03780000182801667,0.4098664539066793,0.5463775360088674,0.042958326907235375,0.4086450352146994,0.5500755992491086,-0.0017281950591528856,0.4099848415069562,5.16048349450919
0.3080000000000003,0.5462197483514771,0.037701868016470505,0.4098664539066793,0.5463689412868504,0.04286094048180746,0.4086442079517062,0.5500810014923397,-0.0018476964721495937,0.409956447508732,5.16122923677715
0.3100000000000003,0.5462111996776169,0.037603734204924334,0.4098664539066793,0.5463607719608787,0.04276534967578797,0.40864434841477437,0.5500852332033678,-0.0019573449413747136,0.4099380473083023,5.163782154291463
0.3120000000000003,0.5462026510037568,0.03750560039337817,0.40986645390667936,0.5463528500849482,0.042671062962183925,0.4086453234423837,0.5500885127171398,-0.0020600082866866916,0.409928202940113,5.167645819299548
0.3140000000000003,0.5461941023298965,0.037407466581832,0.4098664539066793,0.5463450579473914,0.04257775857945841,0.40864698180132353,0.5500910103780431,-0.0021574608186494953,0.409925578073706,5.1724952333639695
0.3160000000000003,0.5461855536560364,0.037309332770285836,0.4098664539066793,0.5463373297999121,0.04248520722952648,0.40864918766895947,0.5500928801872298,-0.0022509190982709063,0.4099289492621149,5.178099305311689
0.3180000000000003,0.5461770049821764,0.03721119895873967,0.4098664539066793,0.5463296293012824,0.04239323384690769,0.4086518261875117,0.5500942595613817,-0.002341289643822572,0.4099372572325939,5.184281991266786
0.3200000000000003,0.546168456308316,0.03711306514719351,0.4098664539066793,0.5463219435286456,0.042301522590485405,0.40865470214018784,0.5500962548926189,-0.0024296421777003324,0.40994998357585266,5.190727209905717
0.3220000000000003,0.5461599076344559,0.037014931335647344,0.4098664539066793,0.5463138215630198,0.04220919109856179,0.40865693961585425,0.5500996926668164,-0.0025193653016805477,0.40996891826125453,5.196539616132838
0.3240000000000003,0.5461513589605957,0.03691679752410118,0.4098664539066793,0.546305468464106,0.04211633453245471,0.40865866400245604,0.5501048819715176,-0.0026100553269556427,0.40999289215820167,5.201820339103433
0.3260000000000003,0.5461428102867355,0.03681866371255501,0.4098664539066793,0.5462969820269801,0.04202299629566299,0.40865996551469086,0.5501119612279264,-0.002701572878820018,0.4100209264861052,5.206615653290474
0.3280000000000003,0.5461342616128754,0.036720529901008846,0.4098664539066793,0.5462880597243435,0.04192788950640893,0.4086604941464894,0.5501173183539996,-0.0027995033574935956,0.41004061128383845,5.209630305409751
0.3300000000000003,0.5461257129390152,0.03662239608946268,0.4098664539066793,0.5462789913257818,0.04183156267923911,0.4086604391023779,0.5501199098685847,-0.0029034930718581813,0.4100513070961756,5.211421190413684
0.3320000000000003,0.5461171642651551,0.03652426227791651,0.4098664539066793,0.5462700426722754,0.041733935396916146,0.40866005306255104,0.5501226307715532,-0.003017729379643613,0.41003094874454665,5.211915752791004
0.3340000000000003,0.5461086155912949,0.03642612846637035,0.4098664539066793,0.5462613500617352,0.041635789607937644,0.40865944630761,0.5501268372847197,-0.003132121437786404,0.4100057652096743,5.211899560468999
0.3360000000000003,0.5461000669174347,0.03632799465482418,0.4098664539066793,0.5462526914382608,0.041538496506021975,0.40865882701018086,0.5501328185256631,-0.003239816608261989,0.4099912264957869,5.212736688697503
0.3380000000000003,0.5459669845686228,0.036284524969266936,0.40986645390667936,0.5462440436232622,0.04144170249218383,0.40865822502069515,0.5501407014478141,-0.0033430924717539673,0.4099862133579444,5.164614382762465
0.3400000000000003,0.5457979377533377,0.036256841906301296,0.4098664539066793,0.5462344017682471,0.04134596147178561,0.40865782387049343,0.5501476474790039,-0.003440150281356595,0.4099866912408747,5.10780175693087
0.3420000000000003,0.5456288909380527,0.03622915884333566,0.4098664539066793,0.5462227347587778,0.04125114559881825,0.4086572986609419,0.5501527665315675,-0.003532466160785628,0.40999135825776717,5.056975524526091
0.3440000000000003,0.5454598441227676,0.03620147578037002,0.40986645390667925,0.546207666924329,0.0411549269765808,0.4086553095198421,0.5501523153955618,-0.003628073116933826,0.4099888922400674,5.009582586980383
0.3460000000000003,0.5452907973074825,0.036173792717404396,0.4098664539066793,0.5461902584561961,0.041060283353682336,0.4086533399586828,0.5501493453797314,-0.003717953951655959,0.40998999308633144,4.96858340943141
0.3480000000000003,0.5451217504921975,0.036146109654438756,0.4098664539066793,0.5461702251944552,0.04096701969932472,0.40865140735733113,0.5501435226449506,-0.0038038247266994887,0.409994112003077,4.933606476215638
0.3500000000000003,0.5449527036769125,0.03611842659147312,0.4098664539066793,0.546146995363882,0.04087434478065066,0.4086487370912059,0.550135341930742,-0.0038892417845950503,0.4100031453277466,4.903579351424244
0.3520000000000003,0.5447836568616273,0.03609074352850748,0.4098664539066793,0.5461210979697385,0.04078115314105571,0.40864566523708556,0.55012791414851,-0.003979870741475421,0.410004300063835,4.877365175086901
0.3540000000000003,0.5446146100463424,0.03606306046554185,0.4098664539066793,0.5460917395402415,0.04068771250704316,0.4086416960889309,0.5501146674824963,-0.004072113133987766,0.4099978408127433,4.854824203481406
0.3560000000000003,0.5444455632310574,0.036035377402576216,0.4098664539066793,0.5460594158492825,0.040594477779517774,0.4086371170377803,0.5500953221436273,-0.004166750150809301,0.40998329966697705,4.836312285241792
0.3580000000000003,0.5442765164157723,0.03600769433961058,0.4098664539066793,0.5460254187732214,0.04050374294711445,0.4086335215571625,0.5500758679872334,-0.00425456702844874,0.4099752355713721,4.824221443603971
0.3600000000000003,0.5441074696004873,0.03598001127664494,0.4098664539066793,0.5459893170033038,0.040415077145644934,0.4086307667399749,0.5500553743884782,-0.004338002459058765,0.409973321345558,4.81779606353941
0.3620000000000003,0.5439384227852022,0.03595232821367931,0.4098664539066793,0.5459508662995688,0.040328138721197504,0.4086286390259141,0.5500341005053567,-0.0044184511907977495,0.40997700090314343,4.816393515507506
0.3640000000000003,0.5437693759699171,0.035924645150713676,0.4098664539066793,0.545910000196384,0.04024277343152999,0.4086270189628612,0.5500122272746446,-0.004496752052024476,0.4099854977744473,4.8195958262620495
0.3660000000000003,0.5436003291546321,0.03589696208774804,0.4098664539066793,0.5458662901723674,0.04015710997835588,0.40862492529224026,0.5499926241992525,-0.0045815040349321745,0.40998767068881087,4.825291637170403
0.3680000000000003,0.543431282339347,0.0358692790247824,0.4098664539066793,0.5458196743350167,0.04007265314632215,0.40862234958160026,0.5499714713799709,-0.0046630547386663284,0.4099935494667178,4.834539309035441
0.37000000000000033,0.5432682348166828,0.03583904772962534,0.4098664539066793,0.5457704563705094,0.03998931104572885,0.40861946775324676,0.5499495574079489,-0.004742185594795905,0.41000257022100883,4.8462148422690134
0.37200000000000033,0.5432112997822499,0.03576374457758228,0.4098664539066793,0.5457185038693138,0.03990577046378916,0.4086160569488768,0.5499225839575527,-0.004823992730068349,0.4100028117175154,4.8417404697275455
0.37400000000000033,0.5431543647478171,0.03568844142553922,0.4098664539066793,0.5456652531364666,0.039822496155338755,0.4086127363056835,0.5498906224324854,-0.004909651507301585,0.40999444120095985,4.836834606354965
0.37600000000000033,0.5430974297133843,0.03561313827349616,0.4098664539066793,0.5456113757180433,0.03973964685523193,0.4086097057982768,0.5498535693242586,-0.004999946668475946,0.40997740412112543,4.831976571702321
0.37800000000000034,0.5430404946789513,0.0355378351214531,0.4098664539066793,0.545557843866643,0.0396586520883783,0.4086078614447043,0.5498183794389152,-0.005083481366287732,0.40996671003139357,4.828890080305242
0.38000000000000034,0.5429835596445185,0.035462531969410044,0.4098664539066793,0.5455046859009826,0.039579229491571735,0.4086073436684513,0.5497853823483355,-0.0051621074314601376,0.4099626117810673,4.827346692542879
0.38200000000000034,0.5429266246100856,0.035387228817366986,0.4098664539066793,0.5454516105670228,0.03950102174828244,0.40860784058178434,0.5497538323776018,-0.0052371692591090925,0.4099640974275065,4.826887854630607
0.38400000000000034,0.5428696895756526,0.03531192566532392,0.4098664539066793,0.5453985150669042,0.039423791944107334,0.40860915019579336,0.5497233019918946,-0.005309575305838302,0.4099702531826041,4.827256224792692
0.38600000000000034,0.5428127545412198,0.03523662251328087,0.4098664539066793,0.5453453417993412,0.039347348744919436,0.4086111064251438,0.5496937114538375,-0.005379991615100181,0.4099803030081452,4.828257280994923
0.38800000000000034,0.542755819506787,0.035161319361237814,0.4098664539066793,0.5452920573692264,0.03927153928295958,0.4086135722469447,0.5496650412758376,-0.005448911939440795,0.4099935520680016,4.829742260182176
0.39000000000000035,0.5426988844723541,0.03508601620919475,0.4098664539066793,0.5452383263061473,0.03919466330259713,0.408615725845241,0.5496400563046298,-0.005523263628880518,0.40999988257957753,4.830087552554581
0.39200000000000035,0.5426419494379212,0.03501071305715169,0.4098664539066793,0.5451839688375626,0.039118178268230074,0.4086174416234156,0.5496155088999927,-0.0055957389352251875,0.41000928920828483,4.830438188029354
0.39400000000000035,0.5425850144034883,0.034935409905108634,0.4098664539066793,0.5451292331804312,0.0390419688064534,0.40861886337413866,0.5495920001294878,-0.005667028633028282,0.4100213115753914,4.830825519014601
0.39600000000000035,0.5425280793690554,0.03486010675306558,0.4098664539066793,0.5450742264124537,0.03896596275291436,0.4086200684014526,0.5495698433061963,-0.005737482509484606,0.4100354154584747,4.831243965905685
0.39800000000000035,0.5424711443346225,0.03478480360102252,0.4098664539066793,0.5450186900396992,0.038888999223052056,0.40862074920387936,0.5495440899646168,-0.005813692908898794,0.4100407087510413,4.830570444920651
0.40000000000000036,0.5424142093001897,0.034709500448979455,0.4098664539066793,0.5449628778414604,0.03881145542250804,0.4086210453410748,0.5495140514943156,-0.00589553025027276,0.4100368963320634,4.829259357098006
0.40200000000000036,0.5423572742657569,0.034634197296936405,0.4098664539066793,0.5449068873836902,0.038733514285670914,0.40862105129405857,0.5494791644003332,-0.005983071520748724,0.4100238652219891,4.827517667007043
0.40400000000000036,0.5423070942458617,0.0345556978742938,0.4098664539066793,0.5448507591484996,0.03865528541371789,0.4086208348943845,0.5494389465967917,-0.006076416261409842,0.41000150534510943,4.824608702300447
0.40600000000000036,0.542270560719982,0.03447074133932892,0.4098664539066793,0.5447948892518172,0.03857793011444345,0.40862080081700153,0.5493994023316446,-0.006163253854972524,0.4099869117866371,4.820916320686745
0.40800000000000036,0.5422340271941024,0.03438578480436403,0.4098664539066793,0.544739680346369,0.03850007722814089,0.4086212410893662,0.5493665413865518,-0.006250778108106913,0.4099705424044485,4.817229480501332
0.41000000000000036,0.5421974936682228,0.03430082826939914,0.40986645390667925,0.5446849373914069,0.038421915465502526,0.408622007517516,0.5493405797988963,-0.006340081588779195,0.4099509050217902,4.8135990645145394
0.41200000000000037,0.5421609601423432,0.03421587173443425,0.4098664539066793,0.5446308776323044,0.038344850805598144,0.40862360398087116,0.5493168800769977,-0.006422086778884709,0.4099393719425613,4.811336672622908
0.41400000000000037,0.5421244266164635,0.03413091519946936,0.4098664539066793,0.5445773305201825,0.03826856953337948,0.4086258770759866,0.5492949699390517,-0.006498807118952801,0.40993476654295813,4.810085336852671
0.41600000000000037,0.5420878930905839,0.03404595866450447,0.4098664539066793,0.5445242884267016,0.038192930958237045,0.40862875041957186,0.5492731861637075,-0.006571548352023769,0.40993555025251377,4.809719476106875
0.41800000000000037,0.5420513595647044,0.033961002129539584,0.4098664539066793,0.5444714332008109,0.0381176449202893,0.4086318190247552,0.5492503554370277,-0.0066413616004954695,0.40993974218025864,4.809826992114108
0.4200000000000004,0.5420148260388247,0.0338760455945747,0.4098664539066793,0.5444188153113622,0.03804263004122961,0.40863503480222646,0.5492266709666213,-0.006708882045553315,0.40994667353024705,4.810362811013522
0.4220000000000004,0.541978292512945,0.03379108905960981,0.4098664539066793,0.5443664547422176,0.03796781445573548,0.40863835639601,0.5492022543986367,-0.006774646697147086,0.4099558100758161,4.811273622229875
0.4240000000000004,0.5419417589870654,0.033706132524644924,0.4098664539066793,0.5443143582843282,0.03789313626235326,0.4086417490604106,0.5491771976146826,-0.006839103328513966,0.40996671828150355,4.812507425963645
0.4260000000000004,0.5419052254611858,0.033621175989680036,0.4098664539066793,0.5442621271419475,0.0378181994372019,0.40864463125460915,0.5491525453820378,-0.006903875544851466,0.4099800618511838,4.813521720302703
0.4280000000000004,0.5418686919353063,0.03353621945471515,0.4098664539066793,0.5442099702342051,0.03774302925071564,0.4086471249745462,0.5491288828320486,-0.0069688898947197955,0.40999530634509573,4.814440022746199
0.4300000000000004,0.5418321584094267,0.03345126291975026,0.4098664539066793,0.5441579799097241,0.037667624009516065,0.4086493087700797,0.5491065793065107,-0.007034174871828576,0.41001204901678057,4.8153033643309655
0.4320000000000004,0.541795624883547,0.03336630638478537,0.4098664539066793,0.5441058891689512,0.037590790066941666,0.4086508787283485,0.5490810704510147,-0.007105801657809329,0.41001944276645064,4.814933379520301
0.4340000000000004,0.5417590913576674,0.03328134984982048,0.4098664539066793,0.5440539410870242,0.03751298169052798,0.408651973278893,0.5490516606369911,-0.007183830010884758,0.41001719584298296,4.813838729706105
0.4360000000000004,0.5417225578317878,0.03319639331485559,0.4098664539066793,0.5440022220488654,0.03743442041377461,0.4086526969894736,0.549017767770985,-0.007268241747259706,0.41000524589473825,4.812249228146433
0.4380000000000004,0.5416879365279555,0.033111297795448295,0.4098664539066793,0.543951057213982,0.03735641653217606,0.40865346838966377,0.5489846520845633,-0.007348058723072996,0.40999902166214325,4.8106910447915645
0.4400000000000004,0.5416545445097251,0.03302611292889946,0.4098664539066793,0.5439002926768889,0.03727871376097973,0.4086542861734875,0.5489523041101343,-0.007424900218679606,0.4099979654776709,4.80915779189345
0.4420000000000004,0.5416211524914946,0.03294092806235062,0.4098664539066793,0.5438502464405737,0.037200004879372306,0.40865533940200327,0.5489251085674185,-0.007504349126048381,0.409992410677915,4.807140019503559
0.4440000000000004,0.5415877604732641,0.03285574319580178,0.4098664539066793,0.5438008996381608,0.037122091156621226,0.40865707849229893,0.548900323096995,-0.007578950691764358,0.40999178911693596,4.806215755247375
0.4460000000000004,0.5415543684550337,0.032770558329252936,0.4098664539066793,0.5437520699854678,0.03704471744806154,0.4086593710447275,0.5488776297357408,-0.007650238336488794,0.4099954493281238,4.806072012544862
0.4480000000000004,0.5415209764368032,0.0326853734627041,0.4098664539066793,0.5437030820916223,0.036967282564108625,0.4086613023522653,0.548855780509064,-0.0077206924420622405,0.41000267816631125,4.805864192992197
0.4500000000000004,0.5414875844185727,0.032600188596155266,0.4098664539066793,0.5436541793978787,0.036889779543506376,0.40866297980243105,0.5488353681855774,-0.0077904619440371265,0.41001272438435005,4.805697067018556
0.4520000000000004,0.5414541924003422,0.032515003729606425,0.4098664539066793,0.5436054643700966,0.036812185564400295,0.40866446475240614,0.5488167205288258,-0.007859720229096798,0.4100249766532058,4.8055949485088085
0.4540000000000004,0.5414208003821117,0.03242981886305758,0.4098664539066793,0.5435566839740911,0.03673332456706266,0.4086654366389508,0.5487947560015833,-0.007935623318677663,0.41002846380130303,4.80438966601283
0.4560000000000004,0.5413874083638812,0.03234463399650875,0.4098664539066793,0.5435080707350012,0.03665360307934715,0.40866602469936386,0.5487687759080409,-0.008017906747008549,0.4100228425009466,4.802543435424748
0.4580000000000004,0.5413540163456507,0.0322594491299599,0.4098664539066793,0.5434597083198662,0.036573223131659144,0.40866631694934763,0.5487382244760307,-0.008106551492232909,0.4100079774999159,4.800269245366546
0.4600000000000004,0.5413206243274203,0.032174264263411065,0.4098664539066793,0.5434122493771062,0.03649234918902332,0.40866690216870283,0.5487136201574501,-0.00819498511444323,0.40999013996667766,4.797994661655338
0.4620000000000004,0.5412872323091898,0.03208907939686222,0.4098664539066793,0.5433653425562531,0.03641106338196301,0.4086676668072091,0.5486950419850735,-0.008284546657736506,0.4099681527017333,4.795632155036194
0.4640000000000004,0.5412538402909594,0.03200389453031339,0.4098664539066793,0.543319036770997,0.0363308579276394,0.40866908384673206,0.548677748721736,-0.008366899039695909,0.4099542626859629,4.794543642825562
0.4660000000000004,0.5412204482727289,0.03191870966376455,0.4098664539066793,0.5432732403339983,0.036251511335059876,0.4086711064629696,0.5486607426199124,-0.008443937037942459,0.409946678658447,4.794489083269487
0.4680000000000004,0.5411870562544985,0.031833524797215705,0.4098664539066793,0.5432276151752761,0.036172662295578306,0.40867335029330676,0.5486428908233923,-0.00851730197665199,0.4099435400250488,4.794996865365134
0.4700000000000004,0.541153664236268,0.03174833993066687,0.4098664539066793,0.5431821887605109,0.036094208401339964,0.4086757692391362,0.5486243378961504,-0.008587807174462081,0.40994403206477625,4.795986291665731
0.4720000000000004,0.5410764708443668,0.03167856239189283,0.4098664539066793,0.5431369702504474,0.03601606597428157,0.4086783220724293,0.5486051892296504,-0.008656101196431681,0.40994747646272806,4.802040725534662
0.4740000000000004,0.5409936576535798,0.03161076164234272,0.4098664539066793,0.5430915465748544,0.03593816988930838,0.4086808257973069,0.5485851803698475,-0.008722576968955646,0.4099532164204978,4.809116349384067
0.4760000000000004,0.5409108444627926,0.03154296089279262,0.4098664539066793,0.5430456482343283,0.035860476619277035,0.40868321042193795,0.5485640486276528,-0.008787694281257677,0.4099608736106903,4.816464387017045
0.4780000000000004,0.5408280312720054,0.03147516014324251,0.4098664539066793,0.5429991469981609,0.035782963474601276,0.4086854668243831,0.5485416821521854,-0.008851853702394982,0.40997016721456586,4.8239934740861
0.4800000000000004,0.5407452180812183,0.0314073593936924,0.4098664539066793,0.5429519895229027,0.03570561991977587,0.4086876062307434,0.548518074023474,-0.008915370213680312,0.4099808565970586,4.831654348763056
0.48200000000000043,0.5406624048904312,0.0313395586441423,0.4098664539066793,0.5429037240698145,0.03562804535438769,0.408689035150809,0.5484943375926026,-0.008979907292062972,0.40999392119240274,4.838866595373632
0.48400000000000043,0.540579591699644,0.03127175789459219,0.4098664539066793,0.5428545727820414,0.03555031255743084,0.4086899199788198,0.5484711273496994,-0.00904523772961664,0.41000892178670373,4.845778464618924
0.48600000000000043,0.5404967785088569,0.031203957145042087,0.4098664539066793,0.5428046442472665,0.03547246613657895,0.4086903791500536,0.5484488433390471,-0.009111227673723434,0.41002544944291824,4.852464660083145
0.48800000000000043,0.5404139653180697,0.031136156395491978,0.4098664539066793,0.5427536756648826,0.035393313103156965,0.40869012148390105,0.5484230996440456,-0.009183875213109536,0.41003217433956646,4.857738953525638
0.49000000000000044,0.5403311521272826,0.03106835564594187,0.4098664539066793,0.5427019396194716,0.03531335876553465,0.40868933227645743,0.5483931059891879,-0.009262860257439116,0.41002884080863644,4.862168736116865
0.49200000000000044,0.5402483389364954,0.031000554896391766,0.4098664539066793,0.5426495474254812,0.03523287128439689,0.40868814398824904,0.5483582404494775,-0.009348139593176109,0.4100154173151082,4.866035780361091
0.49400000000000044,0.5401655257457083,0.030932754146841657,0.4098664539066793,0.5425968562906249,0.03515321894962749,0.40868700226032106,0.5483237742273318,-0.009428810300654298,0.4100077913599872,4.870697216025504
0.49600000000000044,0.5400827125549211,0.03086495339729155,0.4098664539066793,0.5425437130338134,0.03507309405878008,0.4086857277412016,0.5482911085003529,-0.009511363877655688,0.4099953289175951,4.8749329414855795
0.49800000000000044,0.539999899364134,0.030797152647741445,0.4098664539066793,0.5424906768586705,0.03499412895487779,0.40868535634181546,0.548261157124002,-0.009588572822937711,0.40998921082207906,4.880428531384662
0.5000000000000004,0.5399170861733469,0.03072935189819134,0.4098664539066793,0.5424374286803276,0.03491604143239131,0.4086857123147676,0.5482333284101096,-0.009662089568957248,0.40998865871455314,4.886767398625963
0.5020000000000004,0.5398342729825597,0.030661551148641233,0.4098664539066793,0.5423838133781312,0.034838654777386194,0.4086866464317325,0.5482073010000665,-0.009732893464770756,0.40999278075075213,4.893705237744237
0.5040000000000004,0.5397232580720465,0.030604306002211302,0.4098664539066793,0.5423290618706624,0.034761372930598625,0.408687119229062,0.5481815211574291,-0.00980293984276364,0.41000022610364406,4.9062632301959725
0.5060000000000004,0.5394683568364002,0.030600915973741497,0.4098664539066793,0.5422732048742716,0.03468422675864406,0.40868715482843854,0.54815647188754,-0.00987216087421773,0.41001016751346314,4.9538469376488266
0.5080000000000005,0.539213455600754,0.030597525945271695,0.40986645390667936,0.5422143914366365,0.03460607569795432,0.4086858324836422,0.5481260253713104,-0.00994618666037932,0.41000948835307915,5.007403220314511
0.5100000000000005,0.5389585543651075,0.030594135916801886,0.4098664539066793,0.5421521401896109,0.03452746362526207,0.4086832231571508,0.5480888848770866,-0.010024527758104125,0.40999779091986505,5.0665626691682615
0.5120000000000005,0.5387036531294612,0.030590745888332077,0.4098664539066793,0.5420866283859646,0.03444986607133688,0.4086798766774583,0.5480501605060787,-0.010098692706618286,0.40999094620988386,5.13199085862288
0.5140000000000005,0.5384487518938149,0.030587355859862272,0.4098664539066793,0.5420181483226704,0.03437366121692916,0.40867668520877987,0.548015798803548,-0.010174958524959624,0.4099889850955417,5.203527565342524
0.5160000000000005,0.5381938506581686,0.03058396583139246,0.4098664539066793,0.5419463244020363,0.034298736268574576,0.40867357367609924,0.5479847573288525,-0.01025391414515904,0.40999147750953224,5.280206302728942
0.5180000000000005,0.5379389494225223,0.030580575802922658,0.4098664539066793,0.5418707542054048,0.03422388356687209,0.4086699937991046,0.5479569696683254,-0.01033808709596749,0.4099892863169015,5.360296662830484
0.5200000000000005,0.537684048186876,0.030577185774452856,0.4098664539066793,0.541791882273513,0.03415065552804441,0.40866658331418093,0.547926316822239,-0.010418586890866085,0.40999208839466117,5.444629185093419
0.5220000000000005,0.5374291469512297,0.030573795745983044,0.4098664539066793,0.541708792537168,0.03407718939585612,0.40866240997209125,0.5478878298658709,-0.010499477288303052,0.40998336478727426,5.530744380932113
0.5240000000000005,0.5371742457155834,0.030570405717513238,0.4098664539066793,0.5416228725186181,0.034005575735277536,0.4086586078004864,0.5478480096596595,-0.0105762664016127,0.4099806997601792,5.620558111400109
0.5260000000000005,0.536919344479937,0.03056701568904343,0.4098664539066793,0.5415338900261091,0.03393558818757836,0.4086551327212115,0.547806350434211,-0.010650391153697729,0.40998353763862644,5.713257501249345
0.5280000000000005,0.5366644432442907,0.03056362566057362,0.4098664539066793,0.5414417783307722,0.03386708947249766,0.4086519409541101,0.5477627364286481,-0.010722642737301023,0.4099911755021932,5.8082530665613
0.5300000000000005,0.5364095420086444,0.03056023563210382,0.4098664539066793,0.541346157647293,0.03379937148535352,0.4086484466871234,0.5477148379480618,-0.010791108737842392,0.4100007564581392,5.904419957926196
0.5320000000000005,0.5361546407729981,0.03055684560363401,0.4098664539066793,0.5412472582586095,0.03373253153041872,0.4086447433084261,0.5476636866817007,-0.010856091513960199,0.4100117605614164,6.00164427139209
0.5340000000000005,0.5358997395373518,0.030553455575164205,0.4098664539066793,0.5411449593949292,0.033665397445847775,0.4086409933596493,0.5476065392212375,-0.010913682142781614,0.4099969130060923,6.098894453984104
0.5360000000000005,0.5356448383017055,0.030550065546694396,0.4098664539066793,0.5410394401300949,0.03359918196929815,0.40863690429016564,0.5475435370761699,-0.010976000928913305,0.40996990293905333,6.196679743657379
0.5380000000000005,0.535494156954066,0.030509290643611447,0.40986645390667925,0.5409318025601226,0.033535362911712385,0.40863357210798384,0.5474858556879083,-0.011037854030590027,0.4099544023469141,6.222949711257247
0.5400000000000005,0.5354753295556471,0.030421218209767974,0.4098664539066793,0.5408227267253015,0.03347343223549977,0.40863129868247094,0.5474321056311375,-0.011100157286513878,0.40994885327436176,6.1571638721818625
0.5420000000000005,0.5354565021572283,0.030333145775924497,0.4098664539066793,0.5407132078979816,0.03341091345080789,0.40863004316490237,0.5473898197655012,-0.011151736506978593,0.40994300727488536,6.091437359558583
0.5440000000000005,0.5354376747588095,0.03024507334208102,0.4098664539066793,0.5406045461369823,0.033348355012154246,0.4086299313064793,0.5473569137057238,-0.01119458894306511,0.40993695160049043,6.027181510655961
0.5460000000000005,0.5354188473603907,0.030157000908237544,0.4098664539066793,0.5404978648915328,0.03328737693462982,0.40863114192807326,0.5473265902410118,-0.011240583755406488,0.4099354654283468,5.966210954052897
0.5480000000000005,0.5354000199619718,0.030068928474394074,0.4098664539066793,0.5403929554243215,0.033227442047780886,0.40863345481847707,0.5472983249381965,-0.011290249616086843,0.4099380916197782,5.908097199983921
0.5500000000000005,0.535381192563553,0.029980856040550598,0.4098664539066793,0.5402896996247579,0.03316818067818186,0.4086366426001975,0.5472718398256342,-0.011343426609320195,0.40994417511458014,5.852561825008771
0.5520000000000005,0.5353623651651341,0.02989278360670712,0.4098664539066793,0.5401880655858035,0.03310959805076716,0.4086406738398758,0.5472460155600029,-0.011396247459817974,0.40995397350609497,5.799593064824578
0.5540000000000005,0.5353435377667153,0.029804711172863645,0.4098664539066793,0.5400879853342948,0.033051411514962374,0.4086453637790901,0.5472208458576184,-0.0114489124454718,0.4099668512366348,5.7489865048454645
0.5560000000000005,0.5353247103682965,0.029716638739020168,0.4098664539066793,0.5399894007599183,0.032993408049288464,0.4086505531362459,0.5471963026148186,-0.011501495658532085,0.40998222141333013,5.700574844908586
0.5580000000000005,0.5353058829698777,0.02962856630517669,0.4098664539066793,0.5398922636204266,0.0329354218827526,0.4086561098628758,0.5471723397456009,-0.011554011439211039,0.4099995602734767,5.654218008060416
0.5600000000000005,0.5352870555714588,0.029540493871333215,0.4098664539066793,0.5397958799273925,0.032875432814843376,0.4086613879865899,0.5471510587603552,-0.011588699942303408,0.4100016286928986,5.608147183304087
0.5620000000000005,0.53526822817304,0.02945242143748974,0.4098664539066793,0.5397008503771777,0.032815535059577496,0.40866628484309053,0.5471280796469303,-0.011624869788004227,0.410005881299528,5.564051836538488
0.5640000000000005,0.5352494007746211,0.029364349003646265,0.4098664539066793,0.5396070979369809,0.032755504903460825,0.40867088255012896,0.5471042150666937,-0.011662981609995208,0.4100122697586604,5.521726441583794
0.5660000000000005,0.5352305733762024,0.02927627656980279,0.4098664539066793,0.5395145837815254,0.0326952192741136,0.40867522246296145,0.5470800027387603,-0.011703053690165957,0.41002055155893574,5.481050480361941
0.5680000000000005,0.5352117459777835,0.029188204135959312,0.4098664539066793,0.5394229372236816,0.03263389979583686,0.4086790718158253,0.5470487624730573,-0.011750517133151697,0.41001964728045964,5.441226910360166
0.5700000000000005,0.5351929185793647,0.02910013170211584,0.4098664539066793,0.5393323811897691,0.03257178694981876,0.4086825457178559,0.5470106941911955,-0.011805287282641385,0.41000958107795127,5.4025494779631105
0.5720000000000005,0.5352848746092475,0.02896743464846188,0.4098664539066793,0.5392429867560251,0.03250898938761147,0.40868571774874507,0.5469658923578418,-0.011867365045237317,0.4099904388904468,5.311239190326659
0.5740000000000005,0.5354201134669316,0.028817302859626154,0.4098664539066793,0.5391563232627516,0.03244630222143653,0.4086894004973337,0.546923909210204,-0.011926878562005383,0.40997815211655975,5.208541063138654
0.5760000000000005,0.5355553523246157,0.028667171070790424,0.4098664539066793,0.5390732406624784,0.03238344889846658,0.40869385741797526,0.5468856999264824,-0.011985028231747121,0.4099720352716561,5.117251141985105
0.5780000000000005,0.5356905911823,0.0285170392819547,0.4098664539066793,0.5389941183187985,0.03232019615357781,0.40869905490071157,0.5468518359319858,-0.012042372043923366,0.4099710923028888,5.037588086749067
0.5800000000000005,0.5358258300399842,0.02836690749311898,0.4098664539066793,0.5389190770994126,0.032256332211961586,0.4087048638605716,0.546822361025777,-0.012099351185497539,0.40997446616711025,4.969487097699938
0.5820000000000005,0.5359610688976684,0.028216775704283253,0.4098664539066793,0.5388481149397856,0.032191672165219475,0.4087111366306758,0.5467969952653458,-0.01215636913691232,0.40998147365873533,4.912721926230702
0.5840000000000005,0.5360963077553526,0.028066643915447526,0.4098664539066793,0.5387811785432022,0.032126063132402585,0.4087177370688642,0.5467754348504433,-0.012213753974123855,0.40999152076116,4.866971905243783
0.5860000000000005,0.5362315466130368,0.027916512126611802,0.4098664539066793,0.5387181936443354,0.0320593825714323,0.408724548136875,0.5467573807467477,-0.012271770417266991,0.4100040954829037,4.831851506496551
0.5880000000000005,0.536366785470721,0.02776638033777607,0.4098664539066793,0.5386590853253759,0.03199151883239509,0.40873147054744857,0.5467427045428227,-0.01233068145704827,0.41001887017791366,4.806915218969652
0.5900000000000005,0.5365020243284052,0.027616248548940348,0.4098664539066793,0.5386037794054588,0.03192237189854502,0.40873842041016384,0.5467314084982168,-0.012390735275168483,0.4100356587046096,4.791667006995689
0.5920000000000005,0.5366372631860894,0.027466116760104617,0.4098664539066793,0.5385519655794724,0.03185094275125052,0.4087450470367748,0.5467179167588098,-0.012459655446698527,0.41004452428980587,4.784640449172244
0.5940000000000005,0.5367725020437737,0.027315984971268893,0.4098664539066793,0.5385037244654205,0.03177751401436717,0.40875137310940474,0.5467017474569894,-0.012537086182605045,0.41004517192248763,4.785642326336354
0.5960000000000005,0.5369077409014579,0.027165853182433163,0.4098664539066793,0.5384590378764419,0.03170222094396463,0.4087574093591761,0.5466825166136707,-0.01262288458702264,0.41003745598380287,4.794283551528487
0.5980000000000005,0.5370429797591421,0.027015721393597435,0.4098664539066793,0.5384181461565997,0.031625138755338664,0.40876330411793693,0.5466682008498819,-0.012708937174506831,0.41002548815328954,4.8101778590212225
0.6000000000000005,0.5371782186168264,0.026865589604761708,0.4098664539066793,0.538380718456641,0.03154738520260605,0.40876913654012864,0.546658150659958,-0.01279061467978934,0.41002012769524054,4.833757946437635
0.6020000000000005,0.5373134574745104,0.02671545781592598,0.4098664539066793,0.5383467716919815,0.03146666882228209,0.40877505941289827,0.5466484414291465,-0.012849075717529761,0.41000361244003014,4.862277686326376
0.6040000000000003,0.5374486963321947,0.026565326027090254,0.4098664539066793,0.5383160517181571,0.03138578320235589,0.40878068992103805,0.5466428621116399,-0.012908421816985734,0.4099945387751288,4.897868183621106
0.6060000000000001,0.5374640798505923,0.02647404452429549,0.40986645390667936,0.5382885301978194,0.0313042859921101,0.4087861172137708,0.546641862018213,-0.012970049732477023,0.4099926194236798,4.900097041124665
0.6079999999999999,0.5374790611698649,0.026382960505682063,0.4098664539066793,0.5382633134312683,0.031222602903100544,0.4087915114141689,0.5466422768071519,-0.013031973520992307,0.4099951386505558,4.902773719478282
0.6099999999999997,0.5374940424891375,0.026291876487068634,0.4098664539066793,0.5382396623568044,0.031140629375376906,0.4087967311462979,0.5466434892998121,-0.013094498045688307,0.41000130665094087,4.905746992960147
0.6119999999999994,0.53750902380841,0.026200792468455206,0.4098664539066793,0.5382167873556651,0.031057664380388834,0.4088010115316529,0.5466476187050601,-0.01315990994354294,0.410011829026427,4.908170128240559
0.6139999999999992,0.5375240051276825,0.026109708449841774,0.4098664539066793,0.538194684974385,0.030973821874386978,0.4088044938078911,0.5466545242063471,-0.013227772746420355,0.41002603366196916,4.910133487351828
0.615999999999999,0.5375389864469551,0.026018624431228345,0.4098664539066793,0.538173238938637,0.030887633178455425,0.40880707872542,0.5466626226420035,-0.01330732574845316,0.41001039053754185,4.91014484549881
0.6179999999999988,0.5375539677662275,0.025927540412614913,0.4098664539066793,0.5381523287472044,0.03080021604680282,0.4088087621355271,0.5466657176832274,-0.013393751495858827,0.4099912890312275,4.909277309295548
0.6199999999999986,0.5375689490855002,0.02583645639400149,0.4098664539066793,0.5381324085937879,0.030712979577592857,0.40881011256213307,0.5466710325381978,-0.013477167122935091,0.4099806903354596,4.908967811830083
0.6219999999999983,0.5375839304047727,0.025745372375388056,0.4098664539066793,0.5381135450969712,0.030626189966112143,0.4088117395816634,0.546676534048953,-0.013557265045868318,0.40997673491275405,4.909467595993904
0.6239999999999981,0.5375989117240453,0.025654288356774628,0.4098664539066793,0.5380956066801432,0.03053967229328332,0.4088135924897568,0.5466823716851604,-0.013635115261478667,0.4099783859396675,4.910568407680552
0.6259999999999979,0.5376138930433179,0.0255632043381612,0.4098664539066793,0.5380785155141204,0.030453320409375602,0.4088156222456586,0.5466886428636775,-0.013711384076100785,0.4099846747572031,4.912138966919002
0.6279999999999977,0.5376288743625903,0.02547212031954777,0.4098664539066793,0.5380622229368354,0.03036706118320852,0.40881778647007433,0.5466954233752894,-0.013786543156261585,0.4099947605853614,4.914085575723731
0.6299999999999975,0.5376438556818629,0.025381036300934343,0.4098664539066793,0.538046473173118,0.030280312264175907,0.40881946592404883,0.5467050696140625,-0.01386275757645164,0.4100090455459154,4.915791473228003
0.6319999999999972,0.5376588370011355,0.02528995228232091,0.4098664539066793,0.5380310103222757,0.030191906458520913,0.4088203649413453,0.5467114019957642,-0.013946801764886777,0.4100159371801554,4.916062217520565
0.633999999999997,0.537673818320408,0.025198868263707482,0.4098664539066793,0.5380160868486384,0.03010236804304749,0.4088206679469346,0.5467137910087965,-0.014038262108880328,0.4100147523208514,4.915430584537287
0.6359999999999968,0.5376887996396805,0.025107784245094054,0.4098664539066793,0.5380021642653438,0.030012098189115127,0.4088207193013328,0.546716872574058,-0.014130497332711722,0.4100069941962958,4.914315074365561
0.6379999999999966,0.5377057870786646,0.025017257003639076,0.4098664539066793,0.537989006189728,0.029921200767176904,0.40882051500844885,0.5467213954530045,-0.01422407815780678,0.40999186962234674,4.912115379428004
0.6399999999999963,0.5377280833954217,0.024928203184664387,0.4098664539066793,0.5379764128682427,0.029830863945133814,0.40882018583528645,0.5467287601123748,-0.0143135641741566,0.4099849280652991,4.9089459214090185
0.6419999999999961,0.5377503797121786,0.0248391493656897,0.4098664539066793,0.5379646943402687,0.029741384412398982,0.40882040212294823,0.5467367587277935,-0.014398644807594035,0.409984165145273,4.906917485855876
0.6439999999999959,0.5377726760289357,0.024750095546715006,0.40986645390667936,0.5379532577189319,0.02965078268035774,0.4088201376346837,0.5467413617566421,-0.014489075550553425,0.4099786154256718,4.904013063666663
0.6459999999999957,0.5377949723456927,0.02466104172774032,0.4098664539066793,0.5379423496245459,0.029559495635903304,0.4088195162263596,0.5467419923756197,-0.014584924327737836,0.4099671957703425,4.900670439105181
0.6479999999999955,0.5378172686624498,0.02457198790876563,0.4098664539066793,0.5379324982659395,0.029469378640485197,0.40881947133670693,0.546744082190005,-0.014674572835898464,0.4099624675016206,4.898746149848256
0.6499999999999952,0.5378395649792068,0.024482934089790943,0.4098664539066793,0.5379236798508921,0.02938038806681279,0.4088201385200385,0.5467465740759379,-0.014759361740289583,0.4099629115772069,4.898176269662588
0.651999999999995,0.537861861295964,0.024393880270816255,0.4098664539066793,0.537915713072601,0.029292194660322037,0.40882130205393435,0.5467498158827331,-0.014840580432591871,0.4099672186575856,4.898610402173903
0.6539999999999948,0.537884157612721,0.024304826451841566,0.4098664539066793,0.5379084712649246,0.02920461779327627,0.4088228504821402,0.5467537709327961,-0.014919146907812118,0.40997480159163807,4.899851665436615
0.6559999999999946,0.537906453929478,0.024215772632866873,0.4098664539066793,0.5379018879941767,0.029117520236942685,0.4088246953865784,0.5467584614771566,-0.014995748371204569,0.40998515076950326,4.90174973063988
0.6579999999999944,0.5379287502462351,0.024126718813892188,0.4098664539066793,0.5378955535050176,0.029030048524706555,0.4088260442356012,0.5467670319532263,-0.015073151034413144,0.4099995835551186,4.903442084554722
0.6599999999999941,0.5379510465629922,0.024037664994917496,0.4098664539066793,0.5378896143801074,0.02894226446414633,0.40882698939211687,0.5467792519597843,-0.015151140614362544,0.41001743844881067,4.904984186177746
0.6619999999999939,0.5379733428797492,0.02394861117594281,0.4098664539066793,0.5378841339194002,0.02885418791118117,0.4088275969197037,0.5467948442277406,-0.015229693409769842,0.41003816424721484,4.906387810183617
0.6639999999999937,0.5379956391965063,0.023859557356968118,0.4098664539066793,0.5378792555547713,0.02876475990790574,0.40882780533616386,0.5468092103001285,-0.015312047739805703,0.41004700949459855,4.9065830491074385
0.6659999999999935,0.5380179355132633,0.02377050353799343,0.4098664539066793,0.5378744859350314,0.028674392113846394,0.4088274048335636,0.5468207126182426,-0.015400546002102623,0.4100500049476521,4.905986235801739
0.6679999999999933,0.5380402318300204,0.02368144971901874,0.4098664539066793,0.5378700922606775,0.02858334393747416,0.408826563942773,0.5468289572815911,-0.015495455441494168,0.41004663763246807,4.904846012056123
0.669999999999993,0.5380625281467774,0.023592395900044052,0.4098664539066793,0.5378661700512941,0.028491772300655232,0.40882539192993717,0.5468334448389739,-0.015596961972675634,0.41003640845866823,4.903309659457331
0.6719999999999928,0.5381046985437841,0.023494871599514418,0.4098664539066793,0.5378629313794174,0.028399434206171508,0.40882410916130246,0.546839129850159,-0.01570879554236977,0.4099952505164824,4.91051786722998
0.6739999999999926,0.5381630091029327,0.02339046824123714,0.4098664539066793,0.5378608579243969,0.028308692376504553,0.40882357998314056,0.5468451350545992,-0.015810391782482617,0.4099651225876122,4.927496725459845
0.6759999999999924,0.5382213196620813,0.023286064882959864,0.4098664539066793,0.5378600150216988,0.02821908999295732,0.4088238153959929,0.5468519299270851,-0.01590465486820744,0.40994465003785413,4.946238750710217
0.6779999999999922,0.5382796302212299,0.02318166152468258,0.4098664539066793,0.5378604138435533,0.02813033163876019,0.4088247295749948,0.5468598000439965,-0.015993355538719885,0.40993239091486994,4.9663948966304705
0.6799999999999919,0.5383379407803786,0.023077258166405306,0.4098664539066793,0.5378620290366298,0.02804219339271449,0.4088262133785439,0.5468688883823764,-0.016077775157199808,0.4099271016731126,4.987692230810135
0.6819999999999917,0.5383962513395272,0.022972854808128027,0.4098664539066793,0.5378648277931231,0.027954497416803357,0.4088281629130921,0.5468792761862297,-0.01615891049992651,0.40992771087895485,5.0099075905891
0.6839999999999915,0.5384545618986758,0.02286845144985075,0.4098664539066793,0.5378687762391982,0.027867097964416877,0.40883048555554125,0.5468910088719358,-0.016237572801206503,0.40993330840125886,5.032853248052615
0.6859999999999913,0.5385128724578244,0.022764048091573466,0.4098664539066793,0.5378738398414032,0.027779872501307416,0.40883309777685883,0.5469041137336484,-0.01631446009417684,0.4099431535015557,5.05636798444625
0.6879999999999911,0.538571183016973,0.022659644733296187,0.4098664539066793,0.5378799869899563,0.027692719014597793,0.4088359293428062,0.5469185947807114,-0.016390142517767332,0.4099566052180088,5.080313835666393
0.6899999999999908,0.5386294935761218,0.022555241375018912,0.4098664539066793,0.5378871884005856,0.027605552874877728,0.4088389214125454,0.5469344368992451,-0.016465084397340554,0.4099731070336568,5.1045727753881645
0.6919999999999906,0.5386878041352703,0.022450838016741633,0.4098664539066793,0.5378950393953176,0.027517548298229746,0.40884129137428316,0.5469547649175354,-0.016541913037442478,0.4099939614035886,5.12835539032248
0.6939999999999904,0.538746114694419,0.022346434658464354,0.4098664539066793,0.5379036885431518,0.027428796129543503,0.40884314748320516,0.5469792801041539,-0.01662028617260607,0.4100184285474972,5.151706507852386
0.6959999999999902,0.5388044252535676,0.022242031300187075,0.4098664539066793,0.5379131957886647,0.02733934112261118,0.40884456841584144,0.5470076394204474,-0.016700071938923814,0.4100458792112946,5.174635966412754
0.69799999999999,0.5388627358127163,0.022137627941909797,0.4098664539066793,0.5379235814064397,0.027249213463535645,0.40884561370941364,0.5470394915760506,-0.01678119828168466,0.41007574788643164,5.197145133986897
0.6999999999999897,0.5389210463718649,0.02203322458363252,0.4098664539066793,0.5379349893873027,0.02715742823821541,0.40884625111136086,0.5470693259440769,-0.016866683281224325,0.4100918509702267,5.218215353015299
0.7019999999999895,0.5389793569310136,0.02192882122535524,0.4098664539066793,0.5379471164583186,0.027064003239703077,0.4088464140657613,0.5471004255569939,-0.016962652649178418,0.4100771383722724,5.237901747260169
0.7039999999999893,0.5390376674901621,0.02182441786707796,0.4098664539066793,0.5379598193912567,0.02696982389891749,0.4088460131533447,0.5471272868535035,-0.01706394119708015,0.410061111707417,5.257086622531976
0.7059999999999891,0.539117886090778,0.02170867529805421,0.4098664539066793,0.5379732853451156,0.026874962354148928,0.40884520557282716,0.5471499041229907,-0.017171159429601242,0.4100427199385258,5.291562416993956
0.7079999999999889,0.5392026099741151,0.021590600875207592,0.4098664539066793,0.5379878242628492,0.02677948386025197,0.40884419579802733,0.547168221502056,-0.0172848263608601,0.41002099763243616,5.329184830420015
0.7099999999999886,0.539287333857452,0.021472526452360967,0.4098664539066793,0.5380036226339147,0.02668343150600901,0.40884309581372186,0.5471820950977075,-0.01740525048091195,0.40999492036311624,5.366697865873427
0.7119999999999884,0.539372057740789,0.021354452029514352,0.40986645390667925,0.5380209902323462,0.026587932663543715,0.40884225578004946,0.5472004977166763,-0.01751753086692165,0.40998036719620684,5.405062715559393
0.7139999999999882,0.539456781624126,0.02123637760666773,0.4098664539066793,0.5380401330734655,0.02649335833841299,0.40884233961043803,0.5472207110649733,-0.017621569551144044,0.4099739877019845,5.444514627588888
0.715999999999988,0.5395415055074629,0.02111830318382111,0.4098664539066793,0.5380606305567222,0.026397500268867828,0.4088423476947464,0.5472421485985647,-0.01772535320146217,0.4099628256729049,5.482965664902279
0.7179999999999878,0.5396262293908001,0.021000228760974494,0.4098664539066793,0.5380823765935783,0.026300692134586218,0.408842228468108,0.5472659083024768,-0.01782926062501911,0.40994543416480167,5.520723995499951
0.7199999999999875,0.5397109532741371,0.020882154338127873,0.4098664539066793,0.538105557144481,0.026204966470334778,0.40884277250353507,0.5472908249083871,-0.01792582061162535,0.40993650883880817,5.559642589940798
0.7219999999999873,0.539795677157474,0.02076407991528125,0.4098664539066793,0.5381301199681023,0.026109919286114048,0.40884391335958004,0.5473171053088794,-0.018017411778708522,0.40993505440503697,5.59929275264418
0.7239999999999871,0.5398804010408109,0.02064600549243463,0.4098664539066793,0.5381559957203582,0.026015291550179207,0.40884554693255215,0.5473447549030678,-0.018105530314313414,0.4099399986431784,5.639397705349029
0.7259999999999869,0.5399651249241479,0.02052793106958801,0.4098664539066793,0.5381831267522925,0.025920897519367183,0.40884757438466,0.5473737324933726,-0.018191218372641257,0.4099503336337966,5.6797539218649105
0.7279999999999867,0.540049848807485,0.020409856646741394,0.4098664539066793,0.5382110661331048,0.02582579085568217,0.40884913440192866,0.5474073117485277,-0.018277632676442026,0.4099669810419194,5.719568609534791
0.7299999999999864,0.540134572690822,0.020291782223894772,0.4098664539066793,0.5382399610213736,0.02573001976184331,0.40885031395778504,0.5474451816990745,-0.018364683254418052,0.40998884370287675,5.75881766486512
0.7319999999999862,0.540219296574159,0.020173707801048154,0.4098664539066793,0.538269867692713,0.025633594165996965,0.40885117328118503,0.5474869975652152,-0.01845244448672097,0.4100150012022446,5.797467730136129
0.733999999999986,0.5403040204574959,0.020055633378201532,0.4098664539066793,0.5383004683153092,0.02553533114667521,0.40885154821560676,0.5475252932805055,-0.018546209979525583,0.41003479218208705,5.8344930217008955
0.7359999999999858,0.540388744340833,0.019937558955354914,0.4098664539066793,0.5383320587500187,0.02543582412048588,0.4088514350683402,0.5475610078214008,-0.01864716618337741,0.41004698274808227,5.870338614216029
0.7379999999999856,0.5405273687608922,0.019800029180318857,0.4098664539066793,0.5383648592888701,0.025334918548324235,0.40885107611083416,0.5475980260597988,-0.01875854749734881,0.41002833640601866,5.942343606073648
0.7399999999999853,0.5411157257842275,0.019500168810452613,0.4098664539066793,0.5383995183222637,0.0252333436206529,0.40885079378272604,0.5476367304364992,-0.01886960656804419,0.4100044679293683,6.344058352564449
0.7419999999999851,0.5417040828075628,0.01920030844058637,0.4098664539066793,0.538441018467092,0.025130836602423396,0.40885271204580065,0.5476820356323855,-0.018982529499851155,0.40997704318819733,6.768955101667749
0.7439999999999849,0.542292439830898,0.018900448070720124,0.4098664539066793,0.5384914687539439,0.025028560609627208,0.40885777243612953,0.5477332011822865,-0.019092510010574555,0.4099682288054821,7.211181901557594
0.7459999999999847,0.5428807968542333,0.018600587700853884,0.4098664539066793,0.538552109717016,0.024925817439816055,0.4088657348026751,0.5477916893105411,-0.019202700021360156,0.40997699855708314,7.664598070516312
0.7479999999999845,0.5434691538775686,0.018300727330987636,0.40986645390667925,0.5386239248409668,0.02481954889786615,0.4088760553506976,0.5478384742562965,-0.019291819429235975,0.40998334838539674,8.122270559266632
0.7499999999999842,0.5440575109009039,0.018000866961121395,0.4098664539066793,0.5387058343982688,0.024712720351938878,0.4088881171558671,0.5478949662108104,-0.019386792866611793,0.4100056182581297,8.584254034491588
0.751999999999984,0.5446458679242391,0.017701006591255147,0.4098664539066793,0.5387979734665966,0.02460398345074081,0.4089010251814732,0.5479669809424083,-0.019487633971901255,0.4100407095684637,9.047041456206538
0.7539999999999838,0.5452342249475743,0.017401146221388906,0.4098664539066793,0.5389002096036096,0.024492172120477156,0.4089144205343028,0.5480470854037277,-0.019601659702712607,0.4100753611733402,9.508017599853336
0.7559999999999836,0.5458225819709096,0.017101285851522662,0.4098664539066793,0.5390123942839742,0.02437717809868907,0.408928121525729,0.5481338586759967,-0.019728198005523168,0.41010798017029626,9.96580475042849
0.7579999999999834,0.5464109389942449,0.016801425481656418,0.4098664539066793,0.5391346692122551,0.02425832921494714,0.4089421592804457,0.5482259651755497,-0.019870146351648993,0.4101106600503262,10.418709863887328
0.7599999999999831,0.5469992960175802,0.016501565111790174,0.4098664539066793,0.5392666849594736,0.02413603580978166,0.4089562864120162,0.5483262017672578,-0.020014300519330674,0.41010878263376427,10.866389308985923
0.7619999999999829,0.5475876530409154,0.01620170474192393,0.4098664539066793,0.539408241404327,0.024009232531462185,0.40897074386992793,0.5484320939451672,-0.020144452373729412,0.41008732311668666,11.307531335582057
0.7639999999999827,0.5481760100642507,0.01590184437205769,0.4098664539066793,0.539558841158715,0.02387938595372577,0.40898480201510873,0.548546270734386,-0.020279499215721152,0.41006229707566905,11.742945526305308
0.7659999999999825,0.5487643670875859,0.015601984002191443,0.4098664539066793,0.5397178178216987,0.023747677255907797,0.4089984148792965,0.5486724144841247,-0.020415841614779228,0.4100618669090374,12.173428941911341
0.7679999999999823,0.5493527241109212,0.015302123632325198,0.4098664539066793,0.5398853360827283,0.02361354614693984,0.4090116896203872,0.548811087249916,-0.020555329231050124,0.4100830894352266,12.598062561077146
0.769999999999982,0.5499410811342564,0.015002263262458954,0.4098664539066793,0.5400613366250503,0.023476646643210728,0.40902463254667776,0.5489620357238723,-0.02069872727664824,0.41012278772839555,13.01631765328239
0.7719999999999818,0.5504412211898455,0.01473168998887486,0.4098664539066793,0.5402456835520022,0.02333674554112796,0.40903721472951654,0.5491247446107014,-0.020846368688247796,0.41017796929798495,13.341512986990699
0.7739999999999816,0.5508002140970404,0.014507976069342197,0.4098664539066793,0.540437596546501,0.02319225784568949,0.4090490485549131,0.5492904332197175,-0.021007979268814436,0.4102038461592577,13.520376935194669
0.7759999999999814,0.5511592070042352,0.014284262149809532,0.4098664539066793,0.5406347204391228,0.023043751042213536,0.4090593472990742,0.5494573897419424,-0.021180753662911007,0.410199418680654,13.692825242271244
0.7779999999999812,0.5515181999114301,0.014060548230276871,0.4098664539066793,0.5408360265331176,0.022891124821236203,0.40906832619178013,0.5496243462641672,-0.02135352805700758,0.41015575120205033,13.859578312962071
0.7799999999999809,0.551877192818625,0.013836834310744204,0.40986645390667925,0.5410409142406317,0.022735004730694373,0.4090760128295675,0.5497913027863921,-0.02152630245110415,0.41007284372344666,14.021496719050809
0.7819999999999807,0.55223618572582,0.013613120391211543,0.4098664539066793,0.5412491021062147,0.02257584597322127,0.40908254930286114,0.5499444698850763,-0.021664455057058694,0.4099991074565257,14.179085172274378
0.7839999999999805,0.5525951786330148,0.01338940647167888,0.4098664539066793,0.5414604418910299,0.022414016052573503,0.40908809681447045,0.5500853321793672,-0.021771411599154446,0.40992963205785676,14.33268782890642
0.7859999999999803,0.5529541715402098,0.013165692552146217,0.4098664539066793,0.5416743719049968,0.022254198500100464,0.4090934858587286,0.5502258581763475,-0.021891101174369102,0.40989936804656324,14.485676379670727
0.78799999999998,0.5533131644474045,0.012941978632613552,0.4098664539066793,0.5418914055210479,0.0220955596349701,0.409099248258033,0.5503684844488362,-0.022024908414131062,0.4099036658251497,14.637097462902638
0.7899999999999798,0.5536721573545995,0.01271826471308089,0.4098664539066793,0.5421115887851642,0.021937376206717304,0.4091054540838428,0.5505142845244387,-0.02217229150831668,0.4099372089500188,14.786438461668684
0.7919999999999796,0.5540311502617944,0.012494550793548225,0.4098664539066793,0.5423348695966094,0.021779138306067987,0.4091120605646861,0.5506636894761342,-0.02233205970740565,0.4099950251093735,14.933403720398736
0.7939999999999794,0.5543901431689893,0.012270836874015562,0.4098664539066793,0.5425607253785544,0.02161685982831039,0.4091175891545139,0.550815299148797,-0.02251206896069229,0.41002687723783143,15.075916898247462
0.7959999999999792,0.5547491360761841,0.0120471229544829,0.4098664539066793,0.5427893514360481,0.02145105896195883,0.4091219365117117,0.5509718042566222,-0.02270339788190646,0.41002523319701256,15.214153314303626
0.797999999999979,0.5551081289833791,0.011823409034950235,0.4098664539066793,0.5430203830624887,0.021284533690872152,0.40912533004536333,0.551139925237612,-0.022891190068358547,0.41004592017999303,15.350129680328356
0.7999999999999787,0.555467121890574,0.011599695115417571,0.4098664539066793,0.543253982537581,0.02111691908555773,0.4091280090090569,0.5513193317931818,-0.023077603133108106,0.41008586269672975,15.483485555695728
0.8019999999999785,0.5558261147977689,0.01137598119588491,0.4098664539066793,0.5434903659446737,0.020946076995891724,0.40913000257222465,0.5515014835730201,-0.023275300381165227,0.4100941983535195,15.612733053118767
0.8039999999999783,0.5561851077049639,0.011152267276352245,0.4098664539066793,0.5437293696869959,0.02077268839362252,0.4091313546286285,0.551684836229921,-0.02348272496495637,0.41007092853184723,15.738421523325396
0.8059999999999781,0.5564982918340959,0.01095144075692488,0.40986645390667936,0.5439704243135788,0.02059795855637116,0.40913185204805236,0.5518664865037164,-0.02369467237160836,0.41005738222345667,15.81147590412301
0.8079999999999778,0.5567881088592666,0.01076228912340982,0.4098664539066793,0.5442139051994137,0.020421631921526885,0.40913186377148225,0.5520449555984253,-0.023903160297145468,0.4100369183188805,15.856024122427183
0.8099999999999776,0.5570779258844375,0.01057313748989476,0.4098664539066793,0.5444584490209614,0.020245481129233134,0.4091311670235467,0.5522313582949505,-0.024104276577043744,0.4100423170894641,15.8998562190121
0.8119999999999774,0.5573677429096082,0.0103839858563797,0.40986645390667925,0.5447044773987015,0.0200676212706308,0.40912993809977705,0.5524126510355069,-0.02430498507602223,0.4100367278089666,15.94148952375081
0.8139999999999772,0.5576575599347791,0.010194834222864642,0.4098664539066793,0.5449511393899775,0.019890023158389763,0.40912812699446044,0.5526017770354796,-0.024500092640484018,0.41005415055764793,15.982797363317951
0.815999999999977,0.5579473769599499,0.010005682589349581,0.4098664539066793,0.5451987975650788,0.01971038132652437,0.4091258121302101,0.5527919381253701,-0.024705667055783448,0.4100407266092075,16.022092689990686
0.8179999999999767,0.5582371939851206,0.009816530955834523,0.4098664539066793,0.5454474784144379,0.019528809817274784,0.4091233425799063,0.5529674832331203,-0.024895262811782944,0.41001865730220716,16.05942667287174
0.8199999999999765,0.5585270110102913,0.009627379322319461,0.4098664539066793,0.545697085591055,0.019345852272990814,0.40912068806170476,0.5531296710959509,-0.02507071257062661,0.40998485123728234,16.095207446817742
0.8219999999999763,0.5588168280354622,0.009438227688804403,0.4098664539066793,0.5459478680189547,0.01916549732953508,0.409119101756544,0.5532860680577144,-0.02525133497136215,0.4099635003915622,16.131643021402052
0.8239999999999761,0.559106645060633,0.009249076055289344,0.4098664539066793,0.5461997921128728,0.018986816356141824,0.4091185614107021,0.5534392817964731,-0.02543795453753659,0.40995167833292745,16.1681922051277
0.8259999999999759,0.5593964620858038,0.009059924421774283,0.4098664539066793,0.5464527793996423,0.01880927445795911,0.4091189252354328,0.5535910235756643,-0.02563008207266611,0.40994666155024423,16.204590325216333
0.8279999999999756,0.5596862791109747,0.008870772788259224,0.4098664539066793,0.5467063036266373,0.018633481661223594,0.4091198151173405,0.5537440524145867,-0.025825778091984587,0.40997282724819056,16.24162085853061
0.8299999999999754,0.5599760961361454,0.008681621154744166,0.4098664539066793,0.5469604688205646,0.018458516046054453,0.40912101437255927,0.5538999759556238,-0.026026081624330778,0.4100256188429216,16.27864331367398
0.8319999999999752,0.5602659131613161,0.008492469521229104,0.4098664539066793,0.5472147467879723,0.0182808113402581,0.4091208628711255,0.5540627251535748,-0.02622971261523004,0.4100777523985718,16.313938190113753
0.833999999999975,0.560555730186487,0.008303317887714046,0.4098664539066793,0.5474700454229594,0.018100184251920365,0.40912006909030485,0.5542254743515258,-0.0264333436061293,0.41009064595422196,16.346673554229145
0.8359999999999748,0.5608455472116578,0.008114166254198998,0.4098664539066793,0.547726124165288,0.017917534303648668,0.40911864110980184,0.5543904635394591,-0.02662168805361424,0.41008182604326876,16.377584870260634
0.8379999999999745,0.5611353642368285,0.007925014620683938,0.4098664539066793,0.5479829082338854,0.017733334567055267,0.40911665545963505,0.5545586270642975,-0.026796057892299798,0.41005091507802,16.40701798255065
0.8399999999999743,0.5614148269052287,0.0077344439044410435,0.4098664539066793,0.5482403671478864,0.0175479007452073,0.40911419391163883,0.5547157642331605,-0.026939399775708122,0.4100228184240238,16.42773036859975
0.8419999999999741,0.5616936263052238,0.007543782286101704,0.4098664539066793,0.54849790727775,0.017364508200117458,0.40911091837202285,0.5548843369045479,-0.027087076014871158,0.41002042108151626,16.4491233240636
0.8439999999999739,0.5619724257052187,0.007353120667762363,0.4098664539066793,0.5487555387681055,0.01718080524662344,0.4091067919890094,0.555057731584371,-0.02724579876707776,0.41002656244871355,16.470260607835492
0.8459999999999737,0.5622512251052137,0.007162459049423024,0.4098664539066793,0.5490136613216338,0.016996390504091855,0.40910256947772733,0.5552280033057763,-0.027424944404263088,0.41001384118344036,16.490582245011044
0.8479999999999734,0.5625300245052087,0.0069717974310836844,0.4098664539066793,0.5492724431222801,0.016810865708730808,0.40909825184725246,0.5553982387591715,-0.027612491125360464,0.40997227410812065,16.509716190691417
0.8499999999999732,0.5628088239052036,0.006781135812744344,0.4098664539066793,0.5495319822967167,0.016628979454099194,0.40909520270370553,0.555565707090102,-0.02780383678919708,0.40996860104144695,16.530412804325877
0.851999999999973,0.5630876233051987,0.006590474194405004,0.4098664539066793,0.5497922819965154,0.016449508923224596,0.40909341121349463,0.5557327288462163,-0.028000476092034057,0.4099972358802607,16.551938445343804
0.8539999999999728,0.5633664227051937,0.006399812576065665,0.4098664539066793,0.550052785814053,0.016269655211245352,0.409091181325687,0.5559120158193409,-0.028196563004128566,0.4100446159087476,16.573072162769076
0.8559999999999726,0.5636452221051886,0.006209150957726325,0.4098664539066793,0.5503132641227655,0.016087877746635202,0.4090881409289216,0.5560954256611041,-0.02839752857999734,0.4100923967259043,16.593081287542773
0.8579999999999723,0.5639240215051836,0.006018489339386986,0.4098664539066793,0.5505743575210398,0.015904118746816073,0.409084678513186,0.5562802426961162,-0.028607632622299827,0.41010761758577247,16.611417677927847
0.8599999999999721,0.5642028209051786,0.005827827721047646,0.4098664539066793,0.5508358970241392,0.01571893940913567,0.40908081054648415,0.5564657183676183,-0.02882619332309324,0.4100903734260341,16.628552085726945
0.8619999999999719,0.5644816203051736,0.005637166102708306,0.4098664539066793,0.5510980488975533,0.015533168380526239,0.4090766738676661,0.5566478834571383,-0.029040578632649465,0.41006565440501674,16.64484438814158
0.8639999999999717,0.5647604197051685,0.005446504484368966,0.4098664539066793,0.5513606135635896,0.015346827541227091,0.40907227388509465,0.5568281227811269,-0.029252536809092358,0.41003312667322644,16.660468218572202
0.8659999999999715,0.5650392191051636,0.005255842866029627,0.4098664539066793,0.551623508888311,0.015159971138300986,0.40906762939325425,0.5570078307417256,-0.02946339725204984,0.40999232877410113,16.675522104455037
0.8679999999999712,0.5653180185051585,0.005065181247690286,0.4098664539066793,0.5518862965801972,0.014974546040955924,0.40906279686294006,0.5571958255194304,-0.02966624236492943,0.4099810983022609,16.69151474478873
0.869999999999971,0.5655968179051536,0.004874519629350946,0.4098664539066793,0.5521492912795262,0.014789937781369656,0.4090579232793271,0.5573924648578277,-0.029864269939935014,0.4099953236759307,16.707827191958284
0.8719999999999708,0.5658695872417864,0.004683582150134607,0.4098664539066793,0.5524122111889526,0.014604756870502163,0.4090529722004459,0.5575774236679132,-0.030076565098277268,0.4100246215654026,16.719170974047884
0.8739999999999706,0.5661206483503154,0.004491651571761066,0.4098664539066793,0.5526754102762672,0.014418751877700788,0.40904775201302407,0.557764107676769,-0.030291299106674493,0.4100559134252497,16.71292156841596
0.8759999999999704,0.5663717094588443,0.004299720993387525,0.4098664539066793,0.5529390712999079,0.014230992052250847,0.40904266944598977,0.5579398652893803,-0.030493084101608333,0.4100718406948047,16.705266018640035
0.8779999999999701,0.5666227705673733,0.004107790415013984,0.4098664539066793,0.5532027664126048,0.014042034291909072,0.4090375489664815,0.5581156229019917,-0.030694869096542173,0.41004852796435964,16.6968773403781
0.8799999999999699,0.5668738316759023,0.0039158598366404425,0.4098664539066793,0.5534663391090632,0.01385216347924836,0.4090323477921127,0.5582830895363988,-0.030891306192021694,0.40999961411157315,16.68804922715506
0.8819999999999697,0.5671248927844313,0.003723929258266902,0.4098664539066793,0.5537297306798099,0.013661571116850214,0.4090270651835739,0.558449569102695,-0.03107298849955002,0.40993690650261316,16.678941618656545
0.8839999999999695,0.5673759538929602,0.003531998679893361,0.4098664539066793,0.5539933605653946,0.0134741053740206,0.40902304158059444,0.5586121931253479,-0.031258353646931254,0.4098884044377629,16.671511319865814
0.8859999999999693,0.5676270150014893,0.0033400681015198193,0.4098664539066793,0.5542571390311588,0.013288766643804472,0.4090202308927021,0.558773146003449,-0.031448369503814244,0.4098507819744209,16.66523885659238
0.887999999999969,0.5678780761100183,0.003148137523146279,0.4098664539066793,0.5545205122975173,0.01310615766299741,0.4090182715173841,0.5589324163135506,-0.031641513385609,0.40985053749635086,16.660932630279625
0.8899999999999688,0.5681291372185472,0.0029562069447727378,0.4098664539066793,0.5547837356663083,0.012925457962856279,0.4090171604554224,0.5590917161725452,-0.031838684764579836,0.4098821577927138,16.65790228246218
0.8919999999999686,0.5683801983270762,0.002764276366399197,0.4098664539066793,0.5550465767622289,0.012740931983164581,0.40901527036270535,0.5592316146435677,-0.03200971056351736,0.40992008505708205,16.6529012886673
0.8939999999999684,0.5686312594356051,0.0025723457880256558,0.4098664539066793,0.5553091088990845,0.01255877703649308,0.4090137869481818,0.5593752076707971,-0.03218805730334043,0.4099816233774334,16.649579694337145
0.8959999999999682,0.5688823205441341,0.0023804152096521146,0.4098664539066793,0.5555711384389622,0.012376297193441722,0.40901159149793487,0.5595337719930291,-0.0323679681455459,0.41005525273313664,16.646477875842034
0.8979999999999679,0.5691333816526631,0.0021884846312785738,0.4098664539066793,0.5558325082854737,0.01219193413889725,0.4090084027981675,0.5597000643212461,-0.03255408912781753,0.41012500085456044,16.64278325225338
0.8999999999999677,0.569384442761192,0.001996554052905033,0.4098664539066793,0.5560935037417755,0.012006150482471268,0.40900441557008127,0.5598718390150152,-0.03274518938377258,0.41018930490897315,16.63854202448746
0.9019999999999675,0.5696355038697212,0.0018046234745314913,0.4098664539066793,0.5563545637630253,0.011818654291773586,0.4089999604080955,0.5600457394453703,-0.0329459024631578,0.4102205407060628,16.633225283339304
0.9039999999999673,0.5698865649782501,0.0016126928961579506,0.4098664539066793,0.5566155226172357,0.011629854513144699,0.4089950637521246,0.5602203138185038,-0.033155242620551695,0.41021924443593183,16.627209393300824
0.905999999999967,0.5701225280509872,0.0014208463692691603,0.4098664539066793,0.5568763025123549,0.011440037383879671,0.40898977641174605,0.5603953696506965,-0.03337324848394836,0.4101856235498566,16.608632683263448
0.9079999999999668,0.5703430870466664,0.0012290855976114328,0.4098664539066793,0.5571369493203944,0.011249917366924319,0.4089841624982302,0.5605684449414338,-0.033586630047311966,0.41014765148935856,16.577670011015872
0.9099999999999666,0.5705636460423456,0.0010373248259537057,0.4098664539066793,0.5573969159441784,0.011058461643933842,0.40897835971322727,0.5607463728719505,-0.033783386894315516,0.41009191678499995,16.54647891856929
0.9119999999999664,0.5707842050380246,0.0008455640542959781,0.4098664539066793,0.5576561550117229,0.010866075653767675,0.40897234914705216,0.5609297185795366,-0.03396506774108094,0.41001743585794886,16.51533681788617
0.9139999999999662,0.5710047640337037,0.0006538032826382507,0.4098664539066793,0.5579147777066572,0.010674260764646015,0.40896584682476855,0.5611125738252736,-0.034151585123268983,0.4099407868614447,16.485063244979976
0.915999999999966,0.5712253230293829,0.0004620425109805235,0.4098664539066793,0.558172526262659,0.01048573834711269,0.4089602673116828,0.5612927820957209,-0.034335188611868704,0.4099028255994379,16.45752051946741
0.9179999999999657,0.5714458820250621,0.00027028173932279584,0.40986645390667925,0.5584294524469393,0.010298364263451279,0.40895444402525405,0.5614809834834525,-0.03451720845207498,0.40989450791558085,16.43136872183691
0.9199999999999655,0.5716664410207413,7.852096766506873e-05,0.4098664539066793,0.5586859304582512,0.010113314888774875,0.4089498795374049,0.5616638311196281,-0.034704380759573245,0.40991927550135643,16.407033354694512
0.9219999999999653,0.5718870000164203,-0.00011323980399265859,0.4098664539066793,0.558941950486353,0.00992984832598259,0.40894638574778464,0.561843093816916,-0.03489725926844836,0.4099714278111325,16.384075394185267
0.9239999999999651,0.5721075590120995,-0.0003050005756503859,0.4098664539066793,0.5591966873628509,0.00974457747711404,0.40894229071764077,0.5620126698225842,-0.03510680339401461,0.4100302137091082,16.361070435090024
0.9259999999999649,0.5723281180077786,-0.0004967613473081132,0.4098664539066793,0.5594504616388548,0.009557899133944555,0.408937618089902,0.5621737055051624,-0.03532910139107908,0.41009307411536117,16.33799960060434
0.9279999999999646,0.5725486770034578,-0.0006885221189658408,0.4098664539066793,0.5597039530014097,0.009368796951265183,0.4089327189655839,0.5623347411877406,-0.03555139938814355,0.41011669452161414,16.313693682585257
0.9299999999999644,0.572769235999137,-0.000880282890623568,0.4098664539066793,0.5599568968317119,0.00917802783376426,0.40892753017812544,0.5624957768703188,-0.03577369738520802,0.4101010749278671,16.28881977214648
0.9319999999999642,0.5729897949948161,-0.0010720436622812955,0.4098664539066793,0.5602092216296308,0.008985995143244815,0.40892207287937776,0.562656812552897,-0.03599599538227249,0.4100462153341201,16.263677325757275
0.933999999999964,0.5732103539904952,-0.0012638044339390226,0.4098664539066793,0.5604609129578818,0.00879297148145429,0.4089163865140713,0.5628178529786048,-0.036201582368835215,0.409979964807481,16.23844168805992
0.9359999999999637,0.5734309129861744,-0.0014555652055967502,0.4098664539066793,0.5607119739992288,0.008599163076110708,0.40891051084908847,0.5629812021541911,-0.0363918972827225,0.4099009146393659,16.213234401951198
0.9379999999999635,0.5736514719818535,-0.0016473259772544775,0.4098664539066793,0.5609624135792609,0.008404732426094696,0.40890448134372875,0.5631175456108247,-0.03654979818032608,0.40984204420648723,16.188146320340344
0.9399999999999633,0.5738677618271513,-0.0018640563016706947,0.40986645390667925,0.561212242316552,0.00820980918394126,0.4088983283111015,0.5632295420514427,-0.036679065668621176,0.4097973157337079,16.175442494885978
0.9419999999999631,0.5740827949528562,-0.002088136970621883,0.4098664539066793,0.5614614686717584,0.008019813230947602,0.40889327075085324,0.563345081738457,-0.036818990417176116,0.40978751566433813,16.1699886942242
0.9439999999999629,0.5742978280785612,-0.0023122176395730712,0.4098664539066793,0.5617103366256553,0.00783312911278387,0.4088894943477658,0.5634658317894451,-0.036970870197532646,0.40980848307015755,16.167034415827153
0.9459999999999626,0.5745128612042661,-0.0025362983085242593,0.4098664539066793,0.5619588735841742,0.007648697105989186,0.40888692607632005,0.5635920785905006,-0.03713413169843109,0.40985544734165497,16.165912803151027
0.9479999999999624,0.5747278943299712,-0.0027603789774754478,0.40986645390667936,0.5622070490086678,0.007465729035522794,0.40888540852383914,0.5637236194034072,-0.03730764753270266,0.4099238310882261,16.16616381995158
0.9499999999999622,0.5749429274556761,-0.0029844596464266362,0.4098664539066793,0.5624548214077019,0.007283606410884706,0.40888476251043404,0.5638600884918537,-0.037490149314299066,0.4100095199746647,16.167435579669398
0.951999999999962,0.575157960581381,-0.003208540315377824,0.4098664539066793,0.5627016161455811,0.007099744677335203,0.40888325536663905,0.5640088790171809,-0.03767671462638092,0.4101030958423034,16.168526716874233
0.9539999999999618,0.5753729937070862,-0.0034326209843290123,0.4098664539066793,0.5629474177846785,0.006911876708063959,0.4088806155156671,0.5641615445907562,-0.037873870320429534,0.4101624404640114,16.167979759742426
0.9559999999999615,0.5755880268327911,-0.003656701653280201,0.4098664539066793,0.5631924425686917,0.006721111541972875,0.4088770303504654,0.5643161233649437,-0.03807980143492227,0.4101879530533485,16.16630804989057
0.9579999999999613,0.575803059958496,-0.003880782322231389,0.4098664539066793,0.5634367865034483,0.006528026748789613,0.4088726672755744,0.5644713058010653,-0.038293799120645726,0.4101803134156423,16.16378747206194
0.9599999999999611,0.5760180930842009,-0.004104862991182578,0.4098664539066793,0.5636804835778337,0.006333018821009569,0.40886766422650345,0.5646267228510795,-0.03851593668686162,0.41013992913290565,16.16063071346208
0.9619999999999609,0.576233126209906,-0.004328943660133753,0.4098664539066793,0.5639235537283283,0.006136385967077693,0.4088621380245049,0.5647823764319468,-0.03874652044430042,0.4100670335808565,16.15700154377058
0.9639999999999607,0.5764481593356109,-0.004553024329084941,0.4098664539066793,0.5641659507613679,0.005940999063765454,0.40885636900823125,0.5649445439329727,-0.0389653115267718,0.4100282325906501,16.154787972328812
0.9659999999999604,0.5766631924613159,-0.00477710499803613,0.4098664539066793,0.564407859279892,0.005746190325353343,0.4088505489793751,0.5651129260270049,-0.03917659203531449,0.4100190064488209,16.15341870475042
0.9679999999999602,0.5768782255870208,-0.005001185666987318,0.4098664539066793,0.5646493189728377,0.005551548482545431,0.40884474188398845,0.5652868331811751,-0.039382858352912484,0.41003457423225886,16.15259592168169
0.96999999999996,0.5770932587127259,-0.005225266335938506,0.4098664539066793,0.5648903287719721,0.005356780615160109,0.40883896233730593,0.5654655088215064,-0.03958579313690971,0.41007044666626635,16.152127315440545
0.9719999999999598,0.5772938455829812,-0.005445199196340784,0.4098664539066793,0.5651309733576315,0.005159746989522013,0.40883300950818047,0.5656359983367432,-0.0397910048089682,0.41009233177818444,16.136924873569615
0.9739999999999596,0.5772209166833914,-0.005586600214883831,0.4098664539066793,0.5653706754631915,0.0049605969629392364,0.40882664177052064,0.5658067184389881,-0.04000659336946175,0.4100832679060299,15.86416040276958
0.9759999999999593,0.5771479877838017,-0.005728001233426878,0.4098664539066793,0.5656065598694012,0.004759365306057164,0.40881878514468906,0.5659774385412331,-0.0402221819299553,0.41003496403387535,15.594531581191928
0.9779999999999591,0.577075058884212,-0.005869402251969924,0.4098664539066793,0.5658371747022166,0.004556637465917737,0.40880914771680915,0.566148158643478,-0.04043777049044885,0.40994742016172075,15.329460038987415
0.9799999999999589,0.5770021299846222,-0.006010803270512972,0.4098664539066793,0.5660619653849153,0.004352878447106884,0.40879787793071387,0.5662913540358713,-0.04061824039289717,0.4098832796574631,15.0696084956713
0.9819999999999587,0.5769292010850324,-0.006152204289056018,0.4098664539066793,0.5662814235011974,0.004153934025603011,0.40878703894254814,0.5664266787396486,-0.04079615880582766,0.409852923832854,14.818625254580914
0.9839999999999585,0.5768562721854427,-0.006293605307599065,0.4098664539066793,0.5664954676977736,0.003958574924292059,0.4087768608704126,0.5665567183136271,-0.04097405230949089,0.4098510716502287,14.575783654365988
0.9859999999999582,0.5767833432858529,-0.0064350063261421125,0.4098664539066793,0.5667040685370001,0.003766064479901639,0.40876735942603076,0.566682873831345,-0.041152620536750624,0.40987249461952324,14.340628474818688
0.987999999999958,0.5767104143862631,-0.006576407344685159,0.4098664539066793,0.5669072449087432,0.003575884188985478,0.4087584811998995,0.5668060393898023,-0.04133192824595095,0.4099125086978033,14.112801110680278
0.9899999999999578,0.5766374854866734,-0.006717808363228207,0.4098664539066793,0.5671050470857106,0.00338763730575602,0.40875015202188,0.5669268473152543,-0.0415118006823795,0.40996707638248014,13.891991003342218
0.9919999999999576,0.5765645565870836,-0.006859209381771253,0.4098664539066793,0.5672975440306196,0.003201012181791616,0.40874229547930657,0.5670457741752502,-0.04169195756370435,0.4100327895591242,13.677923074415826
0.9939999999999574,0.5764916276874938,-0.0070006104003143,0.4098664539066793,0.5674837596132164,0.003010696852262393,0.40873247317068,0.5671644883195074,-0.041879937219954,0.4100638005671269,13.467292235229827
0.9959999999999571,0.5764186987879041,-0.007142011418857347,0.4098664539066793,0.5676642542625173,0.002818320573698508,0.4087210958835491,0.5672832779583934,-0.042073873618131835,0.4100603354671746,13.260788526705566
0.9979999999999569,0.5763457698883143,-0.007283412437400394,0.4098664539066793,0.5678393696808828,0.0026247578355165814,0.40870852459870066,0.5674021452812232,-0.04227419489341598,0.41002272901632913,13.058739703589586
0.9999999999999567,0.5762728409887246,-0.007424813455943441,0.4098664539066793,0.5680097394359762,0.0024335707530049773,0.4086955499755339,0.5675216900167359,-0.04246579204580383,0.41000765980004333,12.863381611468876
1.0019999999999565,0.5761999120891348,-0.007566214474486487,0.4098664539066793,0.5681753148791789,0.002244059142627843,0.40868232613251765,0.5676411124056141,-0.042652737501325165,0.4100133184881676,12.674211171693516
1.0039999999999563,0.5761269831895449,-0.007707615493029535,0.4098664539066793,0.5683361161350018,0.0020558231528715783,0.4086689306500697,0.5677598277800331,-0.042837107165503846,0.4100369765721398,12.490890426780666
1.005999999999956,0.5760513730013558,-0.007854029288353442,0.4098664539066793,0.5684922222631844,0.0018666431377000574,0.4086551644408592,0.5678681085229145,-0.04302456865137374,0.41004815669016753,12.313904023380791
1.0079999999999558,0.5759702634355293,-0.008010724391156467,0.4098664539066793,0.5686432239477806,0.001676516594849433,0.4086408789636269,0.5679764819271813,-0.043221545734571654,0.41002770547198575,12.146116481245414
1.0099999999999556,0.5758891538697025,-0.008167419493959492,0.4098664539066793,0.5687891649371287,0.0014868091880120386,0.40862642499441293,0.568073422515513,-0.04342256603105146,0.4100122904105662,11.98390480129378
1.0119999999999554,0.5758080443038758,-0.008324114596762517,0.4098664539066793,0.5689304928394273,0.00129655538527184,0.40861189036944084,0.5681659181232698,-0.043628920161834346,0.40997237206553433,11.82615766212146
1.0139999999999552,0.5757269347380491,-0.008480809699565542,0.4098664539066793,0.5690682084722556,0.0011104476674133404,0.40859918168789655,0.5682550678525523,-0.04382242234913654,0.40995598840502434,11.676080393796356
1.015999999999955,0.5756458251722225,-0.008637504802368566,0.4098664539066793,0.5692021163727006,0.0009272255612671927,0.40858785585619006,0.568343298368674,-0.044006259642953995,0.4099569074352216,11.532798880674731
1.0179999999999547,0.5755647156063959,-0.008794199905171591,0.4098664539066793,0.5693320977270359,0.00074639286638091,0.40857773596638325,0.5684304967712029,-0.04418274414924775,0.40997189563276176,11.395983330222894
1.0199999999999545,0.5754836060405693,-0.008950895007974616,0.4098664539066793,0.5694580941184874,0.0005675362540958594,0.4085686494588019,0.5685160935768748,-0.04435365951092389,0.4099984287698051,11.265315246983175
1.0219999999999543,0.5754024964747425,-0.009107590110777641,0.4098664539066793,0.5695793630638382,0.0003886686401262836,0.4085590301708022,0.568600261101923,-0.044525394437760366,0.4100391599064578,11.139470947280659
1.023999999999954,0.5753213869089158,-0.009264285213580666,0.4098664539066793,0.5696962279393165,0.00020788897810407672,0.40854874047385276,0.5686754283029152,-0.04470163317249463,0.41006627348202845,11.016555602858883
1.0259999999999538,0.5752402773430891,-0.009420980316383692,0.4098664539066793,0.569808457354141,2.5317824480685508e-05,0.4085377142092481,0.5687506519174612,-0.04488654532229666,0.4100610715445909,10.896660816894068
1.0279999999999536,0.5751591677772625,-0.009577675419186716,0.4098664539066793,0.5699164821506012,-0.00015834293148003775,0.40852618361633697,0.568825927727444,-0.04508009167457591,0.41002352313643703,10.7800545960569
1.0299999999999534,0.5750780582114359,-0.00973437052198974,0.4098664539066793,0.570020267387204,-0.0003420945210696365,0.40851414031063404,0.5688982530627044,-0.04527161727552553,0.4099895646968784,10.66752532217026
1.0319999999999532,0.5749969486456091,-0.009891065624792765,0.4098664539066793,0.5701207841380403,-0.0005237794553062947,0.4085024105931049,0.5689693064041133,-0.045455130208972336,0.40997769792278216,10.560446509780068
1.033999999999953,0.5749158390797825,-0.01004776072759579,0.4098664539066793,0.5702178137909422,-0.0007040561123169212,0.4084909778042119,0.5690384344262929,-0.04563415087903271,0.4099854931814686,10.458310453996237
1.0359999999999527,0.5748347295139559,-0.010204455830398815,0.4098664539066793,0.5703120333007582,-0.000881384505718296,0.40848152153724104,0.5691055003626243,-0.04580510795620517,0.4100058677800053,10.36216386484757
1.0379999999999525,0.5747536199481292,-0.01036115093320184,0.4098664539066793,0.5704023409275626,-0.0010609103802191322,0.4084719618193363,0.569165244925341,-0.045979503067121674,0.4099942147104702,10.267818826711325
1.0399999999999523,0.5746487705507062,-0.010523337545246031,0.40986645390667936,0.5704890837291374,-0.0012410408752916574,0.40846214448406776,0.5692208072898387,-0.0461547326761149,0.4099764340282997,10.171726791581595
1.041999999999952,0.574528444356994,-0.0106891042572375,0.40986645390667936,0.570572721970641,-0.001417721216243159,0.4084538240523139,0.5692746208186311,-0.04632064101039256,0.4099741022429355,10.079994200927487
1.0439999999999519,0.5744081181632819,-0.01085487096922897,0.4098664539066793,0.5706515796309781,-0.0015955960648715815,0.40844498022632747,0.5693223535740576,-0.04649277488760426,0.40996881115577866,9.992284698663525
1.0459999999999516,0.5742877919695696,-0.011020637681220441,0.4098664539066793,0.5707272257898225,-0.0017708597719613452,0.40843724782276675,0.5693691820978235,-0.0466579675524984,0.4099784200657337,9.911408723838221
1.0479999999999514,0.5741674657758573,-0.011186404393211908,0.4098664539066793,0.5707994043151281,-0.001944173917830621,0.4084305110490424,0.5694147643812433,-0.046819034063950035,0.41000072658173925,9.83680141932915
1.0499999999999512,0.5740471395821451,-0.011352171105203378,0.4098664539066793,0.5708674467351464,-0.0021175495938637635,0.4084232701413203,0.5694572426254922,-0.046981991636517166,0.4100370851975446,9.766712909620672
1.051999999999951,0.5739268133884328,-0.011517937817194847,0.4098664539066793,0.5709310415892573,-0.002293651469894919,0.40841514139474755,0.5694993264742111,-0.04715518116150465,0.4100419753820093,9.698562124857409
1.0539999999999508,0.5738064871947206,-0.011683704529186318,0.4098664539066793,0.570991025914948,-0.002470724873309127,0.40840652250728415,0.5695356236211014,-0.047330812189439034,0.4100404285975725,9.633577547178714
1.0559999999999505,0.5736861610010084,-0.011849471241177786,0.4098664539066793,0.5710469410079732,-0.002649218207577894,0.4083973633593152,0.5695719288471593,-0.04751590678465318,0.41000721176742944,9.571318511777843
1.0579999999999503,0.5735658348072962,-0.012015237953169255,0.4098664539066793,0.5710994838282206,-0.0028279696249327926,0.4083879791404615,0.5696060005563497,-0.04770318569053277,0.40997101789514045,9.512559407804176
1.05999999999995,0.5734455086135839,-0.012181004665160726,0.4098664539066793,0.5711491396778947,-0.0030035029180489267,0.4083800348179605,0.5696406428608094,-0.04787895243066387,0.40995366200830824,9.46043596284222
1.0619999999999499,0.5733251824198716,-0.012346771377152194,0.4098664539066793,0.571194626197248,-0.0031802140276141824,0.4083719112102207,0.5696703990328859,-0.04805697529758704,0.4099345946748641,9.410900247060823
1.0639999999999497,0.5732048562261595,-0.012512538089143665,0.4098664539066793,0.5712376238330896,-0.0033541427921616983,0.4083651874374855,0.5696994149648549,-0.04822609357124078,0.4099322976750108,9.36729457763151
1.0659999999999494,0.5730845300324472,-0.012678304801135132,0.4098664539066793,0.5712778498334251,-0.0035259857644932696,0.40835970195773197,0.5697273407352088,-0.04838956905392511,0.40994432830430866,9.32893547464101
1.0679999999999492,0.5729642038387349,-0.012844071513126602,0.4098664539066793,0.5713151784251653,-0.0036962121864700832,0.4083552720162963,0.5697539872427569,-0.04854925654764062,0.40996817842464245,9.295300698465597
1.069999999999949,0.5728438776450228,-0.013009838225118071,0.4098664539066793,0.5713495582765249,-0.003865177555032878,0.4083517323713995,0.5697791575017312,-0.04870641195764893,0.410001705973023,9.265948906942604
1.0719999999999488,0.5727235514513106,-0.013175604937109541,0.4098664539066793,0.5713803386926933,-0.004034786333975519,0.40834758368180174,0.5698001744215621,-0.04886688540737538,0.41004802118917827,9.238981829742562
1.0739999999999486,0.5726277583682934,-0.013363512262927943,0.4098664539066793,0.5714073169282887,-0.004207493222491636,0.4083424705176323,0.5698204906558823,-0.049038073274939836,0.4100629687627897,9.236999619861031
1.0759999999999483,0.5725352177810125,-0.013554354897397643,0.4098664539066793,0.5714312153571066,-0.004382264824984015,0.4083367427103798,0.5698407996423801,-0.04921883418566974,0.4100463312217185,9.238293005120513
1.077999999999948,0.5724426771937314,-0.013745197531867342,0.4098664539066793,0.5714528468166199,-0.004557846294118286,0.40833078327429717,0.5698575684492068,-0.04940135628666581,0.4100272502104343,9.240518759313348
1.079999999999948,0.5723501366064504,-0.013936040166337043,0.4098664539066793,0.5714721201946111,-0.004734238880244674,0.4083246545897609,0.5698719565756167,-0.04958682333172286,0.4100046332617499,9.243595606050185
1.0819999999999477,0.5722575960191694,-0.014126882800806744,0.4098664539066793,0.5714884668980149,-0.004911452770262038,0.4083181440461978,0.569886102465029,-0.049771323545881034,0.4099831522825295,9.247470478615924
1.0839999999999475,0.5721650554318883,-0.014317725435276443,0.4098664539066793,0.5715024026915605,-0.005089362512050267,0.40831168636241166,0.569897696121791,-0.049954594231120794,0.4099595955062471,9.252123588508725
1.0859999999999472,0.5720725148446073,-0.014508568069746146,0.4098664539066793,0.5715152818059213,-0.0052643966872716365,0.4083069061854355,0.5699083714632294,-0.05012744280144136,0.409952763476681,9.260950988314535
1.087999999999947,0.5719799742573264,-0.014699410704215845,0.4098664539066793,0.5715268485310755,-0.005437019062185071,0.4083038967589535,0.5699162559406249,-0.050293011640570456,0.4099599221388289,9.273468706700418
1.0899999999999468,0.5718874336700452,-0.014890253338685546,0.4098664539066793,0.5715366636430651,-0.00560827334544867,0.40830207662868745,0.5699193378962306,-0.050454716489922245,0.4099799245819162,9.288605503878248
1.0919999999999466,0.5717948930827643,-0.015081095973155247,0.4098664539066793,0.5715446072635022,-0.005778549423323079,0.408301231738021,0.5699179091155983,-0.05061393310510302,0.4100107606777766,9.305912921531023
1.0939999999999463,0.5717023524954834,-0.015271938607624946,0.4098664539066793,0.571550029696768,-0.005951572091057303,0.40829980085070283,0.56991290927273,-0.05078049058413889,0.4100328262075735,9.321611139613353
1.0959999999999461,0.5716098119082023,-0.015462781242094647,0.4098664539066793,0.5715529626054601,-0.0061267199198975116,0.4082975520828096,0.569904403507882,-0.05095197723167102,0.41004742243196235,9.33623440446134
1.097999999999946,0.5715172713209213,-0.015653623876564347,0.4098664539066793,0.5715530929517317,-0.0063033588944265105,0.4082944636800425,0.5698989869620111,-0.051126292931824226,0.4100568376495406,9.350333599686538
1.0999999999999457,0.5714247307336403,-0.015844466511034046,0.4098664539066793,0.5715509563249815,-0.006481317191066167,0.40829078727788104,0.5698956883791407,-0.0513029817044682,0.41006085549227134,9.36400011148678
1.1019999999999455,0.5713321901463593,-0.01603530914550375,0.4098664539066793,0.5715467932196573,-0.006660437841978426,0.4082866848187478,0.5698932391548103,-0.05148193686042186,0.41005889613416796,9.377327254432977
1.1039999999999452,0.5712396495590782,-0.01622615177997345,0.4098664539066793,0.5715409340047148,-0.00684098200755047,0.4082824067939079,0.5698907741890563,-0.05167113155450196,0.4100258724430744,9.390004471478413
1.105999999999945,0.571153705663533,-0.01642299803461299,0.4098664539066793,0.5715337197765017,-0.007021831481684421,0.40827811301370864,0.5698861119188233,-0.05186094275251651,0.40999576361058526,9.408843886575985
1.1079999999999448,0.5711022569685223,-0.01665123821972396,0.4098664539066793,0.5715256839987358,-0.007199825383835373,0.4082753827395218,0.5698784217443548,-0.05203980103575401,0.40998420784874895,9.460892930602002
1.1099999999999446,0.5710508082735117,-0.01687947840483493,0.40986645390667925,0.5715169060398798,-0.00737592887368415,0.4082741795451706,0.5698676647786122,-0.05221201066399618,0.4099892277931681,9.514972454970614
1.1119999999999444,0.5709993595785011,-0.0171077185899459,0.4098664539066793,0.5715067439752121,-0.0075522616701703855,0.4082730207180053,0.5698547912161139,-0.05238490614298188,0.41001335939969047,9.568918218467095
1.1139999999999441,0.5709479108834905,-0.017335958775056864,0.4098664539066793,0.5714954365750808,-0.007731042688041298,0.40827161372732035,0.5698380857689165,-0.052563342830936555,0.4100327089438131,9.620509208018143
1.115999999999944,0.57089646218848,-0.017564198960167837,0.40986645390667936,0.571483081064904,-0.007911721429175175,0.4082699740335551,0.5698197399257556,-0.05274676596527696,0.41004555686808924,9.670286665476631
1.1179999999999437,0.5708450134934693,-0.017792439145278803,0.4098664539066793,0.5714692382773285,-0.00809390618270123,0.40826794608971434,0.5698060421282611,-0.05293188811244443,0.41005463131086317,9.71860063007982
1.1199999999999435,0.5707935647984587,-0.018020679330389772,0.4098664539066793,0.5714544291926086,-0.00827745799304503,0.40826592542644236,0.5697941761431619,-0.053117936845159024,0.41005746112342406,9.765608213313957
1.1219999999999433,0.570742116103448,-0.01824891951550074,0.4098664539066793,0.571438745466753,-0.008462380585616738,0.4082637122428697,0.5697841376959557,-0.05330659994608869,0.41005472478436533,9.811301478191046
1.123999999999943,0.5706906674084373,-0.01847715970061171,0.4098664539066793,0.5714224864308561,-0.008649044844179575,0.40826149972550474,0.5697740861720418,-0.05350601167338727,0.4100213484304143,9.85532347073378
1.1259999999999428,0.5706392187134268,-0.01870539988572268,0.4098664539066793,0.5714060331095603,-0.008836496782367583,0.40825955354310955,0.5697635048043953,-0.05370298823119667,0.40999133681381955,9.898649038203619
1.1279999999999426,0.5705877700184161,-0.018933640070833646,0.4098664539066793,0.571389013909979,-0.009024880356653026,0.4082577283269484,0.5697526532653343,-0.053899292410774124,0.4099629921542954,9.941102094191349
1.1299999999999424,0.5705363213234056,-0.019161880255944615,0.4098664539066793,0.5713720336969049,-0.009210286779302666,0.408257688494521,0.5697426196559955,-0.054083991426059415,0.4099530612269838,9.986622446831685
1.1319999999999422,0.5704848726283949,-0.019390120441055585,0.4098664539066793,0.571354693479128,-0.009394036708446345,0.40825896281075547,0.5697342402014487,-0.054262471468174624,0.4099605074507475,10.033856601611628
1.133999999999942,0.5704334239333843,-0.019618360626166554,0.4098664539066793,0.5713369179098929,-0.009576718432967084,0.4082613558638726,0.5697271480029495,-0.0544370891576633,0.4099830209518964,10.08220607316828
1.1359999999999417,0.5703819752383736,-0.019846600811277523,0.4098664539066793,0.5713186487297965,-0.009758770865445614,0.4082646766416675,0.5697209919518929,-0.05460940889975192,0.4100183565679548,10.131222544469022
1.1379999999999415,0.570330526543363,-0.02007484099638849,0.4098664539066793,0.5712985221008499,-0.009944283161754112,0.4082668145889669,0.5697167531254342,-0.05479041276646995,0.4100456770993702,10.176699732240616
1.1399999999999413,0.5702479279461237,-0.020286917391577217,0.4098664539066793,0.5712771783950387,-0.010132465567937041,0.40826801317681805,0.569713614086079,-0.054976508852421266,0.4100646433855643,10.206480702241151
1.141999999999941,0.5701253813826671,-0.020478264651598486,0.4098664539066793,0.571255300913235,-0.010320595862962287,0.4082689377138439,0.5697064864330332,-0.05516078828985337,0.4101000392213578,10.22032060970656
1.1439999999999408,0.5700028348192105,-0.020669611911619753,0.40986645390667925,0.5712314921929937,-0.01051169894370979,0.4082688791161563,0.5696993737173056,-0.05535558643918689,0.41010458555461005,10.231949706961288
1.1459999999999406,0.5698802882557541,-0.02086095917164102,0.4098664539066793,0.5712061752354369,-0.010704084236417142,0.40826811948052477,0.5696862731539548,-0.055551873825214516,0.41010790229247335,10.243050557947642
1.1479999999999404,0.5697577416922976,-0.02105230643166229,0.4098664539066793,0.5711790095784869,-0.010897603555451586,0.40826671234211254,0.5696685379043729,-0.0557508303882,0.4101085464453676,10.253681919605013
1.1499999999999402,0.5696351951288411,-0.02124365369168356,0.4098664539066793,0.5711495120945823,-0.011092798052740476,0.4082646135671265,0.5696508234394049,-0.05595993944960334,0.4100780555242145,10.263187909971945
1.15199999999994,0.5695126485653846,-0.02143500095170483,0.4098664539066793,0.5711179774419508,-0.011289205454800475,0.4082620095201204,0.5696331304662735,-0.056179025071981525,0.41001628579228244,10.27201280504176
1.1539999999999397,0.5693901020019281,-0.0216263482117261,0.4098664539066793,0.5710850142405346,-0.011483673840055383,0.408259489946474,0.5696135734525914,-0.05638706773309994,0.40998374948584665,10.283315171009983
1.1559999999999395,0.5692675554384716,-0.02181769547174734,0.4098664539066793,0.5710504532970074,-0.011676982983232498,0.40825709202075655,0.5695920717527345,-0.05658858410572534,0.4099773783294897,10.296250509223853
1.1579999999999393,0.5691450088750151,-0.02200904273176861,0.4098664539066793,0.5710148850833172,-0.011867982199399163,0.40825619209920794,0.5695711386628113,-0.056780885436353803,0.40998831226347787,10.312009782557215
1.159999999999939,0.5690224623115586,-0.02220038999178988,0.4098664539066793,0.5709767676688011,-0.012061017882563148,0.40825480583372126,0.5695499866146745,-0.05697640476020077,0.409992479605294,10.32599516747474
1.1619999999999389,0.5688999157481021,-0.02239173725181115,0.4098664539066793,0.5709365960180077,-0.012255487705425026,0.4082529510167066,0.5695282377591221,-0.05717299608427552,0.4099896198246048,10.33884042765125
1.1639999999999386,0.5687773691846456,-0.022583084511832417,0.4098664539066793,0.5708953196466383,-0.012448758825148218,0.40825122496355803,0.5695017004855387,-0.0573647340335026,0.4100067201238829,10.35327345737773
1.1659999999999384,0.568654822621189,-0.022774431771853686,0.4098664539066793,0.570852877958155,-0.012643059330540968,0.40824978758786307,0.569473072884272,-0.057558902467952984,0.4100204815828981,10.367070695666893
1.1679999999999382,0.5685322760577326,-0.022965779031874953,0.4098664539066793,0.5708089483389484,-0.012838191057984245,0.4082484054495456,0.5694433282815513,-0.05775526852328885,0.41003048336713727,10.38033115295229
1.169999999999938,0.568409729494276,-0.023157126291896223,0.4098664539066793,0.5707631537878095,-0.013034647297992863,0.40824688965474365,0.5694114440273916,-0.05795640281607785,0.4100124840500778,10.392458173474083
1.1719999999999378,0.5682871829308196,-0.02334847355191749,0.4098664539066793,0.570715200403181,-0.013231405074751304,0.40824499000136405,0.5693790441426353,-0.05815551520908866,0.409991464794871,10.404342526933748
1.1739999999999375,0.5682004950127724,-0.023547542178129006,0.4098664539066793,0.5706654956149049,-0.013428540690001038,0.40824278173760953,0.569346192174817,-0.05835354419813415,0.40996728380825526,10.414913301859485
1.1759999999999373,0.5681280500146307,-0.02374967770212636,0.4098664539066793,0.5706159078762292,-0.013622283554027233,0.40824227843514843,0.5693121185593105,-0.058540802691097946,0.4099615992598238,10.428496966028693
1.177999999999937,0.5680556050164891,-0.023951813226123716,0.4098664539066793,0.570566404648008,-0.01381360394600702,0.4082434590389714,0.569274153053715,-0.058721867718729275,0.4099736311018731,10.44449147623185
1.1799999999999369,0.5679831600183476,-0.024153948750121074,0.40986645390667936,0.570516762741951,-0.014003130744349918,0.408246040119128,0.5692323815316629,-0.05889909177481681,0.41000090330184924,10.462229635567091
1.1819999999999367,0.5679107150202058,-0.02435608427411843,0.4098664539066793,0.5704660133591313,-0.014194846236248473,0.40824802283955414,0.5691864564533563,-0.059083525712141365,0.4100253675815106,10.477609844958454
1.1839999999999364,0.5678382700220643,-0.024558219798115788,0.4098664539066793,0.5704143927955353,-0.014388143836095178,0.40824945621839737,0.5691383973267111,-0.05927229876069584,0.41004564284723055,10.491275118748206
1.1859999999999362,0.5677658250239226,-0.024760355322113143,0.4098664539066793,0.5703614970132074,-0.014582573354590664,0.4082502392816342,0.5690955918698095,-0.05946342198520242,0.41005935724216863,10.503559342165083
1.187999999999936,0.5676933800257811,-0.024962490846110498,0.4098664539066793,0.5703078255515479,-0.014777997057539915,0.40825056132357185,0.5690567884455203,-0.059656469029689345,0.41006649792114136,10.514715361655542
1.1899999999999358,0.5676209350276393,-0.025164626370107857,0.4098664539066793,0.5702535955302617,-0.014974256935851672,0.4082505482683035,0.5690203439171151,-0.05985197557008778,0.41006641889633966,10.524948005985134
1.1919999999999356,0.5675484900294978,-0.025366761894105215,0.4098664539066793,0.5701995142001417,-0.015170890348161787,0.40825053867265454,0.5689811106532389,-0.0600484557127328,0.41006775524124217,10.534881382090497
1.1939999999999353,0.5674760450313562,-0.02556889741810257,0.4098664539066793,0.5701451708192256,-0.015367933291600164,0.4082504497333476,0.5689398986854451,-0.06024718596206223,0.410068612577884,10.544377723775751
1.1959999999999351,0.5674036000332146,-0.02577103294209993,0.4098664539066793,0.5700904172316538,-0.015565390629021042,0.40825025375824064,0.568897843797682,-0.060449051610116815,0.4100672017359316,10.553393846546944
1.197999999999935,0.5673311550350729,-0.025973168466097284,0.4098664539066793,0.5700346401820036,-0.015763281293700762,0.4082497194708671,0.5688596486307546,-0.06065078845835173,0.41006337624601424,10.561753074785532
1.1999999999999347,0.5672587100369313,-0.02617530399009464,0.4098664539066793,0.569978264544919,-0.015961540977942425,0.40824900158886246,0.5688239708256048,-0.060853663110588374,0.4100558753557351,10.56962305810026
1.2019999999999345,0.5671862650387897,-0.026377439514091997,0.4098664539066793,0.569921448732301,-0.016160137243459976,0.4082481770488309,0.56878936376592,-0.06105860815656743,0.41004346571756606,10.577074053192241
1.2039999999999342,0.567113820040648,-0.026579575038089356,0.4098664539066793,0.5698644507536292,-0.016359481743310637,0.4082474149554225,0.5687548524932233,-0.061274175017524274,0.4100002983861075,10.583774197949255
1.205999999999934,0.5670413750425064,-0.02678171056208671,0.4098664539066793,0.5698076456477974,-0.01655665726437811,0.4082471131446006,0.5687170928936972,-0.06148004660549225,0.40998388608158964,10.592637443180928
1.2079999999999338,0.5669224528606429,-0.02695593452798306,0.4098664539066793,0.569750963979926,-0.016754405366738376,0.40824731524807367,0.5686798524452811,-0.061685507532756444,0.40997076719993825,10.586390904346656
1.2099999999999336,0.5668032177011114,-0.027129970537259195,0.4098664539066793,0.5696935655151716,-0.01695253248132889,0.40824754441890676,0.5686434743895374,-0.061891015325327065,0.40995942483215375,10.57990339599284
1.2119999999999334,0.5666839825415797,-0.027304006546535323,0.4098664539066793,0.5696357552663517,-0.017147480495962885,0.40824904954193225,0.5686064819549588,-0.062085773145474324,0.40996740844306284,10.576766218209816
1.2139999999999331,0.5665647473820481,-0.02747804255581145,0.4098664539066793,0.5695770340112203,-0.01733995286022136,0.40825155535079727,0.5685700236269171,-0.062273193168723096,0.40999031911092615,10.576139816214585
1.215999999999933,0.5664455122225165,-0.027652078565087577,0.4098664539066793,0.569516077653082,-0.017534127532983827,0.40825321654077384,0.568534150503501,-0.06246468977199377,0.4100045861300452,10.573613627867875
1.2179999999999327,0.5663262770629848,-0.02782611457436371,0.40986645390667925,0.5694534677657225,-0.01772939386810117,0.4082541220748013,0.5684985214800032,-0.06265790188932345,0.41001048748136626,10.569914413634569
1.2199999999999325,0.5662070419034532,-0.02800015058363984,0.4098664539066793,0.5693901782038554,-0.017923161314817707,0.40825491730332897,0.5684591970210694,-0.06284687472303532,0.4100346764597406,10.56778450910572
1.2219999999999323,0.5660878067439216,-0.02817418659291597,0.4098664539066793,0.5693258668089067,-0.018117760842453007,0.4082553157343761,0.5684143131103228,-0.06303867696002191,0.41005630068649673,10.564882008760266
1.223999999999932,0.5659685715843898,-0.028348222602192098,0.4098664539066793,0.5692600016369963,-0.01831354891587977,0.40825518659216864,0.5683695712734372,-0.06324067560145989,0.4100468383241296,10.560690686786067
1.2259999999999318,0.5658493364248582,-0.028522258611468225,0.4098664539066793,0.5691928678070518,-0.018510029190660922,0.4082546679410481,0.5683249719186012,-0.06345258625986594,0.410006062382864,10.555753884900527
1.2279999999999316,0.5657301012653266,-0.028696294620744356,0.4098664539066793,0.5691250511032899,-0.0187042671118158,0.40825427647058304,0.5682784762456047,-0.06365472464195221,0.4099906007720013,10.553023175444656
1.2299999999999314,0.5656108661057949,-0.028870330630020483,0.4098664539066793,0.5690569917159732,-0.01889554822130571,0.40825529263669225,0.5682322795274704,-0.0638463040781302,0.409992838563146,10.553296443402534
1.2319999999999312,0.5654916309462633,-0.02904436663929661,0.4098664539066793,0.5689883981234366,-0.01908455846276822,0.40825749263962424,0.5681859675216989,-0.0640307336418013,0.4100103344815198,10.555811650678418
1.233999999999931,0.5653723957867317,-0.02921840264857274,0.4098664539066793,0.5689178180398892,-0.01927545249086849,0.4082589042565975,0.5681406671230465,-0.06421951288871018,0.4100187809147739,10.556148767035028
1.2359999999999307,0.5652531606272,-0.029392438657848872,0.4098664539066793,0.5688459849572899,-0.019467923074694478,0.4082597030687203,0.5680955351659607,-0.06441833321951118,0.40999601632137134,10.554828100313161
1.2379999999999305,0.5651339254676685,-0.029566474667125003,0.4098664539066793,0.5687737566762133,-0.019660554122685886,0.408260517415531,0.5680520321406688,-0.0646168044178672,0.4099774094526645,10.553465452610242
1.2399999999999303,0.5650049394346321,-0.02973602346602532,0.4098664539066793,0.5687014057588601,-0.019850150589389774,0.40826259727341024,0.5680067993925815,-0.06480480194630166,0.40997865260936456,10.554351984804635
1.24199999999993,0.5648497103099416,-0.029893495575272225,0.4098664539066793,0.5686276287919021,-0.02003884039384306,0.4082643092480023,0.5679587289837768,-0.06499018029977674,0.40999959670478514,10.553999090449436
1.2439999999999298,0.564694481185251,-0.030050967684519134,0.4098664539066793,0.5685522974652658,-0.0202268748882721,0.4082656024408072,0.5679082455709931,-0.06517405072903588,0.41003711591029735,10.554408828523751
1.2459999999999296,0.5645392520605605,-0.030208439793766036,0.4098664539066793,0.5684747134713684,-0.02041641583826128,0.4082659867748164,0.5678607896755773,-0.06536149745851927,0.4100641075643256,10.553273883546108
1.2479999999999294,0.56438402293587,-0.030365911903012945,0.4098664539066793,0.5683954427211843,-0.020607187285139633,0.40826576613776755,0.5678135367059592,-0.06555900215748992,0.41005990905001616,10.551028142389605
1.2499999999999292,0.5642287938111794,-0.030523384012259853,0.4098664539066793,0.5683145372234588,-0.02079865397882132,0.4082650551597775,0.5677664878285241,-0.06576627373032343,0.4100242906243379,10.548159718844136
1.251999999999929,0.564073564686489,-0.030680856121506762,0.4098664539066793,0.5682320528156384,-0.020990495067782312,0.4082639642322471,0.5677196485332469,-0.06598324545636162,0.409957196118182,10.544957129918373
1.2539999999999287,0.5639183355617983,-0.030838328230753664,0.4098664539066793,0.5681481235476656,-0.021182999606371444,0.40826288203941263,0.5676808618983754,-0.0661614201910858,0.40990534123615946,10.541180069147982
1.2559999999999285,0.5637631064371078,-0.030995800340000573,0.4098664539066793,0.56806422065644,-0.021370974638571193,0.4082635119262972,0.5676393296152921,-0.06632953868574497,0.40987712415248884,10.542146522916351
1.2579999999999283,0.5636078773124172,-0.031153272449247482,0.4098664539066793,0.5679797044169322,-0.021555462891479128,0.408265666993279,0.5675937856673018,-0.0664921578575759,0.4098701283751022,10.546602322025876
1.259999999999928,0.5634526481877267,-0.03131074455849439,0.4098664539066793,0.5678942646585647,-0.02173717316693479,0.4082691118791409,0.5675440825024325,-0.06665167611242044,0.4098815329590694,10.55373043351537
1.2619999999999278,0.5632974190630362,-0.03146821666774129,0.4098664539066793,0.5678076610045641,-0.02191698910344042,0.40827339562835474,0.5674902644487696,-0.06681040737259837,0.40990991273067456,10.562586347868523
1.2639999999999276,0.5631421899383456,-0.0316256887769882,0.4098664539066793,0.5677198264055175,-0.022095271265260518,0.4082783444799809,0.5674327546286935,-0.06696902694051618,0.4099523637434892,10.57277700386364
1.2659999999999274,0.5629869608136551,-0.03178316088623511,0.4098664539066793,0.5676297977098256,-0.022273757284260946,0.4082823096286735,0.5673712292526943,-0.06713197459898293,0.41000842398647697,10.582281951908172
1.2679999999999272,0.5628317316889645,-0.03194063299548201,0.4098664539066793,0.5675380009968387,-0.022452417785511842,0.4082854881697114,0.5673068503038807,-0.06729843802800811,0.4100754166781952,10.591279368846244
1.269999999999927,0.5626765025642739,-0.03209810510472892,0.4098664539066793,0.5674440498752673,-0.02263312364099886,0.40828754946984275,0.5672467691863378,-0.06747173570149098,0.41012668834314414,10.597895143438338
1.2719999999999267,0.5625212734395835,-0.03225557721397583,0.4098664539066793,0.567348576301403,-0.022815575107966786,0.4082887989317413,0.5671869628856782,-0.06765510048789061,0.410146759460516,10.6026644142492
1.2739999999999265,0.5624382241433428,-0.032448943791078384,0.4098664539066793,0.5672517055623576,-0.022999142042033165,0.4082893962329267,0.567127431533274,-0.06784825528799089,0.4101354139790658,10.60510992245998
1.2759999999999263,0.562414591169302,-0.03267185764354993,0.4098664539066793,0.5671543240678864,-0.023183524468206443,0.4082898212824918,0.5670681929952133,-0.06805155596543246,0.41009293549630643,10.606296921934923
1.277999999999926,0.5623909581952612,-0.03289477149602147,0.40986645390667936,0.567057525035717,-0.02336860275774441,0.4082905314747947,0.5670092664830251,-0.06826538887303508,0.41001962523605107,10.60776776266191
1.2799999999999259,0.5623673252212203,-0.033117685348493006,0.4098664539066793,0.5669622549633119,-0.023551619646899197,0.4082920312184278,0.5669494023362392,-0.06846695035821629,0.40997653022004193,10.612398048601774
1.2819999999999256,0.5623436922471794,-0.03334059920096454,0.4098664539066793,0.566868479150163,-0.02373346928218448,0.40829425043398065,0.566888893286403,-0.06866091665013296,0.409960537564628,10.619352230420235
1.2839999999999254,0.5623200592731386,-0.03356351305343608,0.4098664539066793,0.5667761363454682,-0.023914735156150394,0.40829704742936734,0.5668279898678686,-0.06885002221252562,0.4099679617538736,10.628054280332346
1.2859999999999252,0.5622964262990978,-0.03378642690590762,0.4098664539066793,0.5666851613948926,-0.024095845413488914,0.40830027662235036,0.5667669088955892,-0.06903610746441703,0.40999513123866294,10.638062107464329
1.287999999999925,0.5622727933250569,-0.034009340758379164,0.4098664539066793,0.5665954944286856,-0.024277125431714838,0.4083038086788296,0.5667058368386595,-0.06922049101042255,0.4100386500687733,10.64902624636982
1.2899999999999248,0.562249160351016,-0.03423225461085069,0.4098664539066793,0.5665067271100649,-0.02446101243709169,0.4083071968438142,0.5666451632696734,-0.06941680239111443,0.41005247498470204,10.658519987596987
1.2919999999999245,0.5622255273769752,-0.034455168463322236,0.4098664539066793,0.5664190178848696,-0.02464679178950764,0.40831043438282444,0.5665848635835384,-0.06962413215164343,0.41003588978914246,10.667221550864632
1.2939999999999243,0.5622018944029343,-0.03467808231579378,0.4098664539066793,0.5663324150083255,-0.024834122912062995,0.40831352750314553,0.5665249315913679,-0.06984213643521216,0.40998862279322607,10.675426793054275
1.295999999999924,0.5621782614288935,-0.034900996168265315,0.4098664539066793,0.5662470176896036,-0.025023352511665285,0.4083168040636673,0.5664713656529895,-0.0700520619126798,0.409916560657203,10.682818996680542
1.2979999999999239,0.5621546284548526,-0.03512391002073685,0.4098664539066793,0.5661627659707599,-0.025214100765817316,0.40832016150468353,0.5664271167279898,-0.07022425596332765,0.4098609651948711,10.689690632348153
1.2999999999999237,0.5621309954808118,-0.035346823873208394,0.4098664539066793,0.5660796217472083,-0.025406141575044592,0.40832354198247744,0.5663908048577492,-0.07036430959787963,0.4098181881749207,10.696205586314397
1.3019999999999234,0.562107362506771,-0.03556973772567993,0.4098664539066793,0.5659988358235203,-0.025594082740881107,0.4083284454669037,0.5663538851503072,-0.07050137808451351,0.40979755946686985,10.707812892963418
1.3039999999999232,0.5620837295327301,-0.035792651578151466,0.4098664539066793,0.5659198444372858,-0.02577911662072453,0.4083347570859237,0.5663157683371236,-0.07063930166674844,0.4097975249580863,10.723183291568123
1.305999999999923,0.5620600965586893,-0.03601556543062301,0.4098664539066793,0.5658423303890067,-0.025962038633994208,0.408342265691494,0.5662763566094778,-0.0707796616953923,0.4098156192793386,10.741447472185989
1.3079999999999228,0.5619831664308002,-0.03622330787004161,0.4098664539066793,0.5657659111881411,-0.026143887658211715,0.40835043266823734,0.5662372158904481,-0.07092416413950195,0.4098499529241101,10.765865952436693
1.3099999999999226,0.5618950158494694,-0.036427856327764865,0.4098664539066793,0.5656893993340785,-0.026326593273464764,0.4083575792703932,0.5661961338580073,-0.07107798079851324,0.4099030564538908,10.790405984968407
1.3119999999999223,0.5618068652681387,-0.036632404785488126,0.4098664539066793,0.5656126366026516,-0.02651024931072446,0.40836371902455776,0.56615343922447,-0.07123981004461535,0.40997141038997015,10.813969063479329
1.3139999999999221,0.5617187146868079,-0.03683695324321138,0.4098664539066793,0.5655355544835681,-0.026694962072291956,0.40836893661056045,0.5661094030249516,-0.07140883047593642,0.41005200253530666,10.83643165184646
1.315999999999922,0.5616305641054772,-0.037041501700934634,0.4098664539066793,0.5654575272158993,-0.026882714986501105,0.40837285438476667,0.5660705720778332,-0.0715878427121005,0.4101172995133074,10.855717118545535
1.3179999999999217,0.5615424135241465,-0.03724605015865789,0.4098664539066793,0.5653790809713881,-0.02707325984049019,0.4083757623877365,0.5660321883453109,-0.07177821736733546,0.4101524287140583,10.872243556788552
1.3199999999999215,0.5614542629428156,-0.03745059861638114,0.4098664539066793,0.5653002827703358,-0.027265913982406086,0.4083778337802753,0.5659942396528852,-0.07197944083720506,0.4101569913325779,10.886673946031731
1.3219999999999212,0.5613661123614849,-0.0376551470741044,0.4098664539066793,0.5652211840685337,-0.027460250063160645,0.40837922424044143,0.5659567251268738,-0.07219129713085094,0.4101308185243529,10.899426724843746
1.323999999999921,0.5612779617801542,-0.03785969553182765,0.4098664539066793,0.5651418233834098,-0.027655957149672224,0.40838006527958337,0.5659196462108045,-0.07241363571757176,0.41007378668608246,10.910806728220631
1.3259999999999208,0.5611898111988234,-0.03806424398955091,0.4098664539066793,0.5650622302886149,-0.027852793190268014,0.4083804663897779,0.5658830041424595,-0.07264630830165263,0.4099857673066613,10.921051095620657
1.3279999999999206,0.5611016606174927,-0.038268792447274165,0.4098664539066793,0.5649829822630118,-0.028047567209488953,0.4083809840349024,0.5658441721178095,-0.07286552766648235,0.4099324834224126,10.93334820983548
1.3299999999999204,0.561013510036162,-0.03847334090499742,0.4098664539066793,0.5649038236544961,-0.028241144777212415,0.40838162926969085,0.5658033270512064,-0.07307636441925482,0.40991038048143696,10.946797597765956
1.3319999999999201,0.5609253594548312,-0.03867788936272067,0.4098664539066793,0.5648255229423819,-0.02843256020900321,0.4083838660804384,0.5657607315363337,-0.07327706277023989,0.40991167145187063,10.96257472939802
1.33399999999992,0.5608372088735004,-0.038882437820443934,0.4098664539066793,0.564747625047699,-0.02862243770615653,0.40838736998378344,0.5657161765649583,-0.07347077254608243,0.4099326834228675,10.979934289448721
1.3359999999999197,0.5607490582921697,-0.03908698627816719,0.4098664539066793,0.5646689846895648,-0.02881282885183178,0.40839033438592215,0.5656700405690599,-0.07366432997080144,0.40997355239483557,10.996550994840074
1.3379999999999195,0.560660907710839,-0.03929153473589044,0.4098664539066793,0.5645898769552415,-0.029003786620334236,0.4083928482112723,0.5656230909686331,-0.07385788022741725,0.41003044576130293,11.012472956270607
1.3399999999999193,0.5605658768433455,-0.0394930922109348,0.4098664539066793,0.5645098024000953,-0.029197360588515398,0.40839447755615754,0.5655808777272252,-0.07405559242361616,0.4100753315517646,11.02527271490693
1.341999999999919,0.560411364792251,-0.039668792158303504,0.4098664539066793,0.564429328690279,-0.029393126502714265,0.4083954971616858,0.5655391582903793,-0.07426365412473865,0.41008927030983083,11.033283217216558
1.3439999999999188,0.5602568527411564,-0.0398444921056722,0.4098664539066793,0.5643477916008518,-0.02959045470088673,0.40839571001449043,0.5654979088576757,-0.0744813967976148,0.410071734781263,11.039975717930957
1.3459999999999186,0.5601023406900619,-0.04002019205304091,0.4098664539066793,0.5642649015294605,-0.029788931581174433,0.40839515935948656,0.565457129423458,-0.07470865773947592,0.41002259692039855,11.045614676643039
1.3479999999999184,0.5599478286389674,-0.040195892000409614,0.4098664539066793,0.5641808706143249,-0.02998828441418136,0.40839431211518973,0.5654172385363903,-0.07493770210346676,0.40994820854414016,11.050515689304403
1.3499999999999182,0.5597933165878729,-0.04037159194777831,0.4098664539066793,0.5640952898621057,-0.030188685922659646,0.40839312459470933,0.5653842095972695,-0.0751261205507741,0.4098909448216882,11.054345261869244
1.351999999999918,0.5596388045367785,-0.040547291895147025,0.4098664539066793,0.564009807136708,-0.030384709191458328,0.4083934719350277,0.5653479163770366,-0.07530363180158549,0.4098589949473995,11.062718966777705
1.3539999999999177,0.559484292485684,-0.040722991842515724,0.4098664539066793,0.563923806961795,-0.030577424942000147,0.4083952288199828,0.5653076357561995,-0.07547512352294106,0.4098500602107159,11.074376574617487
1.3559999999999175,0.5593297804345894,-0.04089869178988444,0.4098664539066793,0.5638369744372179,-0.030767538489110412,0.4083981890627703,0.5652632515550465,-0.07564310500416253,0.40986115632386144,11.08851049425103
1.3579999999999173,0.559175268383495,-0.04107439173725314,0.4098664539066793,0.563748068187663,-0.03095743011062981,0.4084003566059629,0.5652149424309693,-0.07581419169139611,0.4098931877427999,11.102405622367083
1.359999999999917,0.5590207563324004,-0.04125009168462184,0.4098664539066793,0.563657466149165,-0.031147215435909516,0.40840189174684627,0.5651639522206746,-0.07598803921704307,0.4099425614754526,11.116077834455663
1.3619999999999168,0.5588662442813059,-0.04142579163199055,0.4098664539066793,0.5635653493730387,-0.03133703865330388,0.40840290156660775,0.5651110475966136,-0.07616462682099906,0.41000602356757365,11.129444070936694
1.3639999999999166,0.5587117322302114,-0.04160149157935925,0.4098664539066793,0.5634718177366717,-0.03152701439764088,0.4084034639594052,0.5650567324575356,-0.07634393370226694,0.41008071777385086,11.142419149977124
1.3659999999999164,0.558557220179117,-0.04177719152672796,0.4098664539066793,0.5633763593837744,-0.03171905905207928,0.40840319132944897,0.5650067578048631,-0.07652922792563946,0.4101401801787372,11.153032392647663
1.3679999999999162,0.5584027081280225,-0.04195289147409667,0.4098664539066793,0.5632795280903571,-0.031912792684757135,0.4084023533008652,0.564957378289119,-0.07672502662773616,0.4101688277437329,11.161852742476144
1.369999999999916,0.558248196076928,-0.04212859142146537,0.4098664539066793,0.5631814043634285,-0.032107652702179634,0.408401062919275,0.5649085858191343,-0.07693099664961854,0.41016640732817566,11.16941165924494
1.3719999999999157,0.5580936840258335,-0.042304291368834075,0.4098664539066793,0.5630820527545263,-0.03230328974318772,0.4083994231074825,0.5648603843861875,-0.07714702344357839,0.4101328343506398,11.17603937401713
1.3739999999999155,0.5579687274452528,-0.0424960993520547,0.40986645390667925,0.562981577315269,-0.032499742609129856,0.4083976924270043,0.5648146200959979,-0.07736245933580964,0.41007089516101664,11.182835595283516
1.3759999999999153,0.5578917336896287,-0.04271404756889466,0.40986645390667925,0.5628803142607192,-0.032696722041746326,0.4083960087548576,0.5647711747385221,-0.077578737050166,0.4099801091000894,11.190743801513749
1.377999999999915,0.5578147399340048,-0.04293199578573462,0.4098664539066793,0.5627801185841167,-0.03289000002876745,0.4083960217621214,0.5647251798734736,-0.07777878389654552,0.4099181642366803,11.202529353763548
1.3799999999999149,0.5577377461783808,-0.04314994400257456,0.4098664539066793,0.562681155107148,-0.03308030213735541,0.4083980618185188,0.5646774894965199,-0.07796795687266553,0.40988379001543906,11.21761913824808
1.3819999999999146,0.5576607524227567,-0.04336789221941452,0.4098664539066793,0.5625831417474907,-0.033268381588237535,0.4084018232458421,0.5646278624095298,-0.0781496331132504,0.40987338567101733,11.235213912227575
1.3839999999999144,0.5575837586671327,-0.04358584043625448,0.4098664539066793,0.5624858323707433,-0.03345509602147598,0.40840681390234246,0.5645761689883694,-0.07832683154050384,0.40988474910569617,11.254435081033456
1.3859999999999142,0.5575067649115086,-0.04380378865309442,0.4098664539066793,0.5623891145593831,-0.03364086979688104,0.4084127781057806,0.5645226910410741,-0.07850102854482656,0.4099144387576906,11.274850675821728
1.387999999999914,0.5574297711558847,-0.04402173686993438,0.4098664539066793,0.5622920019170923,-0.03382754029341797,0.408418029030919,0.5644678863898187,-0.07867760881833033,0.40996212794314524,11.294376114504626
1.3899999999999137,0.5573527774002607,-0.04423968508677434,0.4098664539066793,0.5621948392962389,-0.03401514532999115,0.4084226830552631,0.5644127164853425,-0.07885635743953452,0.4100244816159324,11.313124088532065
1.3919999999999135,0.5572757836446366,-0.04445763330361429,0.4098664539066793,0.562097772466069,-0.03420375493763373,0.40842681306670703,0.5643577175783732,-0.0790373515311533,0.41009862002115405,11.331089874250528
1.3939999999999133,0.5571987898890125,-0.04467558152045424,0.4098664539066793,0.5620002791765566,-0.03439531619594854,0.40843001049421174,0.5643078206415956,-0.07922415465210002,0.4101578351107637,11.346283731717406
1.395999999999913,0.5571217961333885,-0.0448935297372942,0.4098664539066793,0.5619029262011739,-0.03458941735423439,0.40843254886109637,0.5642586483415385,-0.07942125735861494,0.4101860449686469,11.359310574493845
1.3979999999999129,0.5570448023777644,-0.04511147795413415,0.4098664539066793,0.5618057446065481,-0.03478547525963289,0.4084345243952126,0.5642101920250425,-0.07962838511357459,0.41018303882529183,11.370703696458841
1.3999999999999126,0.5569678086221405,-0.0453294261709741,0.4098664539066793,0.5617087624841478,-0.03498312344709363,0.40843603008927504,0.5641624581637036,-0.07984548084054709,0.4101487733926528,11.380800656186667
1.4019999999999124,0.5568908148665164,-0.04554737438781406,0.4098664539066793,0.5616120004815142,-0.03518209539745493,0.4084371472126948,0.5641154552178547,-0.0800725168653863,0.4100832226633656,11.389846450204786
1.4039999999999122,0.5568138211108923,-0.04576532260465401,0.4098664539066793,0.5615155695233371,-0.03538270534903645,0.4084382556280144,0.564078405440136,-0.08027829078020467,0.41000964721222943,11.397595325794615
1.405999999999912,0.5567368273552683,-0.04598327082149397,0.4098664539066793,0.5614194248645688,-0.035584578089167596,0.4084393098805623,0.5640445619824005,-0.08044191779243944,0.4099421849836601,11.40436451431837
1.4079999999999118,0.5566427945832221,-0.04618995933422551,0.4098664539066793,0.5613246995161015,-0.03578268446649661,0.40844152032344694,0.5640095873738925,-0.08059983823372495,0.4099002187163509,11.411906237477709
1.4099999999999115,0.5565399395793226,-0.04639081794939836,0.4098664539066793,0.5612307745400723,-0.03597815757522095,0.4084447837618478,0.5639735529220529,-0.08075638087456279,0.40988147517149487,11.420482857434548
1.4119999999999113,0.5564370845754232,-0.046591676564571236,0.4098664539066793,0.5611372467397775,-0.03617170370671921,0.4084489177092634,0.5639365412109417,-0.08091351356759247,0.4098829596665983,11.430982404395552
1.413999999999911,0.5563342295715238,-0.04679253517974412,0.4098664539066793,0.5610439007938054,-0.036363833979988686,0.40845376682939305,0.5638987242714426,-0.08107226060753397,0.4099016958550316,11.44284980831995
1.4159999999999109,0.5562313745676244,-0.046993393794917,0.4098664539066793,0.5609506183256069,-0.036554943721099714,0.4084591989379882,0.5638602976994705,-0.08123319353817231,0.4099349457363106,11.45567551874759
1.4179999999999107,0.5561285195637249,-0.04719425241008987,0.4098664539066793,0.5608558592164768,-0.036749166851263226,0.4084632257575287,0.5638204402452394,-0.08140596540507206,0.40995784613561675,11.465057894476152
1.4199999999999104,0.5560256645598254,-0.047395111025262754,0.4098664539066793,0.5607602575587548,-0.03694565909559677,0.4084660339300667,0.5637794034922206,-0.08158654949928207,0.40997102963709686,11.472027566908633
1.4219999999999102,0.5559228095559261,-0.04759596964043563,0.4098664539066793,0.5606655120227235,-0.0371400549904219,0.4084696940299304,0.5637375926226144,-0.08176313962830387,0.40999782044735755,11.481262032413424
1.42399999999991,0.5558199545520266,-0.047796828255608506,0.4098664539066793,0.5605704816423559,-0.037334555672149404,0.4084727715840524,0.5636929005929996,-0.08194363331619177,0.4100422137772537,11.490285255229853
1.4259999999999098,0.5557170995481272,-0.04799768687078139,0.4098664539066793,0.5604755019054561,-0.037530726138331014,0.4084756416531554,0.5636454790609063,-0.08213366875268703,0.4100814435832113,11.497811094677617
1.4279999999999096,0.5556142445442277,-0.04819854548595426,0.4098664539066793,0.5603794828502202,-0.03772939949021227,0.40847748183879273,0.5635988085312131,-0.08233431852030558,0.4100898011896197,11.502630742271913
1.4299999999999093,0.5555113895403283,-0.04839940410112714,0.4098664539066793,0.5602828915431913,-0.037929820022434155,0.4084785373225088,0.5635529967093992,-0.08254500856547112,0.4100669832091123,11.505625673736633
1.4319999999999091,0.5554085345364288,-0.04860026271630002,0.4098664539066793,0.5601859253511109,-0.03813155431263547,0.4084789861082008,0.5635080411388922,-0.08276561677106173,0.41001288519842805,11.507272423870285
1.433999999999909,0.5553056795325294,-0.048801121331472894,0.4098664539066793,0.5600891879100007,-0.03833142313507354,0.4084793951740381,0.5634633178274197,-0.08297663695175653,0.4099875497851745,11.510713823261625
1.4359999999999087,0.55520282452863,-0.04900197994664577,0.4098664539066793,0.5599924885464991,-0.03853023107025612,0.4084798057426313,0.5634191000829459,-0.0831822757215678,0.4099879535077106,11.515138120501968
1.4379999999999085,0.5550999695247305,-0.04920283856181865,0.4098664539066793,0.5598965350216107,-0.03872703107966744,0.4084816038949788,0.5633760711890926,-0.0833801828161554,0.41000573912034344,11.521700524182931
1.4399999999999082,0.5549971145208311,-0.04940369717699153,0.4098664539066793,0.5597994930178967,-0.03892611523169497,0.40848267283011985,0.5633325953107736,-0.08358191287254245,0.4100158405943308,11.525734798679082
1.441999999999908,0.5549340975136765,-0.049630658444171694,0.40986645390667936,0.5597018535801715,-0.03912677239942078,0.4084830812384347,0.5632883880241513,-0.08378534480810813,0.4100182165182538,11.535298866987075
1.4439999999999078,0.5548737837991582,-0.04985939096273808,0.4098664539066793,0.5596050096467938,-0.039326287856945766,0.40848369082858194,0.5632430448805131,-0.08398444522335934,0.4100407613505665,11.546893913888152
1.4459999999999076,0.5548134700846399,-0.05008812348130447,0.4098664539066793,0.5595084141833497,-0.03952788399234736,0.4084841147819278,0.563198744263944,-0.08419472307337743,0.41003304363314425,11.556866277418788
1.4479999999999074,0.5547531563701216,-0.05031685599987085,0.4098664539066793,0.5594130773334507,-0.039729951474703235,0.4084849848534816,0.5631543589679975,-0.08440529368157333,0.4100279782504693,11.567083072645794
1.4499999999999071,0.5546928426556033,-0.05054558851843723,0.4098664539066793,0.5593185956844787,-0.039932702593587194,0.40848607755664246,0.5631101100607789,-0.08461694682623248,0.4100241007823364,11.577173175608571
1.451999999999907,0.554632528941085,-0.05077432103700362,0.4098664539066793,0.559223895196205,-0.040136531048856186,0.4084866602470316,0.5630665938859208,-0.08482882550725408,0.41001730843397743,11.586337640539595
1.4539999999999067,0.5545722152265665,-0.05100305355557,0.4098664539066793,0.5591295170012991,-0.04034133988228933,0.4084869911850388,0.5630228631906535,-0.08503999208900148,0.41000644674632053,11.594875502436437
1.4559999999999065,0.5545119015120483,-0.05123178607413639,0.4098664539066793,0.5590356651961845,-0.04054692283331303,0.40848709221078616,0.5629783201886718,-0.08525370815627888,0.4099904020045151,11.603048752160268
1.4579999999999063,0.55445158779753,-0.05146051859270277,0.4098664539066793,0.5589430776097628,-0.040750967386568554,0.4084875646767844,0.5629337940245226,-0.08546030294950223,0.40999764547203005,11.61326688620398
1.459999999999906,0.5543912740830117,-0.05168925111126915,0.4098664539066793,0.5588517103233849,-0.040955753820853355,0.40848855231966674,0.5628886601156822,-0.08566875646033333,0.4100054238411306,11.623401203511719
1.4619999999999058,0.5543309603684933,-0.05191798362983554,0.4098664539066793,0.5587611040056225,-0.04116128666085141,0.4084897426393526,0.5628434578679241,-0.08587894440887842,0.41001244670966475,11.633258457033827
1.4639999999999056,0.554270646653975,-0.052146716148401925,0.4098664539066793,0.5586701854810068,-0.04136791763086343,0.40849037533017096,0.5627999338382861,-0.08608955793172832,0.4100150530448129,11.642097722156887
1.4659999999999054,0.5542103329394567,-0.052375448666968305,0.4098664539066793,0.5585794948494693,-0.04157552290532477,0.4084907202968732,0.5627568864955405,-0.0862993317058418,0.4100122713329231,11.650234858272919
1.4679999999999052,0.5541500192249383,-0.052604181185534685,0.4098664539066793,0.5584892358024417,-0.041783934987623776,0.4084908484712724,0.5627133472935946,-0.08650990587603229,0.41000314262417326,11.657895534352905
1.469999999999905,0.55408970551042,-0.05283291370410107,0.4098664539066793,0.5584001452028164,-0.04199076548816268,0.40849129532200823,0.562670038483836,-0.08671408184874548,0.4100158893340629,11.667564796398711
1.4719999999999047,0.5540293917959017,-0.05306164622266746,0.4098664539066793,0.5583121881449546,-0.042198242770946706,0.4084922305116896,0.5626258847190392,-0.0869205219810585,0.41002795932127784,11.677152012469456
1.4739999999999045,0.5539720304146956,-0.05329309234881929,0.4098664539066793,0.5582246286537128,-0.04240646061231977,0.408492965949194,0.5625771098186244,-0.08712839465606864,0.41003792151323704,11.687743253025847
1.4759999999999043,0.5539255096323703,-0.05353450250282397,0.4098664539066793,0.5581371143267652,-0.04261611817514219,0.40849339832807124,0.5625294236195681,-0.08734641175720137,0.41001680833001575,11.702509578240726
1.477999999999904,0.5538789888500452,-0.053775912656828635,0.4098664539066793,0.5580502026537927,-0.04282742192529376,0.40849401017884795,0.5624714233924571,-0.0875485873409759,0.4099852728141376,11.716162933959174
1.4799999999999038,0.5538324680677199,-0.05401732281083331,0.4098664539066793,0.55796360220303,-0.04303899596828508,0.4084942666787317,0.5624148819616671,-0.0877520355600492,0.40995260251913523,11.729873379782882
1.4819999999999036,0.5537859472853945,-0.05425873296483798,0.4098664539066793,0.5578776354505279,-0.04325102343752083,0.4084943162833661,0.5623592245500866,-0.0879587135475829,0.40991766015645803,11.743576162246377
1.4839999999999034,0.5537394265030694,-0.054500143118842645,0.4098664539066793,0.5577940180695431,-0.04345939256329433,0.4084963644069719,0.5623058340107361,-0.08815415314965931,0.4099047316327193,11.761712698444905
1.4859999999999032,0.5536929057207441,-0.05474155327284732,0.40986645390667925,0.5577121063498839,-0.043665197742269374,0.40850013556736553,0.5622540943051777,-0.08834303740331194,0.40991162178384777,11.783022767398947
1.487999999999903,0.553646384938419,-0.054982963426851994,0.4098664539066793,0.5576314912464909,-0.04386947362262101,0.4085051343529304,0.5622026851679899,-0.08852886397136386,0.40993703150435984,11.806385048582001
1.4899999999999027,0.5535998641560937,-0.05522437358085666,0.4098664539066793,0.5575519442687727,-0.04407273656415951,0.40851109561163024,0.5621516522952282,-0.08871306413991294,0.40997805894096045,11.83122755123926
1.4919999999999025,0.5535533433737685,-0.05546578373486133,0.4098664539066793,0.5574733207221535,-0.04427539946732752,0.40851779755506945,0.5621011835145057,-0.08889664574674642,0.4100320061406871,11.857104303619826
1.4939999999999023,0.5535068225914432,-0.055707193888866,0.4098664539066793,0.5573946547130804,-0.0444813194660688,0.40852329607154647,0.5620450082528236,-0.08909026156164074,0.4100796906419254,11.880046092606111
1.495999999999902,0.553460301809118,-0.05594860404287067,0.4098664539066793,0.5573161078834031,-0.044689809590982205,0.40852769866210326,0.5619852379901902,-0.08929039699729964,0.41012019384143766,11.900743379821648
1.4979999999999019,0.5534137810267927,-0.056190014196875346,0.4098664539066793,0.5572371601888618,-0.04490064428891796,0.4085308955446606,0.5619327965469707,-0.08949411640631373,0.4101518494702697,11.91923240547133
1.4999999999999016,0.5533672602444675,-0.05643142435088001,0.4098664539066793,0.5571583491931903,-0.04511347524631584,0.4085331618597301,0.5618860932093004,-0.08970077038832111,0.4101751489364663,11.9360096912927
1.5019999999999014,0.5533207394621422,-0.05667283450488469,0.4098664539066793,0.5570801624625755,-0.045328426753212685,0.40853483910428734,0.5618405554360653,-0.08991745367789324,0.410167242472874,11.95110239820506
1.5039999999999012,0.553274218679817,-0.056914244658889356,0.4098664539066793,0.5570022281713352,-0.045544638074044144,0.4085358280538831,0.5617968866709224,-0.09013627378058645,0.41015476153987307,11.9651999006705
1.505999999999901,0.5532276978974917,-0.05715565481289402,0.4098664539066793,0.5569247263628759,-0.04576201215147625,0.40853629610931985,0.561753960753273,-0.09035830500229954,0.41013681788648165,11.978443662260144
1.5079999999999008,0.5531791030325296,-0.05739186461920909,0.4098664539066793,0.5568484235615712,-0.04597978972251603,0.4085366656181538,0.5617076459641033,-0.09057916857343494,0.4101247819144296,11.987467063253089
1.5099999999999005,0.5531283635379021,-0.05762269719526006,0.4098664539066793,0.5567728420462384,-0.046198162103141344,0.40853685431778397,0.5616583325677587,-0.0907997624881336,0.4101164531225384,11.991756571444308
1.5119999999999003,0.5530776240432747,-0.05785352977131102,0.4098664539066793,0.5566977774908947,-0.046415242215843054,0.4085370993621157,0.5616134095786406,-0.0910146645102473,0.4101319534235314,11.997496955027264
1.5139999999999,0.5530268845486471,-0.05808436234736199,0.4098664539066793,0.5566232650733786,-0.046631691693075766,0.4085374235654947,0.5615729455798213,-0.09122688141117305,0.410168328385036,12.004066727331049
1.5159999999998999,0.5529761450540197,-0.058315194923412965,0.4098664539066793,0.5565489098613998,-0.04685041161073193,0.4085374427787109,0.561533886569528,-0.09145065159580526,0.41017472345701955,12.00857630094356
1.5179999999998997,0.5529254055593922,-0.05854602749946393,0.4098664539066793,0.5564748494161695,-0.04707063589213315,0.4085371870808291,0.5614961310335441,-0.09168506824407589,0.4101504201122282,12.01179271524497
1.5199999999998994,0.5528746660647648,-0.05877686007551489,0.4098664539066793,0.5564008752996938,-0.047291549832251784,0.40853652594115286,0.5614592783454115,-0.09192032882476846,0.4101251586594053,12.01442894824817
1.5219999999998992,0.5528239265701373,-0.05900769265156587,0.4098664539066793,0.5563272155494485,-0.04751311631308213,0.4085355953616608,0.561422417578556,-0.09215772260852079,0.41009744416470717,12.01658515859616
1.523999999999899,0.5527731870755097,-0.05923852522761683,0.4098664539066793,0.556254290653002,-0.04773621049716986,0.40853497286501417,0.5613767063601396,-0.09238323730963094,0.4100512192042121,12.017542439096568
1.5259999999998988,0.5527224475808823,-0.0594693578036678,0.4098664539066793,0.5561818844786054,-0.047960374232312614,0.4085345043746481,0.561331104896386,-0.09256626639865641,0.4100083496104647,12.017670593548967
1.5279999999998986,0.5526717080862548,-0.059700190379718764,0.4098664539066793,0.5561106705106821,-0.048183404189359944,0.40853441208733027,0.561287418118235,-0.09275349433795468,0.4099733450373065,12.019268975734866
1.5299999999998983,0.5526209685916272,-0.059931022955769735,0.4098664539066793,0.5560401973702134,-0.04840597496279482,0.408534580895654,0.5612453625152494,-0.09294631194866163,0.40994389924629654,12.021557997226761
1.531999999999898,0.5525702290969998,-0.060161855531820706,0.4098664539066793,0.5559709286070652,-0.04862448124439203,0.4085364842518021,0.561207653128582,-0.0931327909552325,0.409936385792692,12.028123819032595
1.533999999999898,0.5525194896023723,-0.06039268810787167,0.4098664539066793,0.5559026822492071,-0.048840049224094725,0.4085399625156841,0.5611743934054623,-0.09331667715388658,0.40994822483229004,12.03783442586549
1.5359999999998977,0.5524687501077449,-0.06062352068392264,0.4098664539066793,0.5558335028321628,-0.04905802603109609,0.4085424425059415,0.5611425272178882,-0.09351105680727897,0.40995426290346915,12.04500840435728
1.5379999999998974,0.5524180106131173,-0.060854353259973605,0.4098664539066793,0.5557640509273639,-0.049277705063423896,0.40854404432446423,0.5611118735659247,-0.09371224495841052,0.40995448275824686,12.050509086807947
1.5399999999998972,0.5523672711184899,-0.061085185836024576,0.4098664539066793,0.555696399490598,-0.04949409301164397,0.4085472811775125,0.5610835625202922,-0.09390713930500612,0.4099721183416118,12.05970681987678
1.541999999999897,0.5523736453800054,-0.06133033869787829,0.4098664539066793,0.5556288604581542,-0.049710382726848815,0.40855002334409696,0.5610572218729053,-0.09410574203352574,0.41001137685926253,12.067303011595856
1.5439999999998968,0.5523971537683637,-0.061579787645472825,0.4098664539066793,0.5555621857472215,-0.049928514725036705,0.40855242159208327,0.5610231132897251,-0.09431304938389261,0.41004668017691115,12.073507696344103
1.5459999999998966,0.552420662156722,-0.06182923659306737,0.4098664539066793,0.5554962560336802,-0.05014920656389092,0.4085543776683029,0.5609905489966694,-0.09453179002340095,0.41005196866252713,12.078177808694756
1.5479999999998963,0.5524441705450804,-0.0620786855406619,0.4098664539066793,0.5554316197139583,-0.05037176124612533,0.4085560567616958,0.5609594610876476,-0.09476140611239534,0.41002679073544884,12.08209125005433
1.5499999999998961,0.5524676789334387,-0.06232813448825644,0.4098664539066793,0.5553681623328428,-0.05059531140317566,0.40855733815416784,0.560930600170735,-0.09499292645991249,0.41000210476509835,12.086022567247799
1.551999999999896,0.5524911873217971,-0.06257758343585099,0.4098664539066793,0.5553069211507915,-0.05081737415454178,0.4085589483524893,0.5609069317552631,-0.09521819942619826,0.4100052907492318,12.092596054443165
1.5539999999998957,0.5525146957101554,-0.06282703238344552,0.4098664539066793,0.5552476113212015,-0.05103876910026849,0.40856081612065465,0.5608880507632756,-0.09544075193530015,0.4100331549958421,12.10090818784271
1.5559999999998955,0.5525382040985138,-0.06307648133104006,0.4098664539066793,0.5551893837794324,-0.05126229306562883,0.40856230790696035,0.5608728800439167,-0.09566832202969155,0.41005469867097116,12.108005536466186
1.5579999999998952,0.5525617124868721,-0.06332593027863459,0.4098664539066793,0.5551327598018351,-0.05148769013755775,0.40856363757474534,0.5608592607295823,-0.09590699462190948,0.41004596808975136,12.114215365989704
1.559999999999895,0.5525852208752304,-0.06357537922622913,0.4098664539066793,0.5550776405307841,-0.05171452287924448,0.40856477920066503,0.5608471290011618,-0.09615624385734314,0.4100065412695011,12.119903837209124
1.5619999999998948,0.5526087292635888,-0.06382482817382368,0.4098664539066793,0.5550246316972605,-0.051941528525298236,0.40856616718347716,0.5608327186541184,-0.09640024278859269,0.409973300890586,12.126392501715642
1.5639999999998946,0.5526322376519472,-0.06407427712141821,0.4098664539066793,0.5549740035959653,-0.05216531998778974,0.4085691534944715,0.560821921870601,-0.09662990627453671,0.40996490827232074,12.137014779061737
1.5659999999998944,0.5526557460403055,-0.06432372606901275,0.4098664539066793,0.5549254775998049,-0.05238693174436791,0.408573542599419,0.5608148365733987,-0.09685032119831558,0.4099784770798867,12.150668298536537
1.5679999999998941,0.5526792544286638,-0.06457317501660728,0.4098664539066793,0.5548778642144728,-0.05260892419309492,0.40857744179379085,0.5608129133727144,-0.09706981995576246,0.4100152850502817,12.164587241586588
1.569999999999894,0.5527027628170222,-0.06482262396420183,0.4098664539066793,0.5548306956248349,-0.05283370395387525,0.4085803684801199,0.5608139457053013,-0.0972938397136101,0.41004679456730947,12.176300794928414
1.5719999999998937,0.5527262712053806,-0.06507207291179637,0.4098664539066793,0.5547844390182124,-0.05306047483406689,0.4085825173097253,0.5608164721720389,-0.09752148986701642,0.4100716555063298,12.18665430406111
1.5739999999998935,0.552747941592044,-0.06532031171258408,0.40986645390667925,0.5547394976288554,-0.053289163354372275,0.40858418957550185,0.5608204680938107,-0.09775913723293334,0.41006535198128835,12.194868849850856
1.5759999999998933,0.5527321955156335,-0.06554391538194732,0.4098664539066793,0.5546957436998021,-0.053519353096928485,0.4085854141156514,0.5608259106344747,-0.09800655530858406,0.41002770100182057,12.183826148540092
1.577999999999893,0.5527164494392229,-0.06576751905131054,0.4098664539066793,0.5546532560825177,-0.05374966658212274,0.4085862488832212,0.5608255764611783,-0.09824998678428341,0.4099957948798962,12.17292068259191
1.5799999999998928,0.5527007033628123,-0.06599112272067376,0.4098664539066793,0.5546114768449113,-0.05397841722085872,0.4085868660431986,0.5608294386850609,-0.0984837147901372,0.40999225120645405,12.163722650783319
1.5819999999998926,0.5526849572864018,-0.06621472639003698,0.4098664539066793,0.5545700395197692,-0.05420954839550825,0.40858730519860315,0.560833217950427,-0.09867787250391477,0.40998912078360455,12.15227689393533
1.5839999999998924,0.5526692112099912,-0.06643833005940021,0.4098664539066793,0.5545299914053734,-0.05443723993559992,0.4085888155526247,0.5608427836132139,-0.0988666929932449,0.4100032786766217,12.144491224217806
1.5859999999998922,0.5526534651335806,-0.06666193372876343,0.4098664539066793,0.5544897001879959,-0.05466632902800951,0.40858961327408777,0.5608504014380763,-0.09906447177274262,0.4100122518020631,12.135332352754627
1.587999999999892,0.5526377190571701,-0.06688553739812665,0.4098664539066793,0.5544495254961668,-0.054896404038565244,0.4085897488053847,0.5608562219393357,-0.09926873423384193,0.41001574350855474,12.125261287318228
1.5899999999998917,0.5526219729807595,-0.06710914106748989,0.4098664539066793,0.5544098106150729,-0.055127582730637795,0.4085893666192135,0.5608638530449195,-0.09948467882126792,0.4099894502764494,12.114210811524496
1.5919999999998915,0.552606226904349,-0.0673327447368531,0.4098664539066793,0.5543713101823745,-0.055358144150149245,0.4085891506380012,0.5608666327606535,-0.09970127790170029,0.4099662117749518,12.103990176361417
1.5939999999998913,0.5525904808279385,-0.06755634840621633,0.4098664539066793,0.5543342169971106,-0.05558490072211894,0.40859044698314684,0.5608717902780594,-0.09990884602102801,0.40996543780151085,12.097775641859114
1.595999999999891,0.5525747347515279,-0.06777995207557955,0.4098664539066793,0.5542982550135775,-0.05580891112541379,0.4085930941754897,0.5608795876762875,-0.10011153171925512,0.4099847488349695,12.094475744084209
1.5979999999998908,0.5525589886751172,-0.06800355574494277,0.4098664539066793,0.5542621893386486,-0.05603286835313143,0.4085951410955365,0.5608917211552079,-0.10031704920187634,0.410025894745564,12.091246798106656
1.5999999999998906,0.5525432425987067,-0.06822715941430599,0.4098664539066793,0.5542262691416024,-0.056256902283058824,0.4085966844397312,0.5609083532600545,-0.10052502956111178,0.4100850674283897,12.087995455503167
1.6019999999998904,0.5525274965222962,-0.06845076308366922,0.4098664539066793,0.5541901683592605,-0.05648375253472249,0.40859740526373817,0.560926788111033,-0.10074423031779053,0.4101140849439179,12.081962552335478
1.6039999999998902,0.5525117504458856,-0.06867436675303244,0.4098664539066793,0.5541541267543162,-0.056712402718985214,0.40859743805679505,0.5609468840442206,-0.10097369337112864,0.41011218020093004,12.074186659578087
1.60599999999989,0.552496004369475,-0.06889797042239566,0.4098664539066793,0.5541180726576063,-0.05694194542542256,0.40859697578796583,0.5609635173018861,-0.10120287275102452,0.4101076945141863,12.065555903463661
1.6079999999998897,0.552472474682095,-0.06911340866512843,0.4098664539066793,0.5540821836087095,-0.05717229047110367,0.4085960461838907,0.5609769904064172,-0.10143226100421446,0.41010015192390176,12.049127211217058
1.6099999999998895,0.5524327358254797,-0.0693118426173524,0.4098664539066793,0.554046668291554,-0.05740349931631885,0.4085947585642362,0.5609921151597742,-0.10167164716262195,0.41006147485289296,12.017213411615836
1.6119999999998893,0.5523929969688645,-0.06951027656957638,0.4098664539066793,0.5540111770828832,-0.057635227138542,0.4085930566207474,0.5610088486779371,-0.10192071172252433,0.4099913976515583,11.984794778005819
1.613999999999889,0.5523532581122491,-0.06970871052180036,0.40986645390667936,0.5539761161758113,-0.057864262803297775,0.4085913793463696,0.561027374406109,-0.10215729525640875,0.40995484828579426,11.955108115396113
1.6159999999998889,0.5523135192556338,-0.06990714447402434,0.4098664539066793,0.5539422111489571,-0.058089591577032404,0.4085914001108021,0.5610463579185611,-0.1023807050322205,0.40994362975708454,11.92925788792328
1.6179999999998886,0.5522737803990184,-0.07010557842624832,0.4098664539066793,0.5539089664058352,-0.05831207142346335,0.40859282813492726,0.5610658578695508,-0.1025950200661926,0.409954339760929,11.906327758869544
1.6199999999998884,0.5522340415424032,-0.0703040123784723,0.4098664539066793,0.5538761063743967,-0.05853230996701417,0.4085953886064325,0.5610861455092477,-0.102802784099491,0.4099834828702268,11.885678549262504
1.6219999999998882,0.5521943026857878,-0.07050244633069627,0.4098664539066793,0.5538424338036207,-0.05875277307738616,0.40859712740033693,0.5611091166311066,-0.10301112786648793,0.4100321542860108,11.864702176671784
1.623999999999888,0.5521545638291725,-0.07070088028292025,0.4098664539066793,0.5538082505784084,-0.058973405912182045,0.40859817791420305,0.5611351480126721,-0.10321967191382787,0.41009645452331206,11.843493360530076
1.6259999999998878,0.5521148249725571,-0.07089931423514423,0.4098664539066793,0.5537732736071251,-0.05919662692968057,0.4085982881719318,0.5611629283807247,-0.10343825393924587,0.41012964709539973,11.819616831478111
1.6279999999998875,0.5520750861159418,-0.0710977481873682,0.4098664539066793,0.553737783309101,-0.059421392534493064,0.4085976247742228,0.5611923435018952,-0.10366614255792948,0.4101311494238646,11.794144449198873
1.6299999999998873,0.5520353472593266,-0.07129618213959218,0.4098664539066793,0.5537019185992212,-0.05964715672315124,0.4085963406852189,0.5612233851069871,-0.10390321657759694,0.41010086746248814,11.767635836643036
1.631999999999887,0.5519956084027112,-0.07149461609181616,0.4098664539066793,0.5536655388421152,-0.059873175329979655,0.4085943687352588,0.5612483902286984,-0.10414127284426074,0.41007263253033915,11.740807172137831
1.6339999999998869,0.5519558695460959,-0.07169305004404014,0.4098664539066793,0.5536288684273927,-0.06009952876397262,0.4085920378798876,0.5612666826093287,-0.10437676584209904,0.4100441858609927,11.713610072398636
1.6359999999998867,0.5519161306894805,-0.07189148399626412,0.4098664539066793,0.5535923124603893,-0.060326692634497914,0.4085898075581449,0.561272749214677,-0.10460151726420751,0.4099994665426581,11.685631543494306
1.6379999999998864,0.5518763918328653,-0.07208991794848808,0.4098664539066793,0.5535556981753095,-0.060554251834753464,0.4085875900841563,0.5612785989523097,-0.10478422617295792,0.40995776660539707,11.657257931406443
1.6399999999998862,0.55183665297625,-0.07228835190071208,0.4098664539066793,0.5535202884459629,-0.060777560291446917,0.4085867999898798,0.5612870266501043,-0.10496429347640018,0.4099302975271809,11.633269182255036
1.641999999999886,0.5517851138880945,-0.072464630086202,0.40986645390667925,0.5534855875382081,-0.06099770644429102,0.4085872955971061,0.5612975483773097,-0.10514529791144149,0.40991570595760196,11.592322823496067
1.6439999999998858,0.5517257735357542,-0.07262626084812886,0.4098664539066793,0.5534511574991774,-0.061215281782755565,0.4085887952600051,0.561309878552844,-0.10532857686829868,0.409912247579012,11.540684254047733
1.6459999999998856,0.5516664331834139,-0.07278789161005572,0.40986645390667925,0.5534167204260788,-0.06142983097188644,0.40859120777756675,0.5613233305639105,-0.10550903341759095,0.40992718706435327,11.492129780513531
1.6479999999998853,0.5516070928310736,-0.07294952237198257,0.4098664539066793,0.5533821391610702,-0.0616419169126578,0.4085943850805045,0.5613383652628656,-0.10568818111472375,0.40995788444235304,11.446079271846134
1.6499999999998851,0.5515477524787333,-0.07311115313390944,0.4098664539066793,0.5533473151128139,-0.06185195779519452,0.40859817879429977,0.5613553390242896,-0.10586683577992835,0.4100017267117732,11.402100918221985
1.651999999999885,0.551488412126393,-0.07327278389583629,0.4098664539066793,0.553311131982486,-0.06206230490258312,0.4086007268193043,0.561376141020353,-0.10605071101560183,0.41006051244867237,11.35769109158928
1.6539999999998847,0.5514290717740526,-0.07343441465776315,0.4098664539066793,0.553273339251897,-0.062274882421695696,0.4086017589984502,0.5613962308320525,-0.1062436162584684,0.4101096596864758,11.310901036507358
1.6559999999998845,0.5513697314217124,-0.07359604541969002,0.4098664539066793,0.5532346187407111,-0.06248916754714627,0.40860168688073717,0.5614181263891146,-0.10644592490568335,0.4101272111038835,11.262350588938531
1.6579999999998842,0.5513103910693722,-0.07375767618161688,0.4098664539066793,0.5531951005999753,-0.0627043910920222,0.4086007141923453,0.5614417833041723,-0.10665734060600665,0.41011292691991424,11.212815939210035
1.659999999999884,0.5512510507170318,-0.07391930694354373,0.4098664539066793,0.553154669896819,-0.06291972827397431,0.4085988421360206,0.561460130676888,-0.10687127888012737,0.4100970902219259,11.163086351439748
1.6619999999998838,0.5511917103646915,-0.0740809377054706,0.4098664539066793,0.5531135621339344,-0.0631349923162343,0.40859630749623493,0.5614731490689118,-0.10708868831676184,0.4100781945195366,11.113380884640158
1.6639999999998836,0.5511323700123512,-0.07424256846739746,0.4098664539066793,0.5530726360002972,-0.06334912547245346,0.4085936508037702,0.5614777027909632,-0.10730405174522542,0.4100618720787391,11.064887364454954
1.6659999999998834,0.5510730296600109,-0.07440419922932431,0.4098664539066793,0.5530313697397232,-0.06356090339760848,0.4085909696778617,0.561485963180238,-0.1075122772202633,0.41006805187709255,11.018718635209522
1.6679999999998831,0.5510136893076706,-0.07456582999125116,0.4098664539066793,0.5529898938180041,-0.06377231008216153,0.40858819981286887,0.5614854767835028,-0.10772184929720209,0.41007157226408714,10.972942007254801
1.669999999999883,0.5509543489553304,-0.07472746075317803,0.4098664539066793,0.5529472987363151,-0.06398380166927506,0.40858493688209246,0.5614845662577758,-0.10793349393676731,0.4100720273413955,10.926941902502179
1.6719999999998827,0.55089500860299,-0.07488909151510488,0.4098664539066793,0.5529040378864114,-0.06419504196705923,0.4085813584499852,0.5614824469264824,-0.10814803303651366,0.4100679657947761,10.881125603433683
1.6739999999998825,0.5508356682506497,-0.07505072227703173,0.4098664539066793,0.5528602929431621,-0.06440586503879131,0.40857757546810325,0.5614782301516851,-0.10836618864028336,0.410058146431696,10.835685985116516
1.6759999999998823,0.55076515352574,-0.07518634825491315,0.4098664539066793,0.5528163240994626,-0.06461644971930108,0.40857380716765707,0.5614760355161055,-0.1085942525393495,0.4100171718947105,10.767082045551598
1.677999999999882,0.5506931092289196,-0.07531841464258299,0.4098664539066793,0.5527725889520431,-0.0648254247602918,0.40857048009428754,0.5614705543875412,-0.10881518438371157,0.40998088845684605,10.697059062599735
1.6799999999998818,0.5506210649320992,-0.07545048103025284,0.4098664539066793,0.552729193252678,-0.06502992521308769,0.40856871450025245,0.5614678986343866,-0.10902054940216438,0.40996563619420634,10.63165972718658
1.6819999999998816,0.5505490206352788,-0.0755825474179227,0.4098664539066793,0.5526858381206288,-0.06523083152427957,0.40856829846595,0.5614680028845026,-0.10921486999200478,0.40996851516853816,10.569957942603237
1.6839999999998814,0.5504769763384585,-0.07571461380559255,0.4098664539066793,0.5526421254407976,-0.06542922632853913,0.4085687152652461,0.5614724727973911,-0.10940164311025392,0.4099859337323606,10.510807114036826
1.6859999999998811,0.550404932041638,-0.0758466801932624,0.4098664539066793,0.5525980408592563,-0.0656254136660197,0.40856980076377697,0.5614807515469152,-0.10958237348843294,0.41001513224151726,10.453899545473329
1.687999999999881,0.5503328877448177,-0.07597874658093227,0.4098664539066793,0.5525522174196478,-0.0658230406125402,0.4085696831065243,0.5614862859095734,-0.10976788984572983,0.41003672158027776,10.395373390216236
1.6899999999998807,0.5502608434479973,-0.07611081296860213,0.4098664539066793,0.5525052445368301,-0.06602115771481479,0.4085686371257772,0.5614885597949614,-0.1099569284944813,0.4100496694941643,10.336270090696766
1.6919999999998805,0.5501887991511769,-0.07624287935627197,0.4098664539066793,0.5524573988539189,-0.06621926163655684,0.408566882012811,0.5614868992283764,-0.11014992271816816,0.4100532358433851,10.277132713080439
1.6939999999998803,0.5501167548543565,-0.07637494574394184,0.4098664539066793,0.5524094733466618,-0.06641616662130664,0.40856490653844574,0.561477858082101,-0.1103413408520411,0.41005606708402487,10.219287631649928
1.69599999999988,0.5500447105575361,-0.07650701213161169,0.4098664539066793,0.5523611149856303,-0.06661208180274074,0.40856268666645623,0.5614625384577635,-0.11053189570923598,0.4100571614640594,10.162449295701542
1.6979999999998798,0.5499726662607158,-0.07663907851928155,0.4098664539066793,0.5523121979395172,-0.06680706869576156,0.40856023337432357,0.561442581724381,-0.11072234554891178,0.41005511783733734,10.10652391507134
1.6999999999998796,0.5499006219638953,-0.0767711449069514,0.4098664539066793,0.5522620673714537,-0.06700159946563253,0.40855729456058865,0.5614229776546322,-0.11091382944541338,0.41004902662076953,10.050892624183824
1.7019999999998794,0.5498285776670749,-0.07690321129462124,0.4098664539066793,0.552211170417012,-0.06719544771911118,0.4085540515832878,0.5614028892409941,-0.11110747902790671,0.4100378726009059,9.995870239756638
1.7039999999998792,0.5497565333702545,-0.07703527768229111,0.4098664539066793,0.5521596896890404,-0.0673884976502854,0.40855061465901077,0.5613813308042228,-0.11130418495366445,0.4100206810701098,9.941605769614105
1.705999999999879,0.5496844890734343,-0.07716734406996097,0.4098664539066793,0.5521077091075568,-0.06758067648520413,0.4085470559794067,0.5613573744772107,-0.11150465037394752,0.4099965097304031,9.888184399291926
1.7079999999998787,0.5496211902258392,-0.07729665886785163,0.4098664539066793,0.5520561227812343,-0.06777115686976237,0.4085440920310519,0.561333229573432,-0.11169964162975013,0.40997547268806694,9.83178950470997
1.7099999999998785,0.5496047818719636,-0.07741122046096872,0.40986645390667936,0.5520050744756665,-0.06795750580520826,0.40854268175191405,0.5613122226246833,-0.11188140021169302,0.4099710546079009,9.753672404583359
1.7119999999998783,0.5495883735180878,-0.0775257820540858,0.4098664539066793,0.5519547873665679,-0.06814051237567548,0.40854279669439975,0.5612947417241027,-0.11205386895220264,0.40998099372370717,9.679008287979036
1.713999999999878,0.5495719651642121,-0.07764034364720292,0.4098664539066793,0.5519053396128024,-0.06832068796325673,0.40854422423187486,0.5612810625072062,-0.11221928578466568,0.4100027452957236,9.607321082624669
1.7159999999998778,0.5495555568103364,-0.07775490524032,0.4098664539066793,0.5518558872921184,-0.06849996743388308,0.40854536174722916,0.5612726812375524,-0.1123834380912961,0.4100372091557745,9.536529459212662
1.7179999999998776,0.5495391484564606,-0.0778694668334371,0.4098664539066793,0.5518064232719052,-0.068680366412333,0.40854601488228726,0.5612665126204451,-0.11255738306737514,0.4100404550160967,9.464676520509567
1.7199999999998774,0.549522740102585,-0.07798402842655419,0.4098664539066793,0.5517569934771679,-0.06886070129808806,0.4085461029567127,0.5612582191906952,-0.1127343498575071,0.41003747078128944,9.392922124389258
1.7219999999998772,0.5495063317487092,-0.07809859001967129,0.4098664539066793,0.5517078715758875,-0.06904066130228936,0.40854577562616706,0.561247232529351,-0.1129150487754607,0.4100274493151476,9.321633454487706
1.723999999999877,0.5494899233948334,-0.07821315161278838,0.4098664539066793,0.5516597417872464,-0.06921942735029767,0.4085453796501017,0.5612327948732908,-0.11309292679760889,0.41001780697462464,9.251766748344236
1.7259999999998767,0.5494735150409578,-0.07832771320590548,0.4098664539066793,0.5516121947460729,-0.06939592748576458,0.40854498667220396,0.5612237282774991,-0.11326314345509894,0.4100239272252071,9.184266276169504
1.7279999999998765,0.549457106687082,-0.07844227479902256,0.4098664539066793,0.5515647672504184,-0.06957228004106171,0.40854426311928366,0.5612132546260518,-0.11343757844210688,0.41002299363618927,9.11696441018041
1.7299999999998763,0.5494406983332063,-0.07855683639213966,0.4098664539066793,0.5515178767239886,-0.06974834911816433,0.4085434305395498,0.5612050565225157,-0.11362180877630389,0.4099908588794432,9.050089398614698
1.731999999999876,0.5494242899793306,-0.07867139798525676,0.4098664539066793,0.5514716047898259,-0.06992433453133778,0.40854281758614686,0.5611983504777645,-0.1137723349850729,0.4099653935721679,8.983463530296014
1.7339999999998759,0.5494078816254548,-0.07878595957837384,0.4098664539066793,0.551426808565899,-0.0700959505756347,0.40854338079953967,0.5611938653286832,-0.11391435048966078,0.40995434999579294,8.921452934278053
1.7359999999998756,0.5493914732715791,-0.07890052117149095,0.4098664539066793,0.5513831476667168,-0.0702641339613538,0.408545012411104,0.56119171171094,-0.11405144626296443,0.4099563844577746,8.863066678056063
1.7379999999998754,0.5493750649177034,-0.07901508276460803,0.4098664539066793,0.5513404102851052,-0.07042949130810287,0.4085475332051627,0.5611918165312049,-0.11418542381935455,0.4099696670971174,8.807665018106784
1.7399999999998752,0.5493586565638278,-0.07912964435772513,0.4098664539066793,0.5512976712648133,-0.07059389206826913,0.4085494895671318,0.5611968164501063,-0.1143210475051506,0.40999484167727096,8.753219131130637
1.741999999999875,0.5493229317378948,-0.07922562639878374,0.4098664539066793,0.5512551509822794,-0.07075738134197934,0.4085509867388075,0.5612068530154775,-0.1144577435851922,0.4100295786035815,8.685887723800152
1.7439999999998748,0.5492620954982875,-0.07929745502216634,0.4098664539066793,0.5512122331474545,-0.07092164528288056,0.40855163248511317,0.5612148968622835,-0.11460070014950602,0.4100556212278992,8.599838698453189
1.7459999999998745,0.5492012592586804,-0.07936928364554893,0.4098664539066793,0.5511689970224898,-0.0710861431166667,0.4085515824271526,0.5612253125482347,-0.11475351840852757,0.4100505322919777,8.513660136999436
1.7479999999998743,0.5491404230190731,-0.07944111226893154,0.4098664539066793,0.5511251317059346,-0.07125008572057537,0.408550745897478,0.5612301185467946,-0.11491073044999456,0.4100392426003997,8.428047489637155
1.749999999999874,0.5490795867794658,-0.07951294089231413,0.4098664539066793,0.5510808629801377,-0.07141347116848398,0.40854942809617634,0.5612372376896596,-0.11507746221089127,0.4099965450256699,8.34305197386526
1.7519999999998739,0.5490187505398586,-0.07958476951569673,0.4098664539066793,0.551036495290885,-0.07157402934261839,0.40854792020017383,0.5612470474276465,-0.1152341698781833,0.4099718225040593,8.260947403347032
1.7539999999998737,0.5489579143002513,-0.07965659813907933,0.4098664539066793,0.5509926866211111,-0.07173096891360545,0.4085475301364442,0.5612558667178783,-0.11538095838177204,0.4099617137692329,8.182658309951776
1.7559999999998734,0.5488970780606441,-0.07972842676246192,0.4098664539066793,0.5509491234919521,-0.0718847038747319,0.4085481567752881,0.5612634901150511,-0.11552054479522095,0.40996358210878553,8.107704927515037
1.7579999999998732,0.5488362418210369,-0.07980025538584452,0.4098664539066793,0.550904760438923,-0.07203711066213687,0.40854824745882856,0.5612740903640523,-0.11565737444554265,0.409976888862327,8.034001821867577
1.759999999999873,0.5487754055814297,-0.07987208400922712,0.4098664539066793,0.5508604669001022,-0.07218728794940187,0.40854894345532766,0.5612849576419401,-0.1157895970610437,0.40999786594607657,7.962635944442638
1.7619999999998728,0.5487145693418224,-0.07994391263260972,0.4098664539066793,0.5508154391643554,-0.07233631946598575,0.4085490785335145,0.5612987595229179,-0.11591998698424548,0.4100262367965503,7.892346153083606
1.7639999999998726,0.5486537331022152,-0.08001574125599231,0.4098664539066793,0.55076945969394,-0.07248572681644312,0.4085485630512704,0.561306626567065,-0.11605381382822585,0.4100444039009037,7.821599355039262
1.7659999999998723,0.5485928968626079,-0.0800875698793749,0.4098664539066793,0.5507228014615272,-0.07263481853935216,0.4085474109868499,0.561309324692172,-0.11619287092825603,0.41005242360277183,7.751128700822105
1.7679999999998721,0.5485320606230006,-0.08015939850275751,0.4098664539066793,0.5506757416130272,-0.07278348115967163,0.4085458932272751,0.5613143643683979,-0.11634111568384094,0.4100287884381185,7.681114817462138
1.769999999999872,0.5484712243833935,-0.0802312271261401,0.4098664539066793,0.5506282827331705,-0.07293143809953134,0.408544076267456,0.5613217322871498,-0.11649844834396345,0.40997341637597906,7.611821106498804
1.7719999999998717,0.5484103881437862,-0.0803030557495227,0.4098664539066793,0.5505815083049748,-0.07307561936437226,0.4085432896364979,0.5613273086465022,-0.11664223189041761,0.409936096266666,7.5464958395082995
1.7739999999998715,0.548349551904179,-0.0803748843729053,0.4098664539066793,0.5505350407658754,-0.07321669898660718,0.4085434039317165,0.5613317633050734,-0.11677626501925198,0.40991463415157436,7.484382378607545
1.7759999999998712,0.5482594161374229,-0.0804097578161836,0.4098664539066793,0.5504886777800133,-0.07335511526831301,0.4085442605883228,0.5613355910908514,-0.11690284301223496,0.40990668965734967,7.3984855848579585
1.777999999999871,0.5481574505146349,-0.08042971038862164,0.4098664539066793,0.5504419262493179,-0.07349104090507708,0.40854555037951057,0.561339107771753,-0.11702355150621424,0.40991007895940706,7.305064242306679
1.7799999999998708,0.548055484891847,-0.08044966296105965,0.4098664539066793,0.5503943948503699,-0.07362457422718924,0.4085470481339895,0.5613424667549386,-0.11713955996933503,0.4099228506464318,7.2147304883330605
1.7819999999998706,0.5479535192690591,-0.0804696155334977,0.4098664539066793,0.5503452080309909,-0.0737570090260167,0.40854757530896585,0.561347636438444,-0.11725305494163943,0.40994271434387664,7.125956866149754
1.7839999999998704,0.5478515536462711,-0.08048956810593572,0.4098664539066793,0.5502945796959083,-0.07388815643602739,0.4085473009675491,0.5613544399508394,-0.1173639605712187,0.40996810556108276,7.0389638665650045
1.7859999999998701,0.5477495880234831,-0.08050952067837375,0.40986645390667925,0.5502426312426819,-0.07401791543708652,0.40854636816132944,0.5613626228166811,-0.11747249748207766,0.40999774572044045,6.9538624592021625
1.78799999999987,0.5476476224006952,-0.08052947325081178,0.4098664539066793,0.5501894452966677,-0.07414621727570966,0.40854489589732934,0.561371900371141,-0.11757891840363528,0.41003054504346964,6.870721976485937
1.7899999999998697,0.5475456567779072,-0.08054942582324981,0.4098664539066793,0.5501348062735429,-0.07427419505830016,0.40854290045180885,0.5613741231298109,-0.11768766909335991,0.41005216290382385,6.788388340697757
1.7919999999998695,0.5474436911551193,-0.08056937839568784,0.4098664539066793,0.5500789005070014,-0.07440133008984703,0.4085404383855765,0.5613695336117225,-0.1177982180956106,0.41006271693149654,6.707395040657182
1.7939999999998693,0.5473417255323313,-0.08058933096812586,0.4098664539066793,0.5500218567566659,-0.07452727493449876,0.40853760641840575,0.5613580016762196,-0.11791145013888873,0.4100620211396273,6.628093748166827
1.795999999999869,0.5472397599095434,-0.08060928354056389,0.4098664539066793,0.5499637573272211,-0.07465180695174718,0.40853448473020415,0.5613394578501393,-0.11802825598548929,0.4100499908643681,6.5507014309777505
1.7979999999998688,0.5471377942867555,-0.08062923611300192,0.4098664539066793,0.5499046638047493,-0.07477477186495844,0.408531140471889,0.56131385630107,-0.11814943802889166,0.41002656029150136,6.475362427016957
1.7999999999998686,0.5470358286639675,-0.08064918868543995,0.4098664539066793,0.5498446233982779,-0.07489603118925596,0.4085276077627758,0.5612813513216364,-0.11827651439840968,0.40999171046258537,6.402198765688851
1.8019999999998684,0.5469338630411795,-0.08066914125787798,0.4098664539066793,0.5497843359505162,-0.07501491354203822,0.4085244626344736,0.5612528242564738,-0.11839773900504881,0.4099609254965596,6.332099720427103
1.8039999999998682,0.5468318974183916,-0.080689093830316,0.4098664539066793,0.5497234531923904,-0.0751316491103417,0.4085215688683379,0.561228134550088,-0.11851483459277554,0.4099324808284275,6.264685675252669
1.805999999999868,0.5467299317956036,-0.08070904640275404,0.4098664539066793,0.5496622179798475,-0.07524469474327505,0.4085195102399929,0.5612070027726814,-0.11862260266103117,0.4099157102099282,6.201406398935526
1.8079999999998677,0.5466279661728156,-0.08072899897519206,0.4098664539066793,0.5496005224322619,-0.07535457971909885,0.4085181918788116,0.5611890114492211,-0.11872345412114196,0.40990903935900735,6.141699525036908
1.8099999999998675,0.5466071462930109,-0.08075396039844403,0.4098664539066793,0.5495382845211219,-0.07546167258644618,0.4085174882910687,0.5611737271573886,-0.11881890092409937,0.40991085306941094,6.049783599213655
1.8119999999998673,0.5465871488362769,-0.08077897258707588,0.4098664539066793,0.5494763342733536,-0.07556631258348201,0.40851766183989235,0.5611606763066659,-0.11890986343507287,0.4099196045427357,5.959800064002438
1.813999999999867,0.5465671513795428,-0.08080398477570772,0.4098664539066793,0.5494150691263784,-0.07566872154506711,0.40851868112082856,0.5611494719837868,-0.118996911105547,0.4099337812902609,5.872100470931197
1.8159999999998668,0.5465471539228088,-0.08082899696433955,0.4098664539066793,0.5493546408955051,-0.07576906720001596,0.40852041724710575,0.5611397528872324,-0.11908052027490705,0.40995209727288767,5.786611471469912
1.8179999999998666,0.5465271564660749,-0.08085400915297139,0.4098664539066793,0.5492944906640005,-0.07586824043061335,0.4085219205693967,0.5611313624265458,-0.1191620034287223,0.4099727137665816,5.7022827285090285
1.8199999999998664,0.5465071590093409,-0.08087902134160321,0.4098664539066793,0.5492348700299857,-0.07596616690492423,0.408523236708499,0.5611244088568217,-0.11924143014061253,0.4099950497434277,5.619301213508994
1.8219999999998662,0.5464871615526069,-0.08090403353023506,0.4098664539066793,0.5491758797303866,-0.07606282388474683,0.4085243860870857,0.5611188111721284,-0.11931902251265752,0.41001862147212403,5.537735662804009
1.823999999999866,0.5464671640958728,-0.0809290457188669,0.4098664539066793,0.5491175585794513,-0.07615820478475116,0.4085253787247774,0.5611144113459613,-0.11939500593608923,0.41004300103630464,5.457610661930527
1.8259999999998657,0.5464471666391388,-0.08095405790749874,0.4098664539066793,0.5490596623955841,-0.07625319270633038,0.40852604078301313,0.5611053235120783,-0.1194768604907107,0.41005654104879885,5.378035674574897
1.8279999999998655,0.5464271691824049,-0.08097907009613059,0.4098664539066793,0.5490023331878656,-0.07634741784383149,0.40852642987985077,0.5610911910737246,-0.11956459073910719,0.4100591070485794,5.2994030080045835
1.8299999999998653,0.5464071717256709,-0.08100408228476241,0.4098664539066793,0.5489456279449406,-0.07644069014068125,0.40852659490006915,0.5610717362460811,-0.11965834116698067,0.4100506976226682,5.221906532848982
1.831999999999865,0.5463871742689368,-0.08102909447339426,0.4098664539066793,0.5488895721283943,-0.07653289205793416,0.4085265757926882,0.5610467221244821,-0.119758260491415,0.4100313007604522,5.145661396536572
1.8339999999998648,0.5463671768122028,-0.0810541066620261,0.4098664539066793,0.5488344468006574,-0.0766230097850123,0.4085265786682515,0.5610243597731817,-0.1198495711819899,0.41001788150082036,5.071690125531154
1.8359999999998646,0.5463471793554688,-0.08107911885065794,0.4098664539066793,0.5487801333303605,-0.0767112890107247,0.40852660480506414,0.5610044823537043,-0.11993417273975787,0.410009614979909,4.99972024762908
1.8379999999998644,0.5463271818987349,-0.08110413103928978,0.4098664539066793,0.5487265591189838,-0.0767995073546513,0.4085269384709955,0.5609839087999546,-0.11999514740707241,0.409989628855226,4.928163563783187
1.8399999999998642,0.5463071844420009,-0.08112914322792161,0.4098664539066793,0.5486742735713402,-0.07688491195043703,0.4085278569552866,0.560965380853297,-0.1200527106593437,0.4099758209394741,4.859692385636662
1.841999999999864,0.5462875870018902,-0.08115180385516747,0.4098664539066793,0.548623007938059,-0.0769679292937484,0.40852928280231826,0.5609486236302749,-0.1201083333952307,0.40996739248530084,4.7915547888743895
1.8439999999998637,0.5462690846072862,-0.08116802708311927,0.4098664539066793,0.5485726175667389,-0.07704883493485909,0.4085311195483511,0.5609334152668919,-0.12016269970265342,0.4099634516255921,4.719534728082141
1.8459999999998635,0.5462505822126823,-0.08118425031107106,0.4098664539066793,0.5485230177719479,-0.07712782529851382,0.4085332803858952,0.5609195483841592,-0.12021615929119842,0.40996317211093947,4.649574954069965
1.8479999999998633,0.5462320798180783,-0.08120047353902284,0.40986645390667936,0.5484741522617939,-0.07720505819368934,0.408535690484076,0.5609068264761297,-0.12026890242719418,0.40996582931682124,4.58150986298131
1.849999999999863,0.5462135774234743,-0.08121669676697461,0.4098664539066793,0.5484259787626072,-0.07728066514176822,0.40853828702854156,0.5608950624533129,-0.12032103479140598,0.4099708046284845,4.51520372076632
1.8519999999998629,0.5461950750288702,-0.08123291999492639,0.4098664539066793,0.548378463037909,-0.07735475755885984,0.4085410177210246,0.5608840804695873,-0.12037261166576983,0.409977575845355,4.450542335326357
1.8539999999998626,0.5461765726342663,-0.08124914322287818,0.4098664539066793,0.5483315761133004,-0.077427430543882,0.4085438391974079,0.5608737177492836,-0.12042365636362305,0.40998570479901825,4.38742838066323
1.8559999999998624,0.5461580702396622,-0.08126536645082996,0.4098664539066793,0.5482852923703343,-0.07749876709597038,0.4085467155063185,0.56086385518116,-0.12047419278814814,0.4099948479042219,4.32577677339569
1.8579999999998622,0.5461395678450582,-0.08128158967878174,0.4098664539066793,0.5482390074612121,-0.07756942317183012,0.4085488804001681,0.5608548274346086,-0.12052562380815081,0.41000464736634185,4.26471885089859
1.859999999999862,0.5461210654504544,-0.08129781290673352,0.4098664539066793,0.5481929656800789,-0.07763931681737107,0.4085504915013732,0.5608467638618256,-0.12057755128208764,0.4100149496111625,4.204445765781573
1.8619999999998618,0.5461025630558503,-0.0813140361346853,0.4098664539066793,0.5481472779485737,-0.07770841816985524,0.4085516586011294,0.5608396869380737,-0.12062978315325097,0.4100256662085759,4.145037985450807
1.8639999999998615,0.5460840606612464,-0.08133025936263709,0.4098664539066793,0.5481017376814384,-0.07777759811991476,0.40855228356722845,0.5608280088362965,-0.12068888860545758,0.41002565332047836,4.085636114897224
1.8659999999998613,0.5460655582666423,-0.08134648259058887,0.4098664539066793,0.5480565031527025,-0.07784648708894193,0.4085524747781205,0.5608113682053626,-0.12075473252963151,0.4100148317619145,4.026640044860994
1.867999999999861,0.5460470558720384,-0.08136270581854066,0.4098664539066793,0.5480119114471754,-0.07791399548568408,0.40855249321592535,0.5607964540160497,-0.12081677489669301,0.41000721893481024,3.9691636891288393
1.8699999999998609,0.5460285534774344,-0.08137892904649244,0.4098664539066793,0.5479678714690188,-0.07798030009685383,0.40855237879250755,0.5607831735312337,-0.12087601808909197,0.4100025199810362,3.913008179112924
1.8719999999998607,0.5460100510828303,-0.08139515227444422,0.4098664539066793,0.5479243419507237,-0.07804549838898482,0.40855215380258375,0.560771397307799,-0.12093301427266118,0.4100003136380028,3.8580682574668526
1.8739999999998604,0.5459915486882263,-0.081411375502396,0.4098664539066793,0.5478812995805752,-0.078109656203268,0.4085518338964342,0.5607609760662379,-0.12098813186110477,0.4100001729886806,3.80427506436741
1.8759999999998602,0.5459831328833229,-0.08141875462949112,0.4098664539066793,0.5478387283739979,-0.07817282400759315,0.40855143138777694,0.5607517517248272,-0.1210416472338635,0.4100017010158199,3.738890240056334
