pilot,start_frame,end_frame,time_s,desired_ee_x,desired_ee_y,desired_ee_z,actual_ee_x,actual_ee_y,actual_ee_z,box_x,box_y,box_z,tracking_error_mm
P02_offset,132,170,0.0020000000000000018,0.5500428438671099,0.05220522530992659,0.4098664539066793,0.5497548520913583,0.052118638693197133,0.40855068167561004,0.5499831655504915,-9.359453279646698e-05,0.4098922445797835,0.3007266285136584
P02_offset,132,170,0.0040000000000000036,0.5500448200545432,0.05215511691163302,0.4098664539066793,0.5497548657616808,0.052118639966270565,0.40855074318675255,0.5499831655503629,-9.359453319323266e-05,0.4098922445797835,0.29223972948995836
P02_offset,132,170,0.006000000000000005,0.5500467962419767,0.052105008513339456,0.4098664539066793,0.5497548786835642,0.0521184686114938,0.4085507878386987,0.5499831655502426,-9.359453356370893e-05,0.4098922445797835,0.29222771112926255
P02_offset,132,170,0.008000000000000007,0.5500487724294101,0.052054900115045884,0.4098664539066793,0.5497548867668566,0.05211798633152587,0.4085508178521362,0.5499831655501285,-9.359453391554151e-05,0.4098922445797835,0.3005805272539664
P02_offset,132,170,0.010000000000000009,0.5500507486168434,0.05200479171675231,0.4098664539066793,0.5497548921383627,0.05211708781713319,0.40855083958271854,0.5499831655500188,-9.35945342538141e-05,0.4098922445797835,0.31645137070294876
P02_offset,132,170,0.01200000000000001,0.5500527248042769,0.05195468331845874,0.4098664539066793,0.5497549001743033,0.0521156937622807,0.4085508590687861,0.5499831655499124,-9.359453458175735e-05,0.4098922445797835,0.3385614763062614
P02_offset,132,170,0.014000000000000012,0.5500547009917103,0.051904574920165175,0.4098664539066793,0.5497549168724348,0.052113744869712895,0.4085508808380116,0.5499831655498088,-9.359453490128422e-05,0.4098922445797835,0.36554423256775903
P02_offset,132,170,0.016000000000000014,0.5500566771791436,0.0518544665218716,0.4098664539066793,0.5497549476339887,0.05211119735309727,0.4085509078435334,0.5499831655497075,-9.359453521339154e-05,0.4098922445797835,0.3961709708209769
P02_offset,132,170,0.018000000000000016,0.550058653366577,0.05180435812357803,0.4098664539066793,0.5497549968822147,0.05210801956665217,0.4085509417413241,0.5499831655496086,-9.35945355184583e-05,0.4098922445797835,0.4294386248407488
P02_offset,132,170,0.020000000000000018,0.5500606295540105,0.05175424972528446,0.4098664539066793,0.5497550680520132,0.052104189426680825,0.4085509832229079,0.5499831655495119,-9.359453581646517e-05,0.4098922445797835,0.4645703672385715
P02_offset,132,170,0.02200000000000002,0.5500626057414437,0.05170414132699089,0.4098664539066793,0.5497551637124689,0.05209969240296068,0.40855103230899337,0.5499831655494176,-9.359453610715372e-05,0.4098922445797835,0.5009802939048719
P02_offset,132,170,0.02400000000000002,0.5500645819288772,0.051654032928697316,0.4098664539066793,0.549755285719118,0.052094519935634326,0.4085510885814706,0.5499831655492959,-9.359453648222866e-05,0.4098922445797835,0.5382313151905166
P02_offset,132,170,0.026000000000000023,0.5500665581163106,0.051603924530403744,0.4098664539066793,0.5497554353567594,0.05208866817900076,0.40855115135652,0.5499831655491818,-9.359453683400363e-05,0.4098922445797835,0.5759980697588036
P02_offset,132,170,0.028000000000000025,0.550068534303744,0.05155381613211018,0.4098664539066793,0.5497556134609543,0.052082137001005384,0.4085512198089541,0.5499831655490732,-9.359453716867963e-05,0.4098922445797835,0.6140377792631722
P02_offset,132,170,0.030000000000000027,0.5500705104911774,0.05150370773381661,0.4098664539066793,0.5497558205170314,0.05207492918482136,0.40855129305866833,0.5499831655489689,-9.359453749037828e-05,0.4098922445797835,0.6521684797013434
P02_offset,132,170,0.03200000000000003,0.5500724866786108,0.05145359933552304,0.4098664539066793,0.5497560567390936,0.052067049791078554,0.408551370228673,0.5499831655488678,-9.359453780172131e-05,0.4098922445797835,0.6902531188224499
P02_offset,132,170,0.03400000000000003,0.5500744628660442,0.05140349093722947,0.4098664539066793,0.5497563221323901,0.052058505648200325,0.4085514504823248,0.5499831655487697,-9.359453810426755e-05,0.4098922445797835,0.7281880237948184
P02_offset,132,170,0.03600000000000003,0.5500758698745144,0.0513493590318048,0.4098664539066793,0.5497566165422753,0.05204930494508814,0.40855153304562675,0.5499831655486741,-9.359453839883997e-05,0.4098922445797835,0.7693159114875008
P02_offset,132,170,0.038000000000000034,0.5500760022854126,0.05128621703860251,0.4098664539066793,0.5497569325540898,0.052039417366939816,0.40855160915664607,0.5499831655485811,-9.359453868576823e-05,0.4098922445797835,0.8179952494078973
P02_offset,132,170,0.040000000000000036,0.550076134696311,0.05122307504540022,0.40986645390667925,0.5497572490263525,0.05202873155561957,0.40855165997839027,0.5499831655484905,-9.359453896506661e-05,0.4098922445797835,0.866470128142757
P02_offset,132,170,0.04200000000000004,0.5500762671072095,0.05115993305219792,0.4098664539066793,0.5497575537065571,0.052017159714051284,0.40855168663109287,0.5499831655483711,-9.359453933283864e-05,0.4098922445797835,0.9145576972218123
P02_offset,132,170,0.04400000000000004,0.5500763995181079,0.05109679105899563,0.40986645390667936,0.5497578444280256,0.052004638556394214,0.40855169544476877,0.5499831655482595,-9.359453967659432e-05,0.4098922445797835,0.9621145586416765
P02_offset,132,170,0.04600000000000004,0.5500765319290062,0.05103364906579333,0.4098664539066793,0.5497581238090951,0.05199112404316383,0.4085516929948684,0.5499831655481537,-9.359454000286259e-05,0.4098922445797835,1.0090302587712554
P02_offset,132,170,0.04800000000000004,0.5500766643399047,0.05097050707259104,0.4098664539066793,0.5497583959048993,0.05197658671554249,0.40855168464326086,0.5499831655480522,-9.359454031600956e-05,0.4098922445797835,1.055220851140692
P02_offset,132,170,0.050000000000000044,0.5500767967508029,0.05090736507938874,0.4098664539066793,0.5497586647070636,0.05196100824397044,0.4085516743192503,0.5499831655479539,-9.359454061883671e-05,0.4098922445797835,1.1006234213042552
P02_offset,132,170,0.052000000000000046,0.5500769291617014,0.050844223086186455,0.4098664539066793,0.5497589336153207,0.05194437889135187,0.4085516647006273,0.5499831655478584,-9.359454091303254e-05,0.4098922445797835,1.1451916709254841
P02_offset,132,170,0.05400000000000005,0.5500770615725997,0.050781081092984154,0.4098664539066793,0.5497592053324768,0.05192669560205035,0.4085516574857469,0.5499831655477655,-9.359454119951116e-05,0.4098922445797835,1.1888924227061348
P02_offset,132,170,0.05600000000000005,0.5500771939834981,0.05071793909978187,0.4098664539066793,0.5497594819188054,0.05190796052892688,0.4085516536498742,0.5499831655476749,-9.359454147866387e-05,0.4098922445797835,1.2317028691513268
P02_offset,132,170,0.05800000000000005,0.5500773263943964,0.050654797106579566,0.4098664539066793,0.5497597648928864,0.05188817988057522,0.40855165365570123,0.5499831655475867,-9.359454175054418e-05,0.4098922445797835,1.2736084070194251
P02_offset,132,170,0.06000000000000005,0.5500774588052948,0.05059165511337728,0.4098664539066793,0.5497600553348829,0.051867363011128056,0.4085516576157371,0.549983165547469,-9.35945421135125e-05,0.4098922445797835,1.3146009293368108
P02_offset,132,170,0.062000000000000055,0.5500775912161932,0.050528513120174985,0.4098664539066793,0.5497603539774059,0.051845521698179305,0.4085516654131804,0.5499831655473589,-9.359454245247364e-05,0.4098922445797835,1.3546774746080137
P02_offset,132,170,0.06400000000000006,0.5500777236270915,0.050465371126972684,0.4098664539066793,0.5497606612807308,0.0518226695686003,0.40855167678965915,0.5499831655472546,-9.35945427741044e-05,0.4098922445797835,1.3938391553994103
P02_offset,132,170,0.06600000000000006,0.55007785603799,0.0504022291337704,0.4098664539066793,0.5497609774933089,0.05179882164153303,0.40855169140754777,0.5499831655471544,-9.359454308286671e-05,0.4098922445797835,1.432090306097325
P02_offset,132,170,0.06800000000000006,0.5500779884488883,0.050339087140568096,0.4098664539066793,0.5497613026997643,0.05177399396460637,0.4085517088932358,0.5499831655470575,-9.359454338161952e-05,0.4098922445797835,1.46943780316482
P02_offset,132,170,0.07000000000000006,0.5500765023428603,0.05027566374819762,0.4098664539066793,0.5497616368586901,0.05174820332449084,0.4085517288663434,0.5499831655469632,-9.359454367208099e-05,0.4098922445797835,1.5058263767352382
P02_offset,132,170,0.07200000000000006,0.5500740132728857,0.050212065978151095,0.4098664539066793,0.5497619624667833,0.051721480931785205,0.408551745001337,0.5499831655468714,-9.359454395517498e-05,0.4098922445797835,1.5413335809757176
P02_offset,132,170,0.07400000000000007,0.5500715242029112,0.05014846820810458,0.4098664539066793,0.5497622609095116,0.05169386507761202,0.4085517518581927,0.5499831655467818,-9.359454423128882e-05,0.4098922445797835,1.576037838672577
P02_offset,132,170,0.07600000000000007,0.5500690351329366,0.050084870438058066,0.4098664539066793,0.5497625238784941,0.05166539110858456,0.4085517485699858,0.5499831655466945,-9.359454450046265e-05,0.4098922445797835,1.6099673099356486
P02_offset,132,170,0.07800000000000007,0.550066546062962,0.050021272668011534,0.4098664539066793,0.5497627476462237,0.05163609127005736,0.4085517359689653,0.5499831655465768,-9.359454486308316e-05,0.4098922445797835,1.6431471618592037
P02_offset,132,170,0.08000000000000007,0.5500640569929875,0.04995767489796503,0.40986645390667936,0.5497629305421531,0.051605994820176415,0.4085517154433085,0.549983165546467,-9.359454520165415e-05,0.4098922445797835,1.6756001030529664
P02_offset,132,170,0.08200000000000007,0.550061567923013,0.049894077127918504,0.4098664539066793,0.549763071855392,0.05157512833883121,0.4085516884807657,0.5499831655463627,-9.359454552297964e-05,0.4098922445797835,1.707346794326296
P02_offset,132,170,0.08400000000000007,0.5500590788530384,0.04983047935787198,0.4098664539066793,0.5497631713531388,0.051543516093418694,0.40855165649077385,0.5499831655462626,-9.359454583159916e-05,0.4098922445797835,1.7384061970176536
P02_offset,132,170,0.08600000000000008,0.5500565897830638,0.04976688158782547,0.4098664539066793,0.5497632290622507,0.051511180388257305,0.40855162074118345,0.5499831655461657,-9.359454613041353e-05,0.4098922445797835,1.7687958666007577
P02_offset,132,170,0.08800000000000008,0.5500541007130892,0.04970328381777894,0.4098664539066793,0.5497632451640662,0.051478141870498303,0.40855158234258604,0.5499831655460713,-9.359454642115757e-05,0.4098922445797835,1.7985321953471616
P02_offset,132,170,0.09000000000000008,0.5500516116431148,0.049639686047732424,0.4098664539066793,0.5497632199392356,0.05144441978747767,0.4085515422523267,0.5499831655459793,-9.359454670475456e-05,0.4098922445797835,1.8276306098993853
P02_offset,132,170,0.09200000000000008,0.5500491225731402,0.04957608827768591,0.4098664539066793,0.5497631537357501,0.051410032199195384,0.4085515012863447,0.5499831655458894,-9.359454698157967e-05,0.4098922445797835,1.8561057306090525
P02_offset,132,170,0.09400000000000008,0.5500466335031656,0.04951249050763939,0.4098664539066793,0.5497630469485586,0.05137499615226786,0.4085514601336806,0.5499831655458018,-9.359454725165388e-05,0.4098922445797835,1.8839714993138286
P02_offset,132,170,0.09600000000000009,0.5500441444331912,0.04944889273759287,0.4098664539066793,0.5497629000055786,0.05133932782187747,0.40855141937135797,0.5499831655456832,-9.359454761758492e-05,0.4098922445797835,1.9112412814601027
P02_offset,132,170,0.09800000000000009,0.5500416553632166,0.04938529496754635,0.4098664539066793,0.5497627133576025,0.05130304262755199,0.4085513794786113,0.5499831655455724,-9.359454795924315e-05,0.4098922445797835,1.9379279475648983
P02_offset,132,170,0.10000000000000009,0.550039166293242,0.049321697197499834,0.4098664539066793,0.5497624874707994,0.051266155327701464,0.4085513408500022,0.5499831655454671,-9.359454828357471e-05,0.4098922445797835,1.9640439381275228
P02_offset,132,170,0.10200000000000009,0.5500366772232674,0.049258099427453315,0.4098664539066793,0.5497622228210568,0.05122868009697419,0.408551303807263,0.549983165545366,-9.359454859520774e-05,0.4098922445797835,1.9896013153348435
P02_offset,132,170,0.10400000000000009,0.5500412645335562,0.04915136753203543,0.4098664539066793,0.5497619198896815,0.051190630589733166,0.40855126860983215,0.549983165545268,-9.359454889709325e-05,0.4098922445797835,2.0583068888171643
P02_offset,132,170,0.1060000000000001,0.550046416448653,0.049041194084061324,0.4098664539066793,0.5497616399240717,0.05115185164633072,0.40855124597939796,0.5499831655451727,-9.35945491909892e-05,0.4098922445797835,2.1297823865638588
P02_offset,132,170,0.1080000000000001,0.55005156836375,0.04893102063608721,0.4098664539066793,0.5497614121586688,0.05111220522689712,0.40855124332867226,0.5499831655450796,-9.359454947782348e-05,0.4098922445797835,2.2003992461673243
P02_offset,132,170,0.1100000000000001,0.5500567202788469,0.04882084718811311,0.4098664539066793,0.5497612518471041,0.051071585114972076,0.40855126444127615,0.5499831655449887,-9.359454975796369e-05,0.4098922445797835,2.2700490764646335
P02_offset,132,170,0.1120000000000001,0.5500618721939438,0.048710673740139,0.4098664539066793,0.5497611687770315,0.05102991182996411,0.4085513104863244,0.5499831655449,-9.359455003141564e-05,0.4098922445797835,2.3386508636900696
P02_offset,132,170,0.1140000000000001,0.5500670241090407,0.04860050029216488,0.4098664539066793,0.549761169677898,0.05098712742647693,0.40855138086876475,0.5499831655447793,-9.35945504032474e-05,0.4098922445797835,2.406145467606684
P02_offset,132,170,0.1160000000000001,0.5500721760241377,0.04849032684419078,0.4098664539066793,0.5497612591476765,0.0509431911248113,0.4085514738754141,0.5499831655446666,-9.359455075042351e-05,0.4098922445797835,2.4724911492687744
P02_offset,132,170,0.1180000000000001,0.5500773279392346,0.048380153396216666,0.4098664539066793,0.5497614401731116,0.05089807578498454,0.40855158714544065,0.5499831655445597,-9.359455108005087e-05,0.4098922445797835,2.5376599923245604
P02_offset,132,170,0.1200000000000001,0.5500824798543315,0.04826997994824256,0.4098664539066793,0.5497617144975172,0.050851765084868564,0.4085517180027669,0.5499831655444569,-9.359455139686045e-05,0.4098922445797835,2.601635044704605
P02_offset,132,170,0.12200000000000011,0.5500876317694283,0.04815980650026845,0.4098664539066793,0.5497620829029927,0.05080425126419412,0.4085518636838745,0.5499831655443573,-9.359455170386435e-05,0.4098922445797835,2.664408034421797
P02_offset,132,170,0.12400000000000011,0.5500927836845253,0.048049633052294344,0.4098664539066793,0.5497625454312974,0.0507555333203701,0.4085520214882349,0.5499831655442603,-9.359455200285224e-05,0.4098922445797835,2.725977542949946
P02_offset,132,170,0.1260000000000001,0.5500979355996222,0.047939459604320236,0.4098664539066793,0.5497631015570538,0.05070561556507517,0.40855218887258427,0.5499831655441656,-9.359455229476339e-05,0.4098922445797835,2.7863475438793963
P02_offset,132,170,0.1280000000000001,0.5501030875147191,0.04782928615634613,0.4098664539066793,0.54976375032333,0.0506545064692296,0.40855236350520485,0.5499831655440731,-9.35945525799634e-05,0.4098922445797835,2.8455262335443763
P02_offset,132,170,0.13000000000000012,0.550108239429816,0.04771911270837202,0.4098664539066793,0.5497644904475475,0.05060221773868766,0.40855254329227997,0.5499831655439827,-9.359455285844763e-05,0.4098922445797835,2.9035250952319958
P02_offset,132,170,0.13200000000000012,0.550113391344913,0.04760893926039791,0.4098664539066793,0.5497653204040662,0.050548763574653405,0.4085527263852555,0.5499831655438596,-9.359455323794866e-05,0.4098922445797835,2.960358150384807
P02_offset,132,170,0.13400000000000012,0.5501185432600099,0.0474987658124238,0.4098664539066793,0.5497662384884894,0.050494160082062735,0.40855291117568815,0.5499831655437447,-9.359455359229397e-05,0.4098922445797835,3.0160413595675157
P02_offset,132,170,0.13600000000000012,0.550128628196119,0.04738371920998409,0.40986645390667925,0.5497672428676553,0.05043842479654753,0.4085530962822661,0.5499831655436356,-9.359455392876696e-05,0.4098922445797835,3.0760080585412433
P02_offset,132,170,0.13800000000000012,0.550154788571331,0.04725279225802711,0.4098664539066793,0.5497683846712403,0.05038156134014676,0.4085533022573188,0.5499831655435307,-9.359455425221331e-05,0.4098922445797835,3.1525392849627067
P02_offset,132,170,0.14000000000000012,0.550180948946543,0.04712186530607012,0.4098664539066793,0.5497698591430734,0.050323526745003386,0.4085536029372437,0.549983165543429,-9.359455456571526e-05,0.4098922445797835,3.227945290129451
P02_offset,132,170,0.14200000000000013,0.550207109321755,0.04699093835411314,0.40986645390667936,0.5497717535033965,0.05026428400493939,0.4085540084631363,0.5499831655433299,-9.359455487110108e-05,0.4098922445797835,3.3021699590362923
P02_offset,132,170,0.14400000000000013,0.550233269696967,0.046860011402156135,0.40986645390667925,0.549774101330878,0.05020380029027317,0.40855450714751484,0.5499831655432332,-9.359455516932689e-05,0.4098922445797835,3.3751681019931103
P02_offset,132,170,0.14600000000000013,0.5502594300721789,0.04672908445019915,0.4098664539066793,0.5497769118914658,0.05014204998893131,0.40855508129038665,0.5499831655431386,-9.359455546076062e-05,0.4098922445797835,3.4469055054196045
P02_offset,132,170,0.14800000000000013,0.5502855904473909,0.04659815749824217,0.4098664539066793,0.5497801838565258,0.050079015799495044,0.40855571303756477,0.5499831655430463,-9.359455574539072e-05,0.4098922445797835,3.5173584314782147
P02_offset,132,170,0.15000000000000013,0.550311750822603,0.046467230546285175,0.4098664539066793,0.5497839113591917,0.05001468831183532,0.4085563863712459,0.5499831655429203,-9.359455613377927e-05,0.4098922445797835,3.5865123863575827
P02_offset,132,170,0.15200000000000014,0.5503379111978148,0.04633630359432819,0.4098664539066793,0.5497880866073557,0.04994906496232311,0.40855708760623244,0.5499831655428026,-9.359455649642915e-05,0.4098922445797835,3.654360653021277
P02_offset,132,170,0.15400000000000014,0.5503640715730269,0.0462053766423712,0.4098664539066793,0.5497927010084789,0.049882148861084954,0.40855780533015934,0.5499831655426909,-9.359455684081272e-05,0.4098922445797835,3.720902883755128
P02_offset,132,170,0.15600000000000014,0.5503902319482389,0.046074449690414215,0.4098664539066793,0.5497977456613735,0.049813947701333,0.4085585301589987,0.5499831655425835,-9.359455717189956e-05,0.4098922445797835,3.786143865965619
P02_offset,132,170,0.15800000000000014,0.5504163923234509,0.04594352273845722,0.4098664539066793,0.5498032115788721,0.04974447281810569,0.4085592544523232,0.5499831655424794,-9.359455749284898e-05,0.4098922445797835,3.8500924837595587
P02_offset,132,170,0.16000000000000014,0.5504425526986628,0.04581259578650023,0.4098664539066793,0.5498090897944806,0.04967373840338971,0.40855997204185834,0.5499831655423779,-9.359455780553299e-05,0.4098922445797835,3.9127608614551317
P02_offset,132,170,0.16200000000000014,0.5504687130738748,0.04568166883454324,0.4098664539066793,0.5498153714174047,0.049601760862588745,0.40856067799059836,0.5499831655422789,-9.359455811092846e-05,0.4098922445797835,3.9741636640210274
P02_offset,132,170,0.16400000000000015,0.5504948734490868,0.04555074188258626,0.4098664539066793,0.5498220476633185,0.04952855829144513,0.40856136838564033,0.5499831655421821,-9.359455840940858e-05,0.4098922445797835,4.034317528477588
P02_offset,132,170,0.16600000000000015,0.5505210338242987,0.045419814930629264,0.4098664539066793,0.5498291098728035,0.049454150052902386,0.4085620401626958,0.5499831655420875,-9.359455870095727e-05,0.4098922445797835,4.093240602928103
P02_offset,132,170,0.16800000000000015,0.5505471941995107,0.045288887978672275,0.4098664539066793,0.5498365495229066,0.04937855643582342,0.40856269095861075,0.5499831655419952,-9.359455898532466e-05,0.4098922445797835,4.150952173393808
P02_offset,132,170,0.17000000000000015,0.5505581368819573,0.045153605678534305,0.4098664539066793,0.5498443582344669,0.04930179838034389,0.40856331898798603,0.5499831655418762,-9.359455935208574e-05,0.4098922445797835,4.2091546240260165
P02_offset,132,170,0.17200000000000015,0.550556298541477,0.04501466541225036,0.4098664539066793,0.5498523712904526,0.04922385841577012,0.4085638510611413,0.5499831655417646,-9.359455969605911e-05,0.4098922445797835,4.267647984032247
P02_offset,132,170,0.17400000000000015,0.5505544602009967,0.044875725145966425,0.4098664539066793,0.549860375273442,0.0491446976771885,0.40856421507309193,0.5499831655416585,-9.359456002330265e-05,0.4098922445797835,4.325029521169455
P02_offset,132,170,0.17600000000000016,0.5505526218605163,0.04473678487968248,0.4098664539066793,0.5498682718350814,0.04906430031435654,0.4085644108246047,0.5499831655415565,-9.359456033784349e-05,0.4098922445797835,4.381292594047454
P02_offset,132,170,0.17800000000000016,0.5505507835200362,0.044597844613398545,0.4098664539066793,0.5498760220190335,0.04898267007767626,0.40856446065336804,0.5499831655414577,-9.359456064224397e-05,0.4098922445797835,4.436439725209127
P02_offset,132,170,0.18000000000000016,0.5505489451795558,0.044458904347114594,0.4098664539066793,0.5498836134215391,0.0488998215214939,0.40856439133377076,0.5499831655413617,-9.35945609380283e-05,0.4098922445797835,4.490480118865085
P02_offset,132,170,0.18200000000000016,0.5505471068390755,0.044319964080830665,0.4098664539066793,0.5498910445187881,0.048815774504081505,0.4085642278002709,0.5499831655412682,-9.359456122600196e-05,0.4098922445797835,4.543427024825175
P02_offset,132,170,0.18400000000000016,0.5505452684985952,0.044181023814546715,0.4098664539066793,0.5498983178352393,0.04873055136060569,0.408563991357515,0.5499831655411772,-9.35945615064886e-05,0.4098922445797835,4.5952960789448545
P02_offset,132,170,0.18600000000000017,0.5505434301581149,0.04404208354826278,0.4098664539066793,0.5499054371342279,0.04864417551323527,0.40856369954055366,0.5499831655410886,-9.359456177950377e-05,0.4098922445797835,4.646104341552488
P02_offset,132,170,0.18800000000000017,0.5505415918176346,0.043903143281978835,0.4098664539066793,0.5499124063311782,0.04855667077633655,0.40856336652326253,0.549983165540972,-9.359456213889541e-05,0.4098922445797835,4.695869729571994
P02_offset,132,170,0.19000000000000017,0.5505397534771543,0.04376420301569489,0.4098664539066793,0.5499192291153387,0.048468060991549045,0.40856300365473963,0.549983165540863,-9.359456247481622e-05,0.4098922445797835,4.744610662700722
P02_offset,132,170,0.19200000000000017,0.550537915136674,0.04362526274941095,0.4098664539066793,0.5499259088511591,0.04837836982387447,0.4085626199725436,0.5499831655407595,-9.359456279364247e-05,0.4098922445797835,4.792345830052857
P02_offset,132,170,0.19400000000000017,0.5505360767961937,0.04348632248312701,0.4098664539066793,0.5499324485830076,0.048287620641228796,0.4085622226466506,0.5499831655406603,-9.359456309963857e-05,0.4098922445797835,4.839094029128362
P02_offset,132,170,0.19600000000000017,0.5505342384557134,0.04334738221684307,0.4098664539066793,0.5499388510728335,0.04819583644076765,0.4085618173475666,0.5499831655405643,-9.359456339554117e-05,0.4098922445797835,4.884874051312346
P02_offset,132,170,0.19800000000000018,0.5505324001152331,0.043208441950559125,0.4098664539066793,0.5499451188438244,0.04810303980354265,0.4085614085456125,0.549983165540471,-9.359456368300012e-05,0.4098922445797835,4.92970459907877
P02_offset,132,170,0.20000000000000018,0.5505305617747527,0.04306950168427518,0.4098664539066793,0.5499512542206098,0.04800925286744111,0.40856099975197824,0.5499831655403802,-9.359456396290911e-05,0.4098922445797835,4.97360422569752
P02_offset,132,170,0.20200000000000018,0.5505287234342725,0.042930561417991245,0.4098664539066793,0.5499572593634017,0.04791449731242746,0.40856059371198666,0.5499831655402917,-9.359456423565128e-05,0.4098922445797835,5.016591291319831
P02_offset,132,170,0.20400000000000018,0.5505412455807919,0.04277992102028862,0.4098664539066793,0.5499631362959875,0.0478187943542521,0.40856019255971726,0.5499831655402055,-9.359456450127987e-05,0.4098922445797835,5.071928116693424
P02_offset,132,170,0.20600000000000018,0.5505562579851724,0.042627251698062515,0.4098664539066793,0.5499690339783758,0.04772213384427767,0.40855985814351914,0.5499831655400905,-9.359456485583212e-05,0.4098922445797835,5.1286115195031226
P02_offset,132,170,0.20800000000000018,0.550571270389553,0.042474582375836414,0.40986645390667936,0.5499750467902897,0.0476245019484188,0.40855961295886334,0.549983165539983,-9.359456518693287e-05,0.4098922445797835,5.184318102160166
P02_offset,132,170,0.2100000000000002,0.5505862827939336,0.04232191305361031,0.40986645390667925,0.5499812149355193,0.04752588485951928,0.40855945348875733,0.5499831655398811,-9.359456550110157e-05,0.4098922445797835,5.239029458781607
P02_offset,132,170,0.2120000000000002,0.5506012951983142,0.04216924373138421,0.4098664539066793,0.5499875533281067,0.047426271124684546,0.4085593680423007,0.5499831655397833,-9.359456580269522e-05,0.4098922445797835,5.29273238480428
P02_offset,132,170,0.2140000000000002,0.5506163076026948,0.04201657440915811,0.4098664539066793,0.5499940657680255,0.04732565346772695,0.4085593434394835,0.5499831655396886,-9.359456609450585e-05,0.4098922445797835,5.345419099654095
P02_offset,132,170,0.2160000000000002,0.5506313200070754,0.04186390508693201,0.4098664539066793,0.5500007513131078,0.047224029191000036,0.4085593673895257,0.5499831655395966,-9.359456637821165e-05,0.4098922445797835,5.39708692618741
P02_offset,132,170,0.2180000000000002,0.5506463324114559,0.04171123576470591,0.4098664539066793,0.5500076070337407,0.0471213998174974,0.40855942920087385,0.5499831655395069,-9.359456665471532e-05,0.4098922445797835,5.447737620907836
P02_offset,132,170,0.2200000000000002,0.5506613448158366,0.04155856644247981,0.4098664539066793,0.5500146291848073,0.04701777046531536,0.4085595198598019,0.5499831655394194,-9.359456692439565e-05,0.4098922445797835,5.497376617111257
P02_offset,132,170,0.2220000000000002,0.5506763572202171,0.04140589712025371,0.4098664539066793,0.5500218137035261,0.04691314919138832,0.4085596318874914,0.5499831655393341,-9.359456718729249e-05,0.4098922445797835,5.546012314290222
P02_offset,132,170,0.2240000000000002,0.5506913696245977,0.041253227798027606,0.4098664539066793,0.5500291564233155,0.04680754639660333,0.4085597591359873,0.5499831655392192,-9.35945675414123e-05,0.4098922445797835,5.593655461184277
P02_offset,132,170,0.2260000000000002,0.5507063820289784,0.041100558475801505,0.4098664539066793,0.550036653167983,0.046700974318234265,0.40855989658353353,0.549983165539112,-9.359456787204577e-05,0.4098922445797835,5.64031863952933
P02_offset,132,170,0.2280000000000002,0.5507213944333589,0.040947889153575404,0.4098664539066793,0.5500442997948963,0.04659344660898967,0.4085600401500229,0.5499831655390102,-9.35945681858358e-05,0.4098922445797835,5.686015839919751
P02_offset,132,170,0.2300000000000002,0.5507364068377395,0.0407952198313493,0.4098664539066793,0.5500520922158466,0.04648497799281265,0.4085601865376665,0.5499831655389124,-9.359456848721458e-05,0.4098922445797835,5.730762116653871
P02_offset,132,170,0.2320000000000002,0.5507514192421201,0.0406425505091232,0.4098664539066793,0.5500600264077047,0.04637558398555838,0.40856033309618706,0.5499831655388177,-9.359456877901453e-05,0.4098922445797835,5.774573308341274
P02_offset,132,170,0.2340000000000002,0.5507664316465006,0.0404898811868971,0.4098664539066793,0.5500680984181047,0.04626528066932801,0.408560477709887,0.5499831655387255,-9.359456906292973e-05,0.4098922445797835,5.817465812494744
P02_offset,132,170,0.2360000000000002,0.5507823406328782,0.040333482115083745,0.4098664539066793,0.5500763043684841,0.046154084510717355,0.4085606187035451,0.5499831655386357,-9.359456933986193e-05,0.4098922445797835,5.863266960892652
P02_offset,132,170,0.2380000000000002,0.5508029246539543,0.040157635063279705,0.4098664539066793,0.5500846517219166,0.046041998113985017,0.40856075849651796,0.549983165538548,-9.359456961017784e-05,0.4098922445797835,5.928038842433813
P02_offset,132,170,0.2400000000000002,0.5508235086750303,0.03998178801147567,0.4098664539066793,0.5500932003850282,0.04592895306837882,0.4085609165444758,0.5499831655384624,-9.359456987389831e-05,0.4098922445797835,5.991837982830943
P02_offset,132,170,0.24200000000000021,0.5508440926961062,0.03980594095967163,0.4098664539066793,0.5501019744363586,0.045814895760288445,0.40856109726826784,0.5499831655383465,-9.359457023119245e-05,0.4098922445797835,6.054607940016163
P02_offset,132,170,0.24400000000000022,0.5508646767171822,0.03963009390786759,0.4098664539066793,0.5501109826445257,0.04569978612435606,0.40856129922008866,0.5499831655382382,-9.35945705647863e-05,0.4098922445797835,6.116307575495053
P02_offset,132,170,0.24600000000000022,0.5508852607382583,0.03945424685606355,0.4098664539066793,0.5501202269613906,0.045583596044355565,0.4085615188044168,0.5499831655381355,-9.359457088146104e-05,0.4098922445797835,6.176908462310604
P02_offset,132,170,0.24800000000000022,0.5509058447593342,0.03927839980425951,0.4098664539066793,0.5501297061199294,0.045466307484243476,0.408561751825126,0.5499831655380368,-9.359457118573501e-05,0.4098922445797835,6.236392598576659
P02_offset,132,170,0.2500000000000002,0.5509264287804103,0.03910255275245547,0.4098664539066793,0.5501394172136997,0.045347910667935795,0.40856199413604866,0.5499831655379412,-9.359457148048931e-05,0.4098922445797835,6.294750407966066
P02_offset,132,170,0.2520000000000002,0.5509470128014863,0.03892670570065143,0.4098664539066793,0.5501493564298119,0.045228402468558984,0.4085622419096796,0.5499831655378481,-9.359457176744037e-05,0.4098922445797835,6.351979049235698
P02_offset,132,170,0.2540000000000002,0.5509675968225624,0.03875085864884739,0.4098664539066793,0.550159519417077,0.0451077850504199,0.4085624917374935,0.5499831655377573,-9.359457204749425e-05,0.4098922445797835,6.408081020731996
P02_offset,132,170,0.2560000000000002,0.5509881808436383,0.03857501159704335,0.4098664539066793,0.5501699014897777,0.04498606475199113,0.40856274065334885,0.5499831655376686,-9.359457232101007e-05,0.4098922445797835,6.463063024334541
P02_offset,132,170,0.25800000000000023,0.5510087648647144,0.03839916454523932,0.4098664539066793,0.5501804977521736,0.044863251178770415,0.40856298612079633,0.549983165537582,-9.359457258799374e-05,0.4098922445797835,6.516935047667121
P02_offset,132,170,0.26000000000000023,0.5510293488857904,0.03822331749343528,0.4098664539066793,0.5501917130406,0.044743514260996375,0.40856410354726214,0.5499846707318587,-0.00010706436340147985,0.4098961201817674,6.573781232811292
P02_offset,132,170,0.26200000000000023,0.5510499329068663,0.03804747044163124,0.4098664539066793,0.5502033958798204,0.044625806348489803,0.4085661507735402,0.5499875072015438,-0.00013451740884800486,0.4099046371225939,6.632580813048907
P02_offset,132,170,0.26400000000000023,0.5510705169279424,0.03787162338982719,0.4098664539066793,0.550215449869353,0.044509438536136404,0.4085690810966248,0.5499915583221573,-0.00017525773286514057,0.4099181294560083,6.692662369435404
P02_offset,132,170,0.26600000000000024,0.5510911009490185,0.03769577633802316,0.4098664539066793,0.5502278177485809,0.044393924810997146,0.4085728193188689,0.5499967095678935,-0.00022817507615273172,0.40993650957208716,6.753550980792367
P02_offset,132,170,0.26800000000000024,0.5511116849700944,0.03751992928621912,0.4098664539066793,0.5502404686247163,0.04427889624467046,0.40857728784105846,0.5500028581521972,-0.0002920979328226048,0.4099595103263862,6.814884611340901
P02_offset,132,170,0.27000000000000024,0.5511342246058193,0.0373387794632384,0.4098664539066793,0.5502532845480869,0.044163713563037804,0.4085821604211989,0.5500084134082024,-0.00036672692657531886,0.4099877014357338,6.881553665555642
P02_offset,132,170,0.27200000000000024,0.5511589728552908,0.037151640846236476,0.4098664539066793,0.5502657422227979,0.04404689776464186,0.4085862541130817,0.5500140908881629,-0.0004553107080627598,0.41002546788170174,6.952871991748516
P02_offset,132,170,0.27400000000000024,0.5511837211047624,0.036964502229234544,0.4098664539066793,0.550278135903258,0.04392844081734509,0.4085897252846075,0.5500202146603946,-0.000555591425458106,0.4100715336660204,7.022572549725552
P02_offset,132,170,0.27600000000000025,0.551208469354234,0.03677736361223261,0.4098664539066793,0.550290321229669,0.04380584800362457,0.4085921995967362,0.5500262797733878,-0.0006700945551865838,0.410088787335402,7.088200675678026
P02_offset,132,170,0.27800000000000025,0.5512332176037055,0.03659022499523068,0.4098664539066793,0.5503025905681058,0.043680088450238304,0.4085938831437539,0.5500323471368941,-0.0007968679590290697,0.41007660076322044,7.150680421473305
P02_offset,132,170,0.28000000000000025,0.5512579658531771,0.036403086378228755,0.4098664539066793,0.5503150664608777,0.043551690649645175,0.40859494515081407,0.5500384151669817,-0.0009353749045890124,0.41003453566518105,7.210520251224019
P02_offset,132,170,0.28200000000000025,0.5512827141026486,0.03621594776122682,0.4098664539066793,0.5503280858426871,0.043423747354187636,0.4085960053490394,0.5500456329275161,-0.0010719732514668724,0.4100126278192486,7.270742058896273
P02_offset,132,170,0.28400000000000025,0.5513074623521201,0.03602880914422489,0.4098664539066793,0.550341466164429,0.04329553778212595,0.40859708045398024,0.5500536043669046,-0.0012094394882796685,0.4100095616877232,7.330654386309938
P02_offset,132,170,0.28600000000000025,0.5513322106015917,0.035841670527222966,0.4098664539066793,0.550355110617682,0.043166643882416714,0.4085981423863822,0.5500620883166789,-0.0013488468276299254,0.4100231510898954,7.389855142887072
P02_offset,132,170,0.28800000000000026,0.5513569588510633,0.03565453191022103,0.4098664539066793,0.5503689723857276,0.043036792574888405,0.4085991583182267,0.5500709441162106,-0.0014906085517675898,0.4100509942351363,7.4480796032790755
P02_offset,132,170,0.29000000000000026,0.5513817071005348,0.0354673932932191,0.4098664539066793,0.5503830574381295,0.0429039815818056,0.4085997985489427,0.5500768857235825,-0.0016384603507473307,0.41007164173583394,7.503342356721034
P02_offset,132,170,0.29200000000000026,0.5514064553500063,0.03528025467621717,0.4098664539066793,0.5503970691395929,0.042768343958228414,0.4085999768631151,0.5500828174139535,-0.0017977826781033991,0.4100621989740298,7.555815086219655
P02_offset,132,170,0.29400000000000026,0.551431203599478,0.035093116059215244,0.4098664539066793,0.5504109442182934,0.04263100701256012,0.40859966379732815,0.5500900618214225,-0.001959449044828362,0.41005072245269525,7.606624036286634
P02_offset,132,170,0.29600000000000026,0.5514559518489495,0.03490597744221331,0.4098664539066793,0.5504249405923536,0.04249205542769374,0.4085990179076512,0.5500975995444503,-0.0021243256583127167,0.41003588249158757,7.65581892504115
P02_offset,132,170,0.29800000000000026,0.551480700098421,0.03471883882521139,0.4098664539066793,0.5504396444499791,0.042351658117253846,0.4085983501962484,0.55010531504886,-0.002290624952099037,0.41002010194067523,7.703487989743891
P02_offset,132,170,0.30000000000000027,0.5515054483478926,0.03453170020820945,0.4098664539066793,0.5504547172358358,0.042209862912228335,0.40859759580735844,0.5501138305363082,-0.0024592646105274884,0.41000179107733586,7.7497237614789025
P02_offset,132,170,0.30200000000000027,0.5515301965973641,0.03434456159120752,0.4098664539066793,0.5504700178789219,0.042068516329033724,0.40859703366023314,0.5501238268329339,-0.002621709740628464,0.4100014147669511,7.796374523265644
P02_offset,132,170,0.30400000000000027,0.551442808569729,0.03418603566283762,0.4098664539066793,0.5504855272417748,0.041927071102237035,0.4085966510166865,0.5501351745844736,-0.0027807324647201705,0.41001685986615855,7.800001103518353
P02_offset,132,170,0.30600000000000027,0.5513234829948167,0.03403565891793887,0.40986645390667925,0.5504996317283258,0.04178349218228984,0.40859561936769084,0.5501465463341946,-0.002940978914617809,0.4100253299001489,7.7915114837547454
P02_offset,132,170,0.3080000000000003,0.5512041574199044,0.03388528217304012,0.4098664539066793,0.550511893406274,0.041637754591992204,0.408593674579989,0.5501578957730484,-0.0031113916082176002,0.41000270051315085,7.783319219406355
P02_offset,132,170,0.3100000000000003,0.551084831844992,0.03373490542814137,0.40986645390667925,0.5505221060400212,0.041490176697724035,0.40859130280494704,0.5501672302107691,-0.003277839969430348,0.40995063012278254,7.775660280413129
P02_offset,132,170,0.3120000000000003,0.5509655062700797,0.03358452868324262,0.4098664539066793,0.5505307825697445,0.041345301709600435,0.40858982376298403,0.550174759213544,-0.0034314354462169883,0.409915654897456,7.77293912637145
P02_offset,132,170,0.3140000000000003,0.5508461806951674,0.03343415193834388,0.4098664539066793,0.5505374966042791,0.04120232031100943,0.40858920445764796,0.5501797693358003,-0.0035767984083386268,0.40989629348449597,7.774299050978738
P02_offset,132,170,0.3160000000000003,0.5507268551202551,0.03328377519344513,0.4098664539066793,0.5505420057209716,0.041060361152275945,0.4085891412525242,0.5501811532329803,-0.003717552539055682,0.4098920885545611,7.778782583123151
P02_offset,132,170,0.3180000000000003,0.5506075295453428,0.033133398448546375,0.4098664539066793,0.5505442199969719,0.04091913640737073,0.40858954476395315,0.5501790583335452,-0.003855109883854061,0.40990094397790633,7.785995354634713
P02_offset,132,170,0.3200000000000003,0.5504882039704304,0.03298302170364763,0.4098664539066793,0.5505441254843815,0.040778418265912955,0.408590340193875,0.5501737417052532,-0.003990516805577881,0.4099208759383034,7.795597140610889
P02_offset,132,170,0.3220000000000003,0.5503688783955181,0.03283264495874888,0.4098664539066793,0.5505411223063434,0.04063666841073925,0.4085902356603496,0.5501659058051405,-0.004129028207903604,0.4099542375315098,7.805924032683901
P02_offset,132,170,0.3240000000000003,0.5502495528206057,0.03268226821385013,0.4098664539066793,0.5505355468478033,0.040493999623147994,0.4085894199492066,0.550156171507063,-0.0042700266598173706,0.40999853512593626,7.816964896595317
P02_offset,132,170,0.3260000000000003,0.5501302272456934,0.032531891468951385,0.4098664539066793,0.5505275866320833,0.04035045854087842,0.40858803272335265,0.550144876663538,-0.004413282510394271,0.4100516380649059,7.828657965460865
P02_offset,132,170,0.3280000000000003,0.550010901670781,0.03238151472405264,0.4098664539066793,0.5505173870243778,0.04020445865809176,0.40858592450668074,0.5501283904009486,-0.004562198311172309,0.4100931086331065,7.839322624342459
P02_offset,132,170,0.3300000000000003,0.5498915760958687,0.03223113797915389,0.4098664539066793,0.5505047175123662,0.04005622224000289,0.40858308519299485,0.550111879280956,-0.004721323089293773,0.41010350011719515,7.8490691222597375
P02_offset,132,170,0.3320000000000003,0.5497722505209564,0.03208076123425514,0.4098664539066793,0.5504898753756217,0.03990638369998967,0.40857971839049023,0.5500953445123042,-0.004890386132000412,0.4100826038986104,7.858457380952213
P02_offset,132,170,0.3340000000000003,0.549652924946044,0.031930384489356395,0.4098664539066793,0.5504730455130725,0.03975504091109616,0.40857613090662237,0.5500805419630949,-0.005057950066716861,0.4100331578650959,7.867518405617908
P02_offset,132,170,0.3360000000000003,0.5495458919070243,0.03177283675936675,0.4098664539066793,0.5504539892361656,0.03960333962676264,0.40857213014119936,0.550062746082833,-0.005223250648738592,0.4099848760848021,7.882982678877895
P02_offset,132,170,0.3380000000000003,0.549567814527558,0.03154006133672502,0.4098664539066793,0.5504330586881989,0.03945125565662136,0.4085679162548888,0.55004170869837,-0.005388487308699172,0.40993616729439253,7.9583693697065465
P02_offset,132,170,0.3400000000000003,0.5495897371480915,0.03130728591408328,0.40986645390667925,0.5504126660919123,0.03930174829593207,0.4085656096322925,0.550021055928265,-0.005542427326882561,0.4099061517736833,8.03670584389982
P02_offset,132,170,0.3420000000000003,0.549611659768625,0.031074510491441543,0.4098664539066793,0.5503931710057461,0.03915414651606065,0.4085653946918239,0.5500013798009348,-0.00568874985280006,0.40989309193315554,8.117344276551874
P02_offset,132,170,0.3440000000000003,0.5496335823891587,0.030841735068799808,0.4098664539066793,0.5503744761662261,0.03900745401563664,0.4085667594680178,0.5499800491294481,-0.005830624407878142,0.40989510161266257,8.1992615220901
P02_offset,132,170,0.3460000000000003,0.5496555050096923,0.030608959646158077,0.4098664539066793,0.5503565691531722,0.038861163446395855,0.4085694277348531,0.5499569126068171,-0.005969674324709011,0.4099100302127862,8.281929635895978
P02_offset,132,170,0.3480000000000003,0.5496774276302259,0.030376184223516338,0.4098664539066793,0.5503394334043664,0.0387148539729545,0.40857315673220035,0.549932182704501,-0.006107198317358158,0.409936045067402,8.364906743962576
P02_offset,132,170,0.3500000000000003,0.5496993502507594,0.030143408800874603,0.4098664539066793,0.550323047060374,0.03856818305151871,0.40857773656042495,0.549906091615953,-0.006244205114647691,0.4099714790762024,8.447829240973059
P02_offset,132,170,0.3520000000000003,0.549721272871293,0.029910633378232868,0.4098664539066793,0.5503073871142525,0.03842087461560864,0.4085829890687097,0.5498788683309065,-0.00638147165638673,0.41001483404373157,8.530400683680172
P02_offset,132,170,0.3540000000000003,0.5497431954918266,0.029677857955591136,0.4098664539066793,0.5502918691074101,0.03826954156495773,0.4085872867953233,0.5498505729448306,-0.006528420458272131,0.41005133509745806,8.60918520998916
P02_offset,132,170,0.3560000000000003,0.5497651181123602,0.0294450825329494,0.4098664539066793,0.5502766977505886,0.03811490669281507,0.40859073796941303,0.5498227135016079,-0.006681700386245609,0.4100802553627034,8.68490441451375
P02_offset,132,170,0.3580000000000003,0.5497870407328938,0.029212307110307666,0.4098664539066793,0.5502619920771391,0.03795740145261482,0.4085934693148987,0.5497964533876213,-0.006840225213153649,0.4101009128180237,8.757982292472
P02_offset,132,170,0.3600000000000003,0.5498089633534273,0.02897953168766593,0.4098664539066793,0.5502477958007069,0.037799357856227025,0.40859593169582004,0.5497745641724595,-0.0069976588017311315,0.41013454988908515,8.830736524232872
P02_offset,132,170,0.3620000000000003,0.549830885973961,0.028746756265024195,0.4098664539066793,0.5502337077950569,0.037638678361045674,0.40859772156990914,0.5497593311927746,-0.0071599246375462595,0.41016195754749823,8.901041735733296
P02_offset,132,170,0.3640000000000003,0.5498528085944945,0.02851398084238246,0.4098664539066793,0.5502200433083341,0.037475657435411584,0.4085989762191078,0.5497490774326923,-0.007325839811319064,0.4101829096634587,8.969197773106297
P02_offset,132,170,0.3660000000000003,0.5498747312150282,0.028281205419740725,0.4098664539066793,0.5502072007957551,0.03730999713817704,0.4085999393616805,0.549738785206858,-0.007502624581320052,0.4101732769023808,9.034910952356581
P02_offset,132,170,0.3680000000000003,0.5498966538355617,0.02804842999709899,0.4098664539066793,0.5501947673833245,0.037142642533550714,0.40860048047836517,0.5497296834514563,-0.007682098971995165,0.41016016827263035,9.099097391802959
P02_offset,132,170,0.37000000000000033,0.5498458908284414,0.027837833877326305,0.4098664539066793,0.5501831109563314,0.03697308058858896,0.4086008439971025,0.5497205465093947,-0.007872330541761324,0.4101163817459961,9.1414686943778
P02_offset,132,170,0.37200000000000033,0.5496841389790941,0.027661104908822596,0.4098664539066793,0.5501716853209067,0.03680415536336944,0.40860116450664835,0.5497103728074645,-0.008054074524870513,0.41009600303599786,9.15604024946396
P02_offset,132,170,0.37400000000000033,0.5495223871297469,0.02748437594031889,0.4098664539066793,0.5501587594001935,0.03663322891328332,0.40860053106255745,0.5496977072911582,-0.008237518552370754,0.41007649322448253,9.170958531555659
P02_offset,132,170,0.37600000000000033,0.5493606352803995,0.02730764697181518,0.4098664539066793,0.5501435020163807,0.03646258319188811,0.4085991919362706,0.5496829287646595,-0.008415323520990102,0.4100771985272778,9.188347921139536
P02_offset,132,170,0.37800000000000034,0.5491988834310523,0.027130918003311473,0.40986645390667936,0.5501256177501636,0.03629178550209301,0.40859723383319374,0.5496658321800891,-0.00859031399165888,0.4100957251397353,9.20762346256897
P02_offset,132,170,0.38000000000000034,0.549037131581705,0.026954189034807757,0.4098664539066793,0.550104634275299,0.03611819141941417,0.4085942913396141,0.5496487032860393,-0.008776524472695292,0.41008395559875377,9.225968876269988
P02_offset,132,170,0.38200000000000034,0.5488753797323578,0.026777460066304052,0.4098664539066793,0.5500808128411456,0.035942708580791724,0.40859059653676333,0.5496315454587276,-0.008973139273329907,0.4100412467732955,9.244179212460152
P02_offset,132,170,0.38400000000000034,0.5487136278830105,0.02660073109780034,0.4098664539066793,0.5500546577534821,0.03576833292591684,0.4085867931970081,0.5496119417162484,-0.009160407768853561,0.4100220209935552,9.265165103352562
P02_offset,132,170,0.38600000000000034,0.5485518760336632,0.02642400212929663,0.4098664539066793,0.5500260121296181,0.03559446989409075,0.4085829507061235,0.5495898549936689,-0.009342193477856173,0.41002365240084215,9.288194456110686
P02_offset,132,170,0.38800000000000034,0.5483901241843159,0.026247273160792922,0.4098664539066793,0.5499944727876985,0.03541838190701324,0.40857864981209524,0.549567741625712,-0.00953539583911307,0.40999517524693607,9.310379695596454
P02_offset,132,170,0.39000000000000035,0.5482283723349686,0.026070544192289213,0.4098664539066793,0.5499601067836303,0.035241221707686995,0.4085739855851765,0.5495438004928356,-0.009725610796890535,0.409964832507785,9.332750414111807
P02_offset,132,170,0.39200000000000035,0.5480666204856214,0.025893815223785505,0.4098664539066793,0.5499245363553005,0.03506701529518953,0.408571118767554,0.5495180990685781,-0.009902655676369993,0.4099515644278375,9.359457833059151
P02_offset,132,170,0.39400000000000035,0.5479048686362741,0.025717086255281796,0.4098664539066793,0.5498871991767006,0.03489492244582122,0.40856979800535764,0.5494895796728336,-0.010071182020152515,0.40995348510376134,9.389478766783752
P02_offset,132,170,0.39600000000000035,0.5477431167869268,0.025540357286778087,0.4098664539066793,0.5498479186879492,0.03472320590057465,0.40856957232470426,0.5494631672384356,-0.01023996635338409,0.40996341523473084,9.420981886536735
P02_offset,132,170,0.39800000000000035,0.5475813649375795,0.025363628318274375,0.4098664539066793,0.5498059109511323,0.034549382325959624,0.4085688385546513,0.549435824059564,-0.010415122067438096,0.4099698409843225,9.451279366102737
P02_offset,132,170,0.40000000000000036,0.5474196130882322,0.025186899349770666,0.4098664539066793,0.549761949377784,0.034377553612736,0.4085691990412301,0.5494066665999401,-0.010582105971319023,0.40998823572194143,9.484443319178741
P02_offset,132,170,0.40200000000000036,0.547257861238885,0.025010170381266957,0.4098664539066793,0.5497157093563221,0.03420682190049283,0.4085701912349037,0.549376441165001,-0.010744441205750247,0.4100169289235603,9.519423119836027
P02_offset,132,170,0.40400000000000036,0.5471000260705118,0.024824116011082774,0.4098664539066793,0.549666100503306,0.03403339357138798,0.4085698867853583,0.5493466963579537,-0.01091282684245154,0.41003652168625365,9.560101002467556
P02_offset,132,170,0.40600000000000036,0.546943834264785,0.02463414888494874,0.40986645390667925,0.5496138390072041,0.033858042567790916,0.40856860010100726,0.549316827902966,-0.011084214137108975,0.4100471356604196,9.602559033763661
P02_offset,132,170,0.40800000000000036,0.5467876424590584,0.024444181758814708,0.4098664539066793,0.5495592653307447,0.033681202847771416,0.4085665812088747,0.5492858021207315,-0.011258148008791692,0.41004856874705287,9.643881580602576
P02_offset,132,170,0.41000000000000036,0.5466314506533317,0.024254214632680675,0.4098664539066793,0.5495031661197651,0.03350361152794986,0.40856433754670946,0.5492499473863854,-0.011432674678058577,0.4100496852442729,9.68494154067891
P02_offset,132,170,0.41200000000000037,0.5464752588476052,0.024064247506546642,0.4098664539066793,0.5494451883611705,0.03332525040674897,0.4085618551942435,0.5492101688028714,-0.011608825320250343,0.4100491489028788,9.725567131694808
P02_offset,132,170,0.41400000000000037,0.5463190670418784,0.023874280380412602,0.4098664539066793,0.5493852277025031,0.03314616747371094,0.40855916413707294,0.5491677831973608,-0.011787600827418386,0.41004543687758865,9.765717150708129
P02_offset,132,170,0.41600000000000037,0.5461628752361517,0.02368431325427857,0.4098664539066793,0.5493232752678153,0.03296829949562763,0.40855662184271935,0.5491248581374975,-0.01196186339157103,0.4100591823177056,9.807167220441286
P02_offset,132,170,0.41800000000000037,0.5460066834304251,0.023494346128144536,0.4098664539066793,0.5492588326975215,0.032789141593379326,0.40855369683817,0.5490844696069123,-0.012138602526415899,0.41006751580657647,9.847319310148562
P02_offset,132,170,0.4200000000000004,0.5458504916246985,0.023304379002010503,0.4098664539066793,0.5491923322918253,0.03260908771734451,0.40855055036705495,0.5490450315430935,-0.01231794148011551,0.41006941871004715,9.886632557229758
P02_offset,132,170,0.4220000000000004,0.5456942998189717,0.02311441187587647,0.4098664539066793,0.549124153665934,0.03242790510739285,0.40854740382907706,0.5490056468453994,-0.012507804117064269,0.41004049702139816,9.92497121330959
P02_offset,132,170,0.4240000000000004,0.545538108013245,0.022924444749742437,0.4098664539066793,0.549054055395131,0.03224632666907701,0.4085441308677052,0.5489636677684478,-0.01269942940939984,0.4100081190154242,9.962899603539508
P02_offset,132,170,0.4260000000000004,0.5453819162075184,0.022734477623608397,0.4098664539066793,0.5489827448023611,0.03206468290291721,0.4085410952783428,0.5489193218390318,-0.012890659085231558,0.40997953783798224,10.000934812480217
P02_offset,132,170,0.4280000000000004,0.5452257244017916,0.022544510497474364,0.4098664539066793,0.5489107832304486,0.031886154878738214,0.4085400897626468,0.5488736473894846,-0.01306989858986058,0.40996975491591453,10.042209832335775
P02_offset,132,170,0.4300000000000004,0.5450695325960649,0.02235454337134033,0.4098664539066793,0.5488376993950842,0.03170985661132407,0.40854080381714575,0.5488258420944517,-0.013241493409015728,0.40997649066581376,10.085681278101449
P02_offset,132,170,0.4320000000000004,0.5449133407903384,0.022164576245206298,0.4098664539066793,0.5487632568739887,0.03153519492345661,0.408542931486747,0.5487755686660126,-0.013407981822844701,0.4099972505016272,10.130663762277548
P02_offset,132,170,0.4340000000000004,0.5447571489846116,0.02197460911907226,0.4098664539066793,0.548686422649891,0.0313600236038485,0.40854454165892756,0.5487218744305831,-0.013575917131134308,0.41003330856051323,10.174733244056368
P02_offset,132,170,0.4360000000000004,0.5446035655181214,0.021783474965247473,0.4098664539066793,0.5486071830120806,0.03118180231732892,0.408545249047527,0.5486682846575749,-0.013754189110536637,0.41003839150729304,10.215552361708992
P02_offset,132,170,0.4380000000000004,0.5446459335367683,0.021504667856154208,0.4098664539066793,0.5485260830912054,0.031001622095271405,0.40854531037326614,0.5486147975874829,-0.013942030490970632,0.41001188435009295,10.259030187336666
P02_offset,132,170,0.4400000000000004,0.5446883015554153,0.021225860747060944,0.4098664539066793,0.548445242607276,0.03082042139949336,0.40854563730045407,0.5485614937355627,-0.01413163546049658,0.40998332025436146,10.30389247713508
P02_offset,132,170,0.4420000000000004,0.544730669574062,0.02094705363796768,0.4098664539066793,0.548366501943015,0.030640197592267302,0.40854716877231256,0.5485083365895598,-0.014314718298191979,0.4099777354145422,10.352599515769032
P02_offset,132,170,0.4440000000000004,0.544773037592709,0.020668246528874414,0.4098664539066793,0.5482899985797578,0.030460090423656192,0.40854977560499217,0.5484556167557241,-0.014494778086946542,0.4099928365802574,10.404288608271031
P02_offset,132,170,0.4460000000000004,0.5448154056113559,0.02038943941978115,0.4098664539066793,0.5482157613800518,0.030279506024083677,0.40855324787605324,0.5484035352450666,-0.014673796992148781,0.4100258431425814,10.458290337872805
P02_offset,132,170,0.4480000000000004,0.5448577736300029,0.02011063231068789,0.4098664539066793,0.548144056219615,0.030096285669542,0.4085574844271158,0.5483528955731878,-0.014856963268781699,0.4100541462099713,10.512512842417005
P02_offset,132,170,0.4500000000000004,0.5449001416486497,0.01983182520159462,0.4098664539066793,0.5480741231324665,0.02991014942088793,0.4085617210061742,0.5483024143982635,-0.015051518074280127,0.41005232460923213,10.566303872632364
P02_offset,132,170,0.4520000000000004,0.5449425096672966,0.01955301809250136,0.4098664539066793,0.5480062181727179,0.02972148440177164,0.40856596342252144,0.5482520898859792,-0.01525705493344249,0.410020053924765,10.619981962741525
P02_offset,132,170,0.4540000000000004,0.5449848776859436,0.019274210983408094,0.4098664539066793,0.5479405097135787,0.029529916505882325,0.4085705025070784,0.5481903977866815,-0.015445435379998379,0.4099772083768239,10.67310903375818
P02_offset,132,170,0.4560000000000004,0.5450272457045905,0.01899540387431483,0.4098664539066793,0.5478769425021798,0.02933579662396766,0.4085752089387775,0.5481383226647267,-0.015600114858178396,0.40994349519107454,10.725879640163011
P02_offset,132,170,0.4580000000000004,0.5450696137232374,0.018716596765221565,0.4098664539066793,0.5478162952496929,0.029144455403377945,0.4085814598808969,0.548090343999097,-0.01575084000456541,0.40992917942810064,10.78352888367925
P02_offset,132,170,0.4600000000000004,0.5451119817418842,0.0184377896561283,0.4098664539066793,0.5477581495912845,0.028954671853882955,0.4085891382242245,0.54804499946493,-0.015901899474541518,0.4099329472501211,10.84467682545905
P02_offset,132,170,0.4620000000000004,0.5451543497605311,0.018158982547035036,0.4098664539066793,0.5477020643296936,0.02876524634566826,0.40859771348460316,0.5480032088900935,-0.01605619627033724,0.40995371859488167,10.907964122242078
P02_offset,132,170,0.4640000000000004,0.5451967177791781,0.01788017543794177,0.4098664539066793,0.5476473744527481,0.028574170206370403,0.4086057058560132,0.5479623919566836,-0.016219825984536772,0.40999473227846933,10.971200583294987
P02_offset,132,170,0.4660000000000004,0.545239085797825,0.017601368328848507,0.4098664539066793,0.5475942461811935,0.02838129407292463,0.4086131772362821,0.547922766316168,-0.016391788520079394,0.41005292201463117,11.034200445849418
P02_offset,132,170,0.4680000000000004,0.5452814538164719,0.017322561219755245,0.4098664539066793,0.5475423788649378,0.028183645068392854,0.40861962989385714,0.5478837518853276,-0.016577406714784595,0.41008240637130916,11.093913846876475
P02_offset,132,170,0.4700000000000004,0.5453243383023383,0.017048061483020318,0.4098664539066793,0.5474920641580517,0.027982313914452144,0.4086252469881762,0.5478449470250594,-0.016775114436868823,0.4100823104542242,11.147058429011729
P02_offset,132,170,0.4720000000000004,0.5453683110584171,0.016782637995183314,0.40986645390667936,0.5474434212042141,0.027777900586829163,0.4086301931013328,0.5478063458444928,-0.01698443388596393,0.41005224756264197,11.189364663663266
P02_offset,132,170,0.4740000000000004,0.5454122838144958,0.016517214507346306,0.4098664539066793,0.5473968847308704,0.027571589041105557,0.40863473344354,0.5477689353330921,-0.017195511591795113,0.4100270460677774,11.231110235853807
P02_offset,132,170,0.4760000000000004,0.5454562565705745,0.0162517910195093,0.4098664539066793,0.5473522299307952,0.0273658440267176,0.40863931175939056,0.5477351287416793,-0.017402761229434384,0.4100289075329361,11.274612597765948
P02_offset,132,170,0.4780000000000004,0.5455002293266533,0.01598636753167229,0.4098664539066793,0.5473094039711641,0.027159926816982285,0.4086439264098979,0.5477047184505466,-0.017609517850193355,0.41005511385567206,11.319078584261087
P02_offset,132,170,0.4800000000000004,0.545544202082732,0.015720944043835287,0.4098664539066793,0.5472677107796358,0.026951247205155696,0.40864790479958046,0.5476815061393598,-0.017821995919242887,0.4100772611011431,11.36178644947466
P02_offset,132,170,0.48200000000000043,0.5455881748388108,0.01545552055599829,0.4098664539066793,0.5472275258926155,0.02674035711799719,0.40865137149412456,0.5476635328906787,-0.018038895316755437,0.41009407127149744,11.403289354771175
P02_offset,132,170,0.48400000000000043,0.5456321475948895,0.01519009706816128,0.4098664539066793,0.5471892504925671,0.026527057855781733,0.40865455711007714,0.5476457767352564,-0.018267127319481276,0.41008068909239975,11.443393261353885
P02_offset,132,170,0.48600000000000043,0.5456761203509681,0.014924673580324274,0.4098664539066793,0.5471527088293162,0.02631177696630553,0.4086574485932061,0.5476282334645431,-0.018506222963731278,0.41003673826674397,11.482440379005507
P02_offset,132,170,0.48800000000000043,0.5457200931070469,0.01465925009248727,0.4098664539066793,0.5471181955344264,0.026095560569235923,0.4086601904827486,0.5476099388227366,-0.018743471030395763,0.41000033787714063,11.521453368305378
P02_offset,132,170,0.49000000000000044,0.5457640658631258,0.014393826604650262,0.4098664539066793,0.5470853787034919,0.025880521536546967,0.4086631190965767,0.5475929434473754,-0.018972190706883357,0.4099939360556515,11.562440403330864
P02_offset,132,170,0.49200000000000044,0.5458080386192045,0.014128403116813255,0.4098664539066793,0.5470541532102277,0.025665847427210654,0.4086661975147918,0.5475772626816415,-0.019196469291769727,0.41001406651833466,11.604543196071194
P02_offset,132,170,0.49400000000000044,0.5458520113752832,0.01386297962897625,0.4098664539066793,0.5470244579196678,0.025448913340640058,0.4086690207451119,0.5475574411216788,-0.019423841600670233,0.41003199171710036,11.645105876311618
P02_offset,132,170,0.49600000000000044,0.545895984131362,0.013597556141139245,0.4098664539066793,0.5469961589889837,0.025230220671208902,0.4086715377896827,0.5475356110464409,-0.01965423690211755,0.41004535026165034,11.684573966836945
P02_offset,132,170,0.49800000000000044,0.5459399568874407,0.013332132653302239,0.4098664539066793,0.5469687111319333,0.025010259736768712,0.40867381962520116,0.5475186147848691,-0.01988340265732063,0.41005534278291567,11.723352228486306
P02_offset,132,170,0.5000000000000004,0.5459839296435195,0.013066709165465231,0.4098664539066793,0.5469424610062604,0.024789031525416835,0.4086758539095877,0.5475057397488955,-0.020111963001072864,0.41006156356091006,11.761446504745042
P02_offset,132,170,0.5020000000000004,0.5460279023995983,0.012801285677628227,0.4098664539066793,0.546917748723173,0.02456590827657068,0.4086778148362189,0.5474976241847977,-0.02034108508077431,0.4100381312424251,11.798227467510825
P02_offset,132,170,0.5040000000000004,0.5460806942455144,0.012546227707099046,0.4098664539066793,0.5468942078528677,0.024342005134652882,0.408679342798008,0.5474904346185306,-0.02057212107297281,0.41001395019871933,11.823796746804197
P02_offset,132,170,0.5060000000000004,0.5461386535268825,0.012297243281867426,0.4098664539066793,0.5468727340905716,0.024117518798151272,0.4086809100050577,0.5474804282854686,-0.02080165128109673,0.40999541302133335,11.843048068586288
P02_offset,132,170,0.5080000000000005,0.5461966128082504,0.012048258856635808,0.4098664539066793,0.5468536736639044,0.023896124742552708,0.40868419152878477,0.5474702349687622,-0.021019776495451715,0.4099988579469784,11.86607159167288
P02_offset,132,170,0.5100000000000005,0.5462545720896184,0.011799274431404189,0.4098664539066793,0.5468360609198782,0.02367296427318679,0.4086873514716344,0.5474581434007232,-0.021241433343599396,0.4100011501824639,11.887919907139699
P02_offset,132,170,0.5120000000000005,0.5463125313709863,0.011550290006172567,0.40986645390667925,0.5468197043568966,0.023450720084410445,0.4086904481018848,0.5474487113595223,-0.021459769442739463,0.41002760937557425,11.911232534236998
P02_offset,132,170,0.5140000000000005,0.5463704906523543,0.011301305580940951,0.4098664539066793,0.5468047318499663,0.023228778466322483,0.4086935089939873,0.5474420765039147,-0.021677322684014576,0.4100752355675029,11.935374935426834
P02_offset,132,170,0.5160000000000005,0.5464284499337223,0.011052321155709331,0.4098664539066793,0.5467908618955193,0.02300402778998509,0.4086960387549158,0.5474357005578762,-0.021906452817891477,0.41009287406529304,11.957200086217705
P02_offset,132,170,0.5180000000000005,0.5464864092150903,0.010803336730477713,0.4098664539066793,0.5467782905419787,0.022777369346546034,0.4086981192578759,0.5474295628124571,-0.022146185479839646,0.4100797521590277,11.977589565503322
P02_offset,132,170,0.5200000000000005,0.5465443684964583,0.010554352305246094,0.4098664539066793,0.5467670795649895,0.022549230937699925,0.40869982403868266,0.547423657461631,-0.0223962156562798,0.4100356248079391,11.996946012521011
P02_offset,132,170,0.5220000000000005,0.5466023277778262,0.010305367880014474,0.4098664539066793,0.5467568832696837,0.022320448642901645,0.40870111405189746,0.5474194173589112,-0.022641866124853905,0.40999640353760874,12.016074780841066
P02_offset,132,170,0.5240000000000005,0.5466602870591941,0.010056383454782856,0.4098664539066793,0.5467483735799896,0.022089898636297144,0.40870250749895004,0.5474014951122976,-0.022869857541352765,0.4099492834632473,12.033837578215884
P02_offset,132,170,0.5260000000000005,0.5467182463405622,0.009807399029551236,0.4098664539066793,0.5467413281784015,0.02185804220173997,0.4087038877863711,0.5473853444535675,-0.023054848506874916,0.409907695427746,12.050665277678947
P02_offset,132,170,0.5280000000000005,0.5467762056219301,0.009558414604319616,0.4098664539066793,0.546736618461358,0.021630683682393747,0.40870675773864773,0.5473703269415328,-0.02323507301433029,0.40989108478556424,12.072333984640542
P02_offset,132,170,0.5300000000000005,0.5468341649032981,0.009309430179087998,0.4098664539066793,0.546733779460882,0.021406396466771303,0.40871102622085037,0.5473556606296426,-0.023415495886490723,0.4098979026171172,12.097382799696613
P02_offset,132,170,0.5320000000000005,0.546892124184666,0.009060445753856379,0.4098664539066793,0.5467325250664495,0.021184262542745563,0.4087164851171461,0.5473409658007095,-0.023598309959170817,0.40992545987165946,12.124867232637508
P02_offset,132,170,0.5340000000000005,0.5469500834660341,0.008811461328624759,0.4098664539066793,0.5467326826978938,0.020963619781727637,0.40872292000156063,0.5473261276541456,-0.023784570741722282,0.409970867074761,12.154102935359226
P02_offset,132,170,0.5360000000000005,0.547008042747402,0.00856247690339314,0.4098664539066793,0.5467335137015847,0.020739874568912187,0.40872848115054283,0.5473094502941246,-0.023984820145451974,0.41000917211542487,12.180491784044932
P02_offset,132,170,0.5380000000000005,0.5472080590896532,0.008286343289025134,0.4098664539066793,0.5467350664133329,0.020513747525425324,0.4087330824899754,0.5472920340534665,-0.024194729206791752,0.4100397310348441,12.236549204419926
P02_offset,132,170,0.5400000000000005,0.547417264437591,0.008008453520814385,0.4098664539066793,0.5467388924610077,0.02028556614039984,0.4087372446804497,0.5472750967711261,-0.024412954016446223,0.4100641785398844,12.295840061280803
P02_offset,132,170,0.5420000000000005,0.5476264697855288,0.007730563752603636,0.4098664539066793,0.5467453984765285,0.020056197415597412,0.40874114462869976,0.5472703778243504,-0.02463676075135684,0.41008873232329013,12.35708427768739
P02_offset,132,170,0.5440000000000005,0.5478356751334664,0.007452673984392887,0.4098664539066793,0.5467554820367415,0.019825582100237934,0.40874500990429996,0.5472765299941513,-0.024865667158894027,0.4101127156771538,12.419970707266438
P02_offset,132,170,0.5460000000000005,0.5480448804814042,0.007174784216182137,0.4098664539066793,0.5467694528417691,0.01959366870422514,0.4087488797318125,0.5472917251800646,-0.025099049132588508,0.41013502323984896,12.484206326046529
P02_offset,132,170,0.5480000000000005,0.548254085829342,0.006896894447971389,0.4098664539066793,0.5467877718096451,0.019359799321476717,0.40875291322618235,0.5473071630332859,-0.025344049829221102,0.4101273558833998,12.548867466445026
P02_offset,132,170,0.5500000000000005,0.5484632911772798,0.006619004679760639,0.4098664539066793,0.5468101403308827,0.01912428354443504,0.4087569758084623,0.5473228317893645,-0.025600130169728386,0.41008927682151863,12.614075757034902
P02_offset,132,170,0.5520000000000005,0.5486724965252174,0.006341114911549891,0.4098664539066793,0.5468367149155668,0.01889050031164038,0.40876150056456756,0.5473429761202416,-0.02584782115456135,0.4100838919282194,12.682947923820223
P02_offset,132,170,0.5540000000000005,0.5488817018731553,0.006063225143339143,0.4098664539066793,0.5468672194460904,0.01865740112199594,0.40876637728934484,0.5473669308748245,-0.026091756854298105,0.41010782852426053,12.754270188071498
P02_offset,132,170,0.5560000000000005,0.549090907221093,0.005785335375128393,0.4098664539066793,0.5469014875234218,0.018422043566732865,0.4087711160737476,0.5473872230240248,-0.026339134306822453,0.4101301739918278,12.824973782909424
P02_offset,132,170,0.5580000000000005,0.5493001125690308,0.005507445606917644,0.4098664539066793,0.5469392892385284,0.018184823681072455,0.40877558629099237,0.5474056607487052,-0.0265886374381703,0.4101491099807803,12.895324797495618
P02_offset,132,170,0.5600000000000005,0.5495093179169686,0.005229555838706895,0.4098664539066793,0.5469802772999846,0.01794546786954092,0.4087796771414759,0.5474243093998885,-0.026849117606406063,0.4101375516679793,12.964970698704427
P02_offset,132,170,0.5620000000000005,0.5497185232649062,0.004951666070496146,0.4098664539066793,0.5470245832480222,0.017704355993434152,0.40878344183171345,0.5474431548493777,-0.02712019487145551,0.41009519315085663,13.03412494512669
P02_offset,132,170,0.5640000000000005,0.549927728612844,0.0046737763022853965,0.4098664539066793,0.5470717638443024,0.017462569784145458,0.4087866931951246,0.547468378464328,-0.027389694968327327,0.4100609954280018,13.103807594772483
P02_offset,132,170,0.5660000000000005,0.5501369339607818,0.004395886534074647,0.4098664539066793,0.5471227537214174,0.017222213068629113,0.40879024596282665,0.547499527066927,-0.027649024228272378,0.4100601130966748,13.175732802633437
P02_offset,132,170,0.5680000000000005,0.5503461393087195,0.004117996765863899,0.4098664539066793,0.5471771915400273,0.016982382913431404,0.40879399713586284,0.5475354805244936,-0.027902707380800505,0.41008848468936027,13.248949426819683
P02_offset,132,170,0.5700000000000005,0.5505181641635896,0.0038617710790927696,0.4098664539066793,0.5472342138159899,0.016740298106518916,0.40879720694424165,0.5475792419341282,-0.028159753504013847,0.41011449581278614,13.290627836247825
P02_offset,132,170,0.5720000000000005,0.550577416397102,0.0036712549903305494,0.4098664539066793,0.5472940400498515,0.016495937946737184,0.40879996083736936,0.5476231755649678,-0.02842770343738753,0.41010996108156056,13.238317611012018
P02_offset,132,170,0.5740000000000005,0.5506366686306144,0.0034807389015683297,0.40986645390667936,0.54735540969746,0.01625074065336216,0.4088018166606912,0.5476629373847455,-0.028693367118922168,0.4101059136736523,13.184824796986245
P02_offset,132,170,0.5760000000000005,0.5506959208641268,0.003290222812806109,0.4098664539066793,0.5474172960673996,0.016004930343655528,0.40880263305569153,0.547699110583892,-0.028958405740323177,0.41010030652745594,13.130619488537201
P02_offset,132,170,0.5780000000000005,0.5507551730976392,0.003099706724043889,0.4098664539066793,0.5474790126602143,0.015757633112848553,0.40880261631351583,0.5477420244669093,-0.02920829909280826,0.4100773453340464,13.075026870953115
P02_offset,132,170,0.5800000000000005,0.5508144253311517,0.00290919063528168,0.4098664539066793,0.5475406024931002,0.01550960374362204,0.40880187012915004,0.5477849383499267,-0.029458192445293345,0.41001514414063683,13.018768239575616
P02_offset,132,170,0.5820000000000005,0.550873677564664,0.00271867454651946,0.4098664539066793,0.5476020754872287,0.015261303595147348,0.4088005166114709,0.5478244869607306,-0.029698062325202834,0.4099270916920163,12.962288517255079
P02_offset,132,170,0.5840000000000005,0.5509329297981764,0.002528158457757239,0.4098664539066793,0.5476644358253044,0.015018938377545806,0.408800563591187,0.5478667781950547,-0.02992302295301156,0.4098731445908762,12.911337492889487
P02_offset,132,170,0.5860000000000005,0.5509921820316889,0.0023376423689950195,0.4098664539066793,0.5477273720647667,0.014781164241350227,0.4088020102817185,0.5479119227607842,-0.030139256615187758,0.4098493598847936,12.864688908321746
P02_offset,132,170,0.5880000000000005,0.5510514342652013,0.0021471262802327993,0.4098664539066793,0.5477906573054978,0.014547107247756264,0.40880469164438793,0.5479596179457485,-0.030350033351811283,0.40985144884781305,12.821551948803911
P02_offset,132,170,0.5900000000000005,0.5511106864987136,0.001956610191470579,0.4098664539066793,0.547854146869578,0.01431612011810051,0.40880841020107134,0.5480095821486934,-0.030557349097709893,0.4098752958161166,12.781335453801166
P02_offset,132,170,0.5920000000000005,0.5511699387322262,0.001766094102708359,0.4098664539066793,0.5479174316717214,0.014087140518694152,0.40881256579520797,0.5480625007083536,-0.030764112817922303,0.40991896425692054,12.74311527702352
P02_offset,132,170,0.5940000000000005,0.5512291909657385,0.001575578013946139,0.4098664539066793,0.5479806100149535,0.013859851617062595,0.40881706348286384,0.5481181497233067,-0.03097083443281758,0.40997876867933486,12.706559571734095
P02_offset,132,170,0.5960000000000005,0.551288443199251,0.0013850619251839186,0.4098664539066793,0.5480437181091897,0.013633984194845048,0.40882181438479137,0.5481762164978103,-0.031177923510120355,0.4100514793469817,12.6713984105257
P02_offset,132,170,0.5980000000000005,0.5513476954327634,0.0011945458364216984,0.4098664539066793,0.5481053067515208,0.013405098741795445,0.4088244516743693,0.5482375017174542,-0.03139626117659499,0.4101142178498503,12.633712305382826
P02_offset,132,170,0.6000000000000005,0.5514069476662758,0.0010040297476594786,0.4098664539066793,0.5481661324077168,0.013174309658807414,0.40882540032179093,0.5483010358657743,-0.03162104552026769,0.41016675113511936,12.594387506179089
P02_offset,132,170,0.6020000000000005,0.5514661998997882,0.0008135136588972582,0.4098664539066793,0.5482267531962032,0.012941733032333879,0.4088251033758149,0.5483646404693409,-0.03185471068279029,0.4101871184903367,12.553394764587432
P02_offset,132,170,0.6040000000000003,0.5516221942758835,0.0005863396793204317,0.4098664539066793,0.5482877041770384,0.01270904775975873,0.4088240544325099,0.5484189346864663,-0.03208859007057008,0.41020332972930246,12.57294219436406
P02_offset,132,170,0.6060000000000001,0.5518552399159832,0.00032996914953724104,0.4098664539066793,0.548349705564554,0.012476169495520058,0.40882275988638517,0.5484665603543528,-0.03232339371318231,0.4102155019319427,12.641952140939438
P02_offset,132,170,0.6079999999999999,0.5520882855560827,7.35986197540503e-05,0.4098664539066793,0.5484140140814595,0.012243048824162772,0.4088217490659072,0.5485107954999282,-0.03255963292702878,0.4102232717596334,12.712033242043269
P02_offset,132,170,0.6099999999999997,0.5523213311961823,-0.00018277191002914045,0.4098664539066793,0.5484809672399834,0.012009154089360163,0.40882105123400625,0.5485551000829594,-0.032806384072001225,0.4102001678785123,12.782466698202528
P02_offset,132,170,0.6119999999999994,0.5525543768362818,-0.000439142439812331,0.4098664539066793,0.5485512628788081,0.011775211650973234,0.4088207628939774,0.5486013864536715,-0.03305371419067685,0.4101752569315404,12.853613002250043
P02_offset,132,170,0.6139999999999992,0.5527874224763814,-0.0006955129695955217,0.4098664539066793,0.5486246583156864,0.011540594349956166,0.40882076008662205,0.548647728053018,-0.03331148246776664,0.41011939642756196,12.924818288593178
P02_offset,132,170,0.615999999999999,0.553020468116481,-0.0009518834993787126,0.4098664539066793,0.5487008057794469,0.011306350854690162,0.40882075267977125,0.5486987016326296,-0.03356677588740011,0.41007606866684504,12.997068599698355
P02_offset,132,170,0.6179999999999988,0.5532535137565805,-0.0012082540291619031,0.4098664539066793,0.5487806763143548,0.011074376504111864,0.4088214900142918,0.5487565126921818,-0.033811740587280543,0.4100659748233054,13.071697961683677
P02_offset,132,170,0.6199999999999986,0.55348655939668,-0.001464624558945094,0.4098664539066793,0.5488639382761128,0.010843695116336045,0.40882280723886777,0.548819993083786,-0.03405085645245965,0.41008523108303285,13.147751110103465
P02_offset,132,170,0.6219999999999983,0.5537196050367796,-0.0017209950887282846,0.4098664539066793,0.5489503890316195,0.010613654371969324,0.4088245326463703,0.5488882397722251,-0.03428671384129093,0.4101294122359735,13.224560432096153
P02_offset,132,170,0.6239999999999981,0.5539526506768792,-0.0019773656185114756,0.4098664539066793,0.5490392747433772,0.010381763558729318,0.4088259318900591,0.5489632605963435,-0.03452636267141539,0.410171301904923,13.29997507830901
P02_offset,132,170,0.6259999999999979,0.5541856963169787,-0.002233736148294666,0.4098664539066793,0.5491312268305131,0.010147926581253467,0.4088272341785245,0.5490382994145189,-0.03477714345516633,0.41018280877336366,13.373602122760087
P02_offset,132,170,0.6279999999999977,0.5544187419570783,-0.0024901066780778566,0.4098664539066793,0.5492260908344138,0.009912619241871694,0.40882838785401643,0.5491133498314933,-0.03503847720174201,0.41016348091814053,13.445863152921708
P02_offset,132,170,0.6299999999999975,0.5546517875971778,-0.0027464772078610476,0.4098664539066793,0.549323779633494,0.009676090462893052,0.40882937843524003,0.5491884062625899,-0.03531011929978292,0.41011312519193405,13.516947007203335
P02_offset,132,170,0.6319999999999972,0.5548848332372773,-0.003002847737644238,0.4098664539066793,0.5494243154113462,0.009437974029605618,0.4088304970437898,0.5492713022944753,-0.03556176044214062,0.4100513700221996,13.586438134102321
P02_offset,132,170,0.633999999999997,0.555117878877377,-0.0032592182674274287,0.4098664539066793,0.5495275952994455,0.00919861059007852,0.4088316468100195,0.549362125287809,-0.03579568617959898,0.4099760172188128,13.654624503244243
P02_offset,132,170,0.6359999999999968,0.5553509245174766,-0.0035155887972106187,0.4098664539066793,0.5496335398453636,0.008958196559967328,0.40883277262741424,0.5494395265729834,-0.035988063009755336,0.4099173299033913,13.72165473351738
P02_offset,132,170,0.6379999999999966,0.5556492730231486,-0.003786485037910233,0.4098664539066793,0.5497427715512335,0.008722283677966725,0.40883518818098963,0.5495221887355932,-0.03617595428408097,0.40988843225243615,13.833150560340076
P02_offset,132,170,0.6399999999999963,0.5559577825060065,-0.004059641446152824,0.40986645390667936,0.5498557503102188,0.008489784349753806,0.40883954776328385,0.5496098092962572,-0.036364318311513946,0.4098887380596543,13.954314197601963
P02_offset,132,170,0.6419999999999961,0.5562662919888645,-0.004332797854395414,0.4098664539066793,0.549972774654298,0.008259711325116999,0.4088457496963177,0.5497030533984036,-0.036555320905248725,0.4099142664775467,14.07762934149758
P02_offset,132,170,0.6439999999999959,0.5565748014717223,-0.004605954262638005,0.4098664539066793,0.5500938964501836,0.008031337370888764,0.40885353718527667,0.5498020890530635,-0.03674992277166621,0.4099610648246265,14.202227632629041
P02_offset,132,170,0.6459999999999957,0.5568833109545802,-0.004879110670880595,0.4098664539066793,0.5502188399891836,0.0078036527182290365,0.4088623184143375,0.5499059306586742,-0.03694988191071759,0.4100274093594596,14.32716512198954
P02_offset,132,170,0.6479999999999955,0.5571918204374382,-0.005152267079123186,0.4098664539066793,0.5503464394338603,0.007572443879334971,0.4088696239320525,0.5500166313369758,-0.037164127297703485,0.4100895359736718,14.449135270335395
P02_offset,132,170,0.6499999999999952,0.5575003299202961,-0.005425423487365776,0.4098664539066793,0.5504774823023344,0.007337660438261385,0.4088758072694718,0.5501285873672391,-0.037390871112631306,0.4101210454506178,14.567659385011458
P02_offset,132,170,0.651999999999995,0.557808839403154,-0.005698579895608367,0.4098664539066793,0.550612001741829,0.007100181801831328,0.40888103447631097,0.5502405863080216,-0.03762836508370988,0.4101217620976289,14.68341831152796
P02_offset,132,170,0.6539999999999948,0.5581173488860119,-0.005971736303850957,0.4098664539066793,0.5507503530542112,0.006861285526673758,0.4088856325065505,0.550347965947158,-0.037867825622588225,0.4101186253807104,14.797265858546098
P02_offset,132,170,0.6559999999999946,0.5584258583688699,-0.0062448927120935475,0.4098664539066793,0.5508921946702647,0.006620934839209985,0.40888961039559363,0.5504521217337282,-0.03810953968274263,0.4101111316299826,14.909245698678479
P02_offset,132,170,0.6579999999999944,0.5587343678517278,-0.0065180491203361375,0.4098664539066793,0.5510373545542837,0.006379178460033996,0.4088929965241097,0.55055458433439,-0.03835347204544981,0.410098560939511,15.019403881675577
P02_offset,132,170,0.6599999999999941,0.5590428773345857,-0.006791205528578728,0.4098664539066793,0.5511857449931746,0.006139012282831868,0.4088962620785231,0.5506648995991662,-0.03859328927866309,0.4101152599162287,15.130269702849562
P02_offset,132,170,0.6619999999999939,0.5593513868174436,-0.007064361936821318,0.4098664539066793,0.5513367062189383,0.005897338906206206,0.4088987980779216,0.5507823107746862,-0.038838072228128684,0.4101378209605865,15.239448606829502
P02_offset,132,170,0.6639999999999937,0.5596598963003016,-0.00733751834506391,0.4098664539066793,0.5514905860184552,0.005654336483344194,0.4089007455502459,0.5509056031907779,-0.03908641753777688,0.4101637342693762,15.3468538262248
P02_offset,132,170,0.6659999999999935,0.5599684057831595,-0.0076106747533065,0.4098664539066793,0.5516478530554203,0.005409359989710701,0.40890239251886495,0.551028723440155,-0.03934575847836148,0.41015914241912665,15.451631059679878
P02_offset,132,170,0.6679999999999933,0.5602769152660174,-0.007883831161549091,0.4098664539066793,0.551808589457452,0.0051634370211504355,0.40890383873574826,0.551147239399536,-0.03960436830259601,0.4101512268784817,15.554541106419627
P02_offset,132,170,0.669999999999993,0.5605442196876662,-0.008141635826186008,0.4098664539066793,0.5519724134767341,0.004916550733052444,0.4089050168108983,0.5512627556406359,-0.0398635970146712,0.41013886407187045,15.620246410785274
P02_offset,132,170,0.6719999999999928,0.5606159944320679,-0.00832659212258088,0.40986645390667936,0.5521387075772259,0.004671431396649054,0.4089060888921787,0.5513837888453356,-0.04011598841460039,0.4101560566804568,15.518150915161593
P02_offset,132,170,0.6739999999999926,0.5606877691764696,-0.008511548418975752,0.4098664539066793,0.5523043735375631,0.0044250869713608094,0.40890541736616837,0.5515093751563934,-0.04037025308357703,0.4101761656485992,15.41550705169778
P02_offset,132,170,0.6759999999999924,0.5607595439208712,-0.008696504715370626,0.4098664539066793,0.5524689155312624,0.004177180472403782,0.40890311410593105,0.5516347502685693,-0.040634197721008646,0.4101647260085198,15.312292101723694
P02_offset,132,170,0.6779999999999922,0.5608313186652728,-0.008881461011765499,0.4098664539066793,0.5526322151226378,0.003929108996322983,0.40889950072474107,0.5517521586214209,-0.04089759626730977,0.4101481038874845,15.2097338186763
P02_offset,132,170,0.6799999999999919,0.5609030934096745,-0.009066417308160372,0.4098664539066793,0.5527937600588603,0.003681036423992534,0.4088947054072919,0.5518631892034264,-0.041161843360657306,0.41012536716228115,15.108238284062331
P02_offset,132,170,0.6819999999999917,0.560974868154076,-0.009251373604555245,0.4098664539066793,0.5529526826747545,0.0034333598865358694,0.4088885524956213,0.5519762512478952,-0.041422527203891585,0.41011077908172855,15.008594991025841
P02_offset,132,170,0.6839999999999915,0.5610466428984777,-0.009436329900950117,0.4098664539066793,0.5531094822701123,0.003186152869579812,0.40888142387401605,0.552090547872101,-0.04168126764578059,0.4101012874445045,14.91058651203231
P02_offset,132,170,0.6859999999999913,0.5611184176428794,-0.00962128619734499,0.4098664539066793,0.5532650912871819,0.002939558775577982,0.4088739526548577,0.552197297275294,-0.04193957514961569,0.4100875887059178,14.813830067976909
P02_offset,132,170,0.6879999999999911,0.5611901923872811,-0.009806242493739865,0.4098664539066793,0.5534190967133085,0.0026936616165035877,0.408866128395839,0.5522981903702409,-0.04219869605824697,0.4100685061215921,14.71861171236326
P02_offset,132,170,0.6899999999999908,0.5612619671316827,-0.009991198790134737,0.4098664539066793,0.5535713749558169,0.0024485218961513427,0.4088579928608711,0.5523950823920356,-0.04245957892141688,0.41004292716429286,14.625042180052105
P02_offset,132,170,0.6919999999999906,0.5613337418760844,-0.010176155086529609,0.4098664539066793,0.5537212600090506,0.0022044747540209478,0.4088492815698377,0.5524952270852809,-0.042715948952729836,0.41002610717985627,14.533749530821323
P02_offset,132,170,0.6939999999999904,0.5614055166204861,-0.010361111382924481,0.4098664539066793,0.5538692816706979,0.001961663181877401,0.408840580114362,0.5525894290293974,-0.042973854040455055,0.41001742992692264,14.444570266828185
P02_offset,132,170,0.6959999999999902,0.5614772913648877,-0.010546067679319357,0.4098664539066793,0.5540156604779047,0.001719780872998962,0.40883166691718253,0.5526854846926014,-0.04323044928968976,0.4100101620577876,14.357122838576922
P02_offset,132,170,0.69799999999999,0.5615490661092893,-0.01073102397571423,0.4098664539066793,0.5541612870470635,0.0014788246719295503,0.408823217186436,0.5527770919308224,-0.04348143206271333,0.40999888950985414,14.270938422915
P02_offset,132,170,0.6999999999999897,0.561620840853691,-0.010915980272109101,0.4098664539066793,0.554305606389191,0.0012387587048701514,0.4088149494262125,0.552864780904722,-0.043727836934736614,0.40998309997032945,14.186272761691395
P02_offset,132,170,0.7019999999999895,0.5616926155980927,-0.011100936568503974,0.4098664539066793,0.5544480994588321,0.0009986798406062779,0.40880676769128316,0.552961304986568,-0.04395963904551691,0.40995346852382325,14.102614344142616
P02_offset,132,170,0.7039999999999893,0.5617563788092058,-0.011290276662831368,0.4098664539066793,0.5545899278254222,0.0007643514890124624,0.40880059756555115,0.5530576935928878,-0.04417972949030138,0.40994978420331213,14.023982301122587
P02_offset,132,170,0.7059999999999891,0.5618115582346525,-0.01148431368351502,0.4098664539066793,0.5547308191186917,0.0005343956172866766,0.4087962646027685,0.5531549978056729,-0.044392526849731356,0.4099682501066048,13.949417180852889
P02_offset,132,170,0.7079999999999889,0.5618667376600993,-0.011678350704198683,0.40986645390667925,0.5548705489349358,0.0003079457908742589,0.40879345470666467,0.5532532073367589,-0.04460056879734807,0.410005026106543,13.878687270268134
P02_offset,132,170,0.7099999999999886,0.5619219170855461,-0.011872387724882345,0.4098664539066793,0.5550075399541097,8.031857085268046e-05,0.4087897382350988,0.5533463908089791,-0.044820146524096785,0.41003978100572247,13.808540795747906
P02_offset,132,170,0.7119999999999884,0.5619770965109929,-0.01206642474556601,0.4098664539066793,0.5551425719807582,-0.00014903219232652656,0.4087850181652973,0.5534392121608172,-0.04504787177228446,0.41004181445627125,13.738084685369634
P02_offset,132,170,0.7139999999999882,0.5620322759364397,-0.012260461766249672,0.4098664539066793,0.5552761941756917,-0.0003785884395750283,0.40877966921901243,0.5535261521713561,-0.04527486551428277,0.41003710279075134,13.668341322525322
P02_offset,132,170,0.715999999999988,0.5620874553618864,-0.012454498786933336,0.4098664539066793,0.5554082606405344,-0.0006057650979530149,0.4087741277578354,0.5536135118248157,-0.04549587422534994,0.4100555193981273,13.60162240904055
P02_offset,132,170,0.7179999999999878,0.5621426347873331,-0.012648535807616997,0.4098664539066793,0.5555387353470227,-0.0008337046797492545,0.40876813852632987,0.5536944190156964,-0.045719142803307765,0.41006468914906147,13.53520307929527
P02_offset,132,170,0.7199999999999875,0.5621978142127799,-0.01284257282830066,0.4098664539066793,0.5556669399300876,-0.0010615704189070492,0.4087614514128567,0.5537791073928077,-0.045943170602194904,0.4100749520535575,13.470127566822427
P02_offset,132,170,0.7219999999999873,0.5622529936382267,-0.013036609848984325,0.4098664539066793,0.5557936531304556,-0.0012900578210305776,0.40875445909398267,0.553863324903921,-0.046176837224175524,0.4100536796234566,13.405393106535769
P02_offset,132,170,0.7239999999999871,0.5623081730636735,-0.013230646869667986,0.4098664539066793,0.5559188748745845,-0.001518761533346718,0.40874722139852526,0.5539470732049282,-0.04641994516199019,0.41000071245585595,13.341341367352609
P02_offset,132,170,0.7259999999999869,0.5623633524891203,-0.01342468389035165,0.4098664539066793,0.5560430679681964,-0.0017444409283630252,0.40874028688792596,0.5540306056271905,-0.04665181032489775,0.4099786543926611,13.280590050013418
P02_offset,132,170,0.7279999999999867,0.562418531914567,-0.013618720911035314,0.4098664539066793,0.5561660507430687,-0.0019680319134566214,0.40873364813635843,0.5541133292288097,-0.046877202274843356,0.4099841510319278,13.222408060494978
P02_offset,132,170,0.7299999999999864,0.5624737113400138,-0.013812757931718976,0.4098664539066793,0.5562884223713057,-0.0021884635912429,0.4087287574143294,0.554195741824688,-0.04709339474498823,0.4100079617887931,13.167460595743048
P02_offset,132,170,0.7319999999999862,0.5625288907654605,-0.01400679495240264,0.4098664539066793,0.5564092549659636,-0.0024103398510577703,0.40872366519492054,0.5542720728641088,-0.047312718522406275,0.41002147215208007,13.112120851944274
P02_offset,132,170,0.733999999999986,0.5625840701909073,-0.014200831973086301,0.4098664539066793,0.5565283093037606,-0.0026336013214272834,0.40871823397792545,0.5543437551396907,-0.047533032710277465,0.41000463082176253,13.056533417066534
P02_offset,132,170,0.7359999999999858,0.5626392496163541,-0.014394868993769966,0.4098664539066793,0.5566454100435985,-0.002856404720204521,0.4087124820949575,0.5544116146692459,-0.0477558437196795,0.4099928392262287,13.002394803122927
P02_offset,132,170,0.7379999999999856,0.5626729893213128,-0.01459830809408438,0.4098664539066793,0.5567616745176565,-0.0030769848940273986,0.408706911265282,0.5544801865025534,-0.0479722734135926,0.410004805131305,12.949306197171266
P02_offset,132,170,0.7399999999999853,0.5627010799712882,-0.014804224505836776,0.4098664539066793,0.5568766992816978,-0.003298349363513836,0.40870125614719055,0.554545299602421,-0.04818988575109075,0.41000842165218415,12.896068129782732
P02_offset,132,170,0.7419999999999851,0.5627291706212635,-0.015010140917589171,0.4098664539066793,0.5569897018413983,-0.003520650952658185,0.40869507586836196,0.5546098574960598,-0.04841711680270771,0.4099805050494466,12.84328157167385
P02_offset,132,170,0.7439999999999849,0.5627572612712388,-0.01521605732934157,0.4098664539066793,0.5571017211896659,-0.0037390501245973574,0.40869037796495267,0.5546765060696277,-0.048632105098935924,0.4099768561844587,12.794796910933282
P02_offset,132,170,0.7459999999999847,0.5627853519212143,-0.015421973741093966,0.40986645390667936,0.5572126108346513,-0.003954578487154033,0.40868703886348545,0.5547449489508419,-0.048839569068844575,0.40999433678662806,12.749768512720163
P02_offset,132,170,0.7479999999999845,0.5628134425711896,-0.01562789015284636,0.4098664539066793,0.557320974389536,-0.004171586335049226,0.40868304308509107,0.5548105573055203,-0.04905464925423859,0.4100102579393081,12.7048850404933
P02_offset,132,170,0.7499999999999842,0.562841533221165,-0.01583380656459876,0.4098664539066793,0.5574280296698854,-0.004387560474772283,0.4086788479911969,0.5548746388560957,-0.04926620619443511,0.4100458293899579,12.661854929218922
P02_offset,132,170,0.751999999999984,0.5628696238711404,-0.016039722976351152,0.4098664539066793,0.5575335192899424,-0.004605052168885498,0.4086741647225085,0.5549318755874251,-0.049480552663758184,0.4100723616422268,12.618466966180511
P02_offset,132,170,0.7539999999999838,0.5628977145211158,-0.01624563938810355,0.4098664539066793,0.5576369960569865,-0.004824067273555565,0.40866885984949086,0.5549885257591887,-0.04970426689063968,0.41006716370369606,12.574874485522768
P02_offset,132,170,0.7559999999999836,0.562925805171091,-0.016451555799855945,0.4098664539066793,0.557738857230214,-0.005044293444886862,0.4086633120427282,0.555041534387242,-0.049926451183391896,0.41003236869744764,12.531163688040444
P02_offset,132,170,0.7579999999999834,0.5629538958210665,-0.01665747221160834,0.4098664539066793,0.5578394347360475,-0.005264581517944525,0.4086575391776138,0.555094853256549,-0.050147443760167144,0.4099952546394051,12.488221272380843
P02_offset,132,170,0.7599999999999831,0.5629819864710418,-0.016863388623360738,0.4098664539066793,0.557938631840844,-0.005482442364774021,0.4086518825307322,0.555149355080707,-0.05036072960365042,0.40998514881214426,12.448347828799466
P02_offset,132,170,0.7619999999999829,0.5630100771210171,-0.017069305035113135,0.4098664539066793,0.5580364676769983,-0.005698736966780624,0.4086463948750576,0.5552045778571273,-0.050570299575946755,0.4099993456163043,12.410745710803038
P02_offset,132,170,0.7639999999999827,0.5630381677709925,-0.01727522144686553,0.4098664539066793,0.5581323382917043,-0.005915751247642261,0.4086408771414156,0.555258836122917,-0.050784892919274884,0.4100124311904126,12.373549453850929
P02_offset,132,170,0.7659999999999825,0.5630662584209679,-0.017481137858617924,0.4098664539066793,0.5582268441739554,-0.00613411804114734,0.4086351295733849,0.5553124044256992,-0.05100962782243832,0.40999440696745554,12.335914598936627
P02_offset,132,170,0.7679999999999823,0.5630943490709432,-0.017687054270370324,0.4098664539066793,0.5583203845976157,-0.006352818188672539,0.4086294280161667,0.5553642767425552,-0.05123165335997327,0.40997330249676794,12.29860334949679
P02_offset,132,170,0.769999999999982,0.5631207563633114,-0.017895489910502684,0.4098664539066793,0.5584134376592115,-0.006567492466876532,0.4086256189414278,0.5554174476764556,-0.05144089003064443,0.4099728298911732,12.267125802924232
P02_offset,132,170,0.7719999999999818,0.5631320410332405,-0.01812655730722887,0.4098664539066793,0.5585058077160802,-0.006779176607776778,0.40862350885055576,0.5554713038159063,-0.05164207681771324,0.4099902959368541,12.25418636397793
P02_offset,132,170,0.7739999999999816,0.5631433257031697,-0.018357624703955053,0.4098664539066793,0.5585963206713502,-0.006990758039105895,0.4086209504550521,0.5555237016975992,-0.05184399371906771,0.4100280419345505,12.242586023216285
P02_offset,132,170,0.7759999999999814,0.5631546103730989,-0.018588692100681238,0.4098664539066793,0.5586846214092532,-0.007205294369622528,0.40861747755890254,0.5555753650815125,-0.05205616227317795,0.41003476495409985,12.22957665826477
P02_offset,132,170,0.7779999999999812,0.563165895043028,-0.018819759497407423,0.4098664539066793,0.5587710725595851,-0.0074217401678573665,0.40861328564661004,0.5556263481733931,-0.052277734196784206,0.4100097848056024,12.215944879450467
P02_offset,132,170,0.7799999999999809,0.5631771797129573,-0.019050826894133607,0.4098664539066793,0.5588563046491324,-0.0076366918505744105,0.4086090248400539,0.5556761625600695,-0.0524919536126202,0.41000990858980574,12.20460733124136
P02_offset,132,170,0.7819999999999807,0.5631884643828865,-0.01928189429085979,0.40986645390667925,0.5589401845809597,-0.007850922527293813,0.40860475185478606,0.5557243232860894,-0.05270274478182951,0.41003259766076106,12.194875839257305
P02_offset,132,170,0.7839999999999805,0.5631997490528158,-0.019512961687585977,0.4098664539066793,0.5590222014129578,-0.00806762090040345,0.4085999945099601,0.5557716559397251,-0.05292465137279672,0.41002496602172944,12.183912754859463
P02_offset,132,170,0.7859999999999803,0.563211033722745,-0.019744029084312158,0.4098664539066793,0.5591027860346415,-0.008286149491654144,0.40859513072521947,0.5558144818863624,-0.053145536362467174,0.4099879402746223,12.172128155201806
P02_offset,132,170,0.78799999999998,0.5632223183926741,-0.019975096481038346,0.4098664539066793,0.5591821738213246,-0.008505340191087795,0.4085901049081886,0.5558570726042538,-0.0533656383561023,0.4099496176465298,12.160513044615552
P02_offset,132,170,0.7899999999999798,0.5632336030626033,-0.02020616387776453,0.4098664539066793,0.5592610447130654,-0.008720746101195893,0.4085869046379452,0.5559010855761887,-0.05357291686657956,0.4099344239579195,12.153026015886011
P02_offset,132,170,0.7919999999999796,0.5632448877325325,-0.020437231274490715,0.4098664539066793,0.5593390052514197,-0.008933780612129075,0.4085851083322128,0.5559468721801294,-0.05377343976022582,0.40994126519573515,12.148468837579994
P02_offset,132,170,0.7939999999999794,0.5632561724024617,-0.020668298671216896,0.4098664539066793,0.5594159911912421,-0.009145106596560398,0.4085845191201338,0.5559939894470276,-0.05396976581071536,0.409966947082255,12.146231815852632
P02_offset,132,170,0.7959999999999792,0.5632674570723909,-0.020899366067943084,0.4098664539066793,0.5594919463726914,-0.009355216664514197,0.40858493409751645,0.5560419778672481,-0.05416353313677581,0.4100083622483629,12.145857997368196
P02_offset,132,170,0.797999999999979,0.5632787417423201,-0.021130433464669265,0.4098664539066793,0.5595653511675196,-0.009568453770066678,0.4085839713763034,0.5560936592196989,-0.05436643951680558,0.4100441024152518,12.143666827586284
P02_offset,132,170,0.7999999999999787,0.5632900264122493,-0.02136150086139545,0.4098664539066793,0.5596369039922822,-0.00978400494640666,0.40858192386085734,0.5561478740084977,-0.05457478743371849,0.41007335333643796,12.140169483036427
P02_offset,132,170,0.8019999999999785,0.5633013110821784,-0.021592568258121635,0.4098664539066793,0.5597076198928826,-0.010001296854462424,0.40857937233209063,0.5561942194265624,-0.054785719625548984,0.4100958243354909,12.13557535172147
P02_offset,132,170,0.8039999999999783,0.5633225902312157,-0.021836986335657515,0.40986645390667925,0.5597771551925248,-0.010220092884300213,0.4085763013625402,0.5562342850547632,-0.05499887518447854,0.4101114470606474,12.145876793124698
P02_offset,132,170,0.8059999999999781,0.5633583192295659,-0.022100706602315848,0.40986645390667936,0.5598455343440192,-0.010440221519976037,0.40857280765649484,0.556270017314525,-0.05521467172721133,0.4101197902603694,12.17811849209864
P02_offset,132,170,0.8079999999999778,0.5633940482279161,-0.022364426868974177,0.4098664539066793,0.5599126603106435,-0.010662086877664269,0.4085689249673039,0.5563049263982877,-0.0554405040712082,0.41009692226617783,12.209210584748828
P02_offset,132,170,0.8099999999999776,0.5634297772262663,-0.022628147135632506,0.4098664539066793,0.5599789081178175,-0.010885387310096802,0.4085648140624505,0.55633900886948,-0.055676324638278346,0.4100428009532915,12.239318033447033
P02_offset,132,170,0.8119999999999774,0.5634655062246164,-0.02289186740229084,0.4098664539066793,0.5600448618406693,-0.011106874708625963,0.40856103432795243,0.5563734447141517,-0.055902492237295855,0.4100198504921627,12.27138381728662
P02_offset,132,170,0.8139999999999772,0.5635012352229666,-0.023155587668949165,0.4098664539066793,0.5601103924628208,-0.011327512862133748,0.4085575863097352,0.5564076459039603,-0.05612372782206497,0.41002501800649266,12.304518205100704
P02_offset,132,170,0.815999999999977,0.5635369642213167,-0.023419307935607495,0.4098664539066793,0.560174686483846,-0.011549946351540791,0.40855378953401744,0.5564472677133697,-0.056347941705039456,0.4100313446035272,12.336395583686885
P02_offset,132,170,0.8179999999999767,0.563572693219667,-0.023683028202265827,0.4098664539066793,0.5602381560151163,-0.01177386421601775,0.40854975603166754,0.5564907354934002,-0.056574316496434476,0.41003668005070515,12.367187441770294
P02_offset,132,170,0.8199999999999765,0.5636084222180171,-0.023946748468924157,0.4098664539066793,0.560301628879801,-0.011999122010852587,0.4085458777342008,0.55652868752565,-0.05680162764454516,0.4100394796435924,12.39680040023564
P02_offset,132,170,0.8219999999999763,0.5636441512163672,-0.02421046873558249,0.4098664539066793,0.5603646942278143,-0.012225599166955013,0.4085420357137549,0.5565625132144201,-0.05703100923611526,0.41003835865179555,12.425455191532484
P02_offset,132,170,0.8239999999999761,0.5636798802147174,-0.02447418900224082,0.4098664539066793,0.560426877370822,-0.012453751332471594,0.40853806510494933,0.5565954002106919,-0.05727113645762202,0.4100066233527742,12.452828966752838
P02_offset,132,170,0.8259999999999759,0.5637156092130675,-0.02473790926889915,0.4098664539066793,0.5604887800184035,-0.012682843994315317,0.40853424385487813,0.5566283348993922,-0.05750978241172648,0.4099734698265755,12.479464148192134
P02_offset,132,170,0.8279999999999756,0.5637513382114178,-0.025001629535557478,0.4098664539066793,0.560550937345413,-0.012908616224481244,0.4085322573724505,0.5566641621986621,-0.057734797474705564,0.40996482985396,12.509337977886414
P02_offset,132,170,0.8299999999999754,0.5637870672097679,-0.025265349802215807,0.4098664539066793,0.5606117487239407,-0.013136022995243184,0.4085301068867509,0.5567003144045477,-0.057962601464468765,0.40995772801981767,12.53807067601633
P02_offset,132,170,0.8319999999999752,0.563822796208118,-0.02552907006887414,0.4098664539066793,0.5606730928946606,-0.013360932418521158,0.4085296461820971,0.5567369439243132,-0.05818064466841538,0.4099721325348526,12.56917677657302
P02_offset,132,170,0.833999999999975,0.5638585252064683,-0.02579279033553247,0.4098664539066793,0.5607345734871962,-0.013584189257999507,0.4085306243457998,0.556773294210892,-0.05839273909060308,0.41000482529849874,12.6019448742915
P02_offset,132,170,0.8359999999999748,0.5638942542048184,-0.026056510602190785,0.4098664539066793,0.560795182443953,-0.013808312802389616,0.4085311663362906,0.5568056118777882,-0.058606856251247647,0.4100577725773263,12.634183595391029
P02_offset,132,170,0.8379999999999745,0.5639069397480118,-0.02632281003221683,0.40986645390667936,0.5608545007905518,-0.014036264088793764,0.4085307710703763,0.556836946540006,-0.058831659057351465,0.4100800615526065,12.660039289388688
P02_offset,132,170,0.8399999999999743,0.5639105555559947,-0.026590124602058084,0.4098664539066793,0.5609127158078508,-0.014266914629053058,0.40852953385516405,0.5568673853806354,-0.05906612931793944,0.41007087713339646,12.682608059635115
P02_offset,132,170,0.8419999999999741,0.5639141713639776,-0.026857439171899335,0.4098664539066793,0.5609703363638592,-0.014499092042311337,0.4085279195938568,0.5568960675967656,-0.05929941323559804,0.41005846410406904,12.704129575981115
P02_offset,132,170,0.8439999999999739,0.5639177871719605,-0.02712475374174059,0.4098664539066793,0.5610269669419635,-0.014732785607140819,0.4085258169593404,0.5569231158331432,-0.05953246531942232,0.4100424035179233,12.724689224145946
P02_offset,132,170,0.8459999999999737,0.5639214029799433,-0.027392068311581846,0.4098664539066793,0.561082448631243,-0.01496781837574845,0.4085231691234456,0.5569490724323966,-0.05976841921064778,0.4100216706194548,12.744475205439432
P02_offset,132,170,0.8479999999999734,0.5639250187879263,-0.027659382881423097,0.4098664539066793,0.5611362053478216,-0.01520352409696658,0.40851983539739634,0.5569801776889839,-0.060003797457971596,0.41000718183812035,12.764242964705403
P02_offset,132,170,0.8499999999999732,0.5639286345959091,-0.027926697451264356,0.4098664539066793,0.5611888032741194,-0.015439945997690128,0.4085164471695626,0.5570119970906319,-0.060239158398110705,0.4099948224588901,12.783803719362968
P02_offset,132,170,0.851999999999973,0.563932250403892,-0.028194012021105608,0.4098664539066793,0.561240342747906,-0.01567727411183514,0.4085129806027974,0.557043955232109,-0.06047506084353163,0.40998294314706857,12.802933051364624
P02_offset,132,170,0.8539999999999728,0.563935866211875,-0.028461326590946863,0.4098664539066793,0.5612917403290005,-0.015913249975919353,0.40850987131482897,0.5570713010037047,-0.060705128675801634,0.4099977316482577,12.823635538375486
P02_offset,132,170,0.8559999999999726,0.5639394820198579,-0.028728641160788118,0.4098664539066793,0.561342618846481,-0.016150794117600953,0.4085070581912372,0.5570950714424011,-0.06093699752175019,0.4100072777842406,12.843127912742029
P02_offset,132,170,0.8579999999999723,0.5639430978278408,-0.028995955730629373,0.4098664539066793,0.5613926042086923,-0.016389664776474758,0.4085042475352157,0.5571161428840767,-0.06117001650337828,0.41001100265500035,12.86171020207335
P02_offset,132,170,0.8599999999999721,0.5639467136358236,-0.02926327030047063,0.4098664539066793,0.5614415682975791,-0.016629772211488918,0.40850127801071145,0.5571352925726466,-0.06140415665361092,0.4100086629257743,12.879480856386753
P02_offset,132,170,0.8619999999999719,0.5639503294438066,-0.029530584870311884,0.4098664539066793,0.5614888556445653,-0.01687040840109618,0.4084977795882268,0.5571606173529421,-0.06163932435781073,0.4100090114613684,12.897244724980393
P02_offset,132,170,0.8639999999999717,0.5639539452517894,-0.02979789944015314,0.4098664539066793,0.5615350856326461,-0.01711162564209246,0.40849436286011503,0.5571879115643729,-0.06187532268134803,0.41000810006081834,12.9148141580312
P02_offset,132,170,0.8659999999999715,0.5639575610597723,-0.03006521400999439,0.4098664539066793,0.5615810092989485,-0.017353835164096755,0.4084909629626905,0.5572106818364452,-0.06211249078101933,0.41000510874220697,12.931633711013038
P02_offset,132,170,0.8679999999999712,0.5639611768677553,-0.030332528579835646,0.4098664539066793,0.5616260453940998,-0.017597670576259897,0.4084876335201127,0.5572287078189455,-0.0623493750532821,0.4099726006865054,12.947179127921796
P02_offset,132,170,0.869999999999971,0.5639626868013656,-0.030599548276171916,0.4098664539066793,0.5616713229901287,-0.017837521948823216,0.4084861543214544,0.5572481861266557,-0.06257444970819773,0.40996481625108133,12.966096717801687
P02_offset,132,170,0.8719999999999708,0.5638861477660457,-0.030855639223229602,0.40986645390667936,0.5617164797887231,-0.018074650486286238,0.408486350631023,0.557268040640939,-0.0627932328479683,0.409979694016254,12.963839409129246
P02_offset,132,170,0.8739999999999706,0.5638096087307257,-0.031111730170287285,0.4098664539066793,0.5617596404618133,-0.01831192391488932,0.4084859100500243,0.5572834426061537,-0.06301446171419066,0.4100193072142696,12.962924441624766
P02_offset,132,170,0.8759999999999704,0.5637330696954057,-0.03136782111734497,0.4098664539066793,0.5618005409566101,-0.018549573257264713,0.4084847843841415,0.5572943479194916,-0.06323826364552523,0.4100796161088969,12.96310709393095
P02_offset,132,170,0.8779999999999701,0.5636565306600857,-0.031623912064402654,0.4098664539066793,0.5618385138184635,-0.018790754125984844,0.40848246880329847,0.5573039697588289,-0.06347322437175264,0.41010953146321383,12.961293450454628
P02_offset,132,170,0.8799999999999699,0.5635799916247657,-0.03188000301146034,0.4098664539066793,0.5618738968308455,-0.019034344763116707,0.4084791985757834,0.5573125434373858,-0.0637182990941793,0.4101083453979388,12.958460374561483
P02_offset,132,170,0.8819999999999697,0.5635034525894458,-0.032136093958518026,0.4098664539066793,0.5619068736108043,-0.019279770736254843,0.4084751884995923,0.5573200817956177,-0.06397330536328731,0.41007591416990735,12.955080518095732
P02_offset,132,170,0.8839999999999695,0.5634269135541257,-0.03239218490557571,0.4098664539066793,0.5619375594730625,-0.019526664043441944,0.40847061478473257,0.5573265800916919,-0.06423823101410209,0.4100122247580996,12.951440176010497
P02_offset,132,170,0.8859999999999693,0.5633503745188058,-0.032648275852633385,0.4098664539066793,0.5619665640818231,-0.01977418679844453,0.40846590913650976,0.5573330762213684,-0.06449908133997809,0.4099538131224932,12.948246997207285
P02_offset,132,170,0.887999999999969,0.5632738354834856,-0.032904366799691075,0.4098664539066793,0.5619946614628931,-0.02001730482244464,0.4084632539152044,0.557338560005128,-0.06474304775137951,0.409924393108131,12.950391985586755
P02_offset,132,170,0.8899999999999688,0.5631972964481657,-0.03316045774674876,0.4098664539066793,0.5620213211317484,-0.02025760843202101,0.4084621702304641,0.5573435138388442,-0.06497735349459274,0.40992231305335974,12.956328121168944
P02_offset,132,170,0.8919999999999686,0.5631207574128457,-0.03341654869380644,0.4098664539066793,0.5620464062011158,-0.02049587764863576,0.4084624404747277,0.5573474392616954,-0.06520537723082216,0.4099439678603794,12.965260151021173
P02_offset,132,170,0.8939999999999684,0.5630442183775257,-0.03367263964086412,0.4098664539066793,0.5620698296305818,-0.02073270044824906,0.40846384157413007,0.5573499451949119,-0.06542936551146347,0.409985763089968,12.97657349760507
P02_offset,132,170,0.8959999999999682,0.5629676793422057,-0.03392873058792181,0.4098664539066793,0.5620906651832406,-0.020970726586213816,0.4084643756424234,0.5573470710858996,-0.06565699767053679,0.41004964678723543,12.987648807359466
P02_offset,132,170,0.8979999999999679,0.5628911403068857,-0.034184821534979495,0.4098664539066793,0.5621084013055337,-0.02121191717289982,0.4084635702910011,0.557351881367583,-0.06589289415994284,0.410103576038373,12.996496756122525
P02_offset,132,170,0.8999999999999677,0.5628146012715658,-0.03444091248203718,0.4098664539066793,0.5621238944664356,-0.021456379081072213,0.4084617708014491,0.5573556457677137,-0.066138461809141,0.4101260207850398,13.002891352750277
P02_offset,132,170,0.9019999999999675,0.5627380622362457,-0.03469700342909487,0.4098664539066793,0.5621373172999568,-0.021703201133845083,0.4084591712562534,0.5573584027619775,-0.06639333493682349,0.4101166909783907,13.007682059710536
P02_offset,132,170,0.9039999999999673,0.562671732598591,-0.03495329117275941,0.40986645390667925,0.5621492683837679,-0.02195115112535747,0.40845612638888107,0.5573560937270533,-0.06664756175836736,0.41010768566761036,13.012632887622093
P02_offset,132,170,0.905999999999967,0.5626256716180665,-0.03520996961556995,0.40986645390667936,0.5621595915680447,-0.022200155345611376,0.4084527219746612,0.5573499994264518,-0.0669028546422141,0.4100973499217649,13.01816031364824
P02_offset,132,170,0.9079999999999668,0.5625796106375418,-0.03546664805838048,0.4098664539066793,0.5621680960073773,-0.022450669613162576,0.4084489813954696,0.5573428116847724,-0.06716818334501752,0.4100558240637117,13.022482066688227
P02_offset,132,170,0.9099999999999666,0.5625335496570172,-0.03572332650119102,0.4098664539066793,0.5621757334223616,-0.022699161000409092,0.4084455654809869,0.5573333791475322,-0.0674233140916413,0.4100468875406828,13.029079762191238
P02_offset,132,170,0.9119999999999664,0.5624874886764925,-0.035980004944001547,0.40986645390667925,0.5621815976824625,-0.02294868569912489,0.4084418300695803,0.5573303221277688,-0.06767904734419779,0.41004062433373145,13.03490892036156
P02_offset,132,170,0.9139999999999662,0.5624414276959679,-0.03623668338681208,0.4098664539066793,0.5621861363753806,-0.023199026178015072,0.4084379051383076,0.5573320352387582,-0.06793518919932538,0.4100348643991498,13.04015640828222
P02_offset,132,170,0.915999999999966,0.5623953667154432,-0.036493361829622616,0.4098664539066793,0.5621902528570314,-0.02345006464138726,0.40843420314474643,0.5573283953218536,-0.068191207847823,0.4100300881315883,13.04490985923402
P02_offset,132,170,0.9179999999999657,0.5623493057349186,-0.03675004027243315,0.4098664539066793,0.5621935062853647,-0.02370169704810115,0.4084305908672291,0.5573206397434908,-0.06844848500703243,0.4100242066833611,13.049273327218346
P02_offset,132,170,0.9199999999999655,0.562303244754394,-0.037006718715243685,0.4098664539066793,0.5621953761710271,-0.023954432162037166,0.4084268847238596,0.5573117264108958,-0.06871627363906406,0.40998754333304815,13.052732277124713
P02_offset,132,170,0.9219999999999653,0.5622571837738692,-0.03726339715805422,0.4098664539066793,0.5621961524403362,-0.024208511800652043,0.40842344284193843,0.5572904868961086,-0.06896090330541556,0.4099471251306075,13.055028016767585
P02_offset,132,170,0.9239999999999651,0.5622111227933446,-0.037520075600864754,0.4098664539066793,0.5621959164085486,-0.024463535152561236,0.40842020734637896,0.557272864603914,-0.06916334075579657,0.4099178247211801,13.056549303408016
P02_offset,132,170,0.9259999999999649,0.56216506181282,-0.03777675404367529,0.4098664539066793,0.5621962266454679,-0.024712980318912944,0.40841925162613835,0.5572542345521974,-0.0693598078479531,0.40991164354381004,13.063810897995461
P02_offset,132,170,0.9279999999999646,0.5621190008322954,-0.03803343248648582,0.4098664539066793,0.5621965766314384,-0.024958395822370437,0.4084204125391727,0.5572333522049312,-0.06955555925519903,0.40992716797247924,13.075266795464415
P02_offset,132,170,0.9299999999999644,0.5620729398517708,-0.03829011092929635,0.4098664539066793,0.5621966513051598,-0.02520079863492581,0.4084233967188091,0.5572096286864175,-0.06975288663528911,0.4099618403961059,13.089896900406032
P02_offset,132,170,0.9319999999999642,0.562026878871246,-0.038546789372106885,0.4098664539066793,0.5621960571020905,-0.02544162843917365,0.40842742845522845,0.5571800406251269,-0.06995410410432229,0.41001339826109884,13.106252872269447
P02_offset,132,170,0.933999999999964,0.5619808178907214,-0.03880346781491742,0.4098664539066793,0.5621937819254283,-0.025683285585617045,0.408430558189348,0.5571454406460654,-0.07016541274356668,0.41008559593483246,13.121910509149497
P02_offset,132,170,0.9359999999999637,0.5619347569101968,-0.039060146257727954,0.4098664539066793,0.5621895277624104,-0.025928963812094998,0.4084323239506862,0.5571094212983585,-0.07039123066909837,0.41012678946847014,13.133653741729173
P02_offset,132,170,0.9379999999999635,0.561882835398844,-0.039316103701710445,0.4098664539066793,0.5621838198054792,-0.026177435720053478,0.40843298757169866,0.5570722120294668,-0.07062763174573235,0.41013724884394376,13.142115048395198
P02_offset,132,170,0.9399999999999633,0.5618276696650686,-0.03957166202134168,0.40986645390667936,0.5621768833349556,-0.02642797576213417,0.4084327730550106,0.55703384636369,-0.07087426883332656,0.4101166904100617,13.148324557437583
P02_offset,132,170,0.9419999999999631,0.5617725039312931,-0.03982722034097292,0.40986645390667925,0.5621692392833099,-0.02667943280581362,0.40843199218813453,0.5569956659679012,-0.07112325935126691,0.4100994232181644,13.153771930865691
P02_offset,132,170,0.9439999999999629,0.5617173381975177,-0.040082778660604154,0.4098664539066793,0.5621606415799241,-0.026931802207588573,0.40843070552640304,0.5569579735692913,-0.07137538265130307,0.41008335132280066,13.158445940027388
P02_offset,132,170,0.9459999999999626,0.5616621724637422,-0.040338336980235395,0.4098664539066793,0.5621512217898734,-0.0271821787209086,0.40842943369116624,0.5569196088751558,-0.071623160868559,0.4100973289529906,13.165244752295418
P02_offset,132,170,0.9479999999999624,0.5616070067299668,-0.04059389529986663,0.4098664539066793,0.562140170516496,-0.027433505195059646,0.4084276244055843,0.5568918871104114,-0.07187585048752912,0.41011065148936643,13.171185646477229
P02_offset,132,170,0.9499999999999622,0.5615518409961913,-0.04084945361949787,0.4098664539066793,0.5621279314519015,-0.027685656816688144,0.40842541970702817,0.5568727090474789,-0.07213202742423232,0.41012208729982325,13.17639656654368
P02_offset,132,170,0.951999999999962,0.5614966752624159,-0.041105011939129105,0.4098664539066793,0.5621149599652908,-0.02793938574810449,0.40842304752380404,0.5568522647943369,-0.07239920473992878,0.41010311391203713,13.180136151633736
P02_offset,132,170,0.9539999999999618,0.5614415095286405,-0.041360570258760346,0.4098664539066793,0.5621011361581978,-0.02819421700214433,0.40842050192244767,0.5568306131039342,-0.07267687734865678,0.4100533251074147,13.182866356313571
P02_offset,132,170,0.9559999999999615,0.561386343794865,-0.04161612857839159,0.4098664539066793,0.5620869041103508,-0.028449158767380113,0.408417957803739,0.5568074801690445,-0.0729533526495102,0.41001090227641357,13.185593606649688
P02_offset,132,170,0.9579999999999613,0.5613311780610895,-0.04187168689802283,0.4098664539066793,0.5620721475044198,-0.02870174639707988,0.40841578269819023,0.5567801531868398,-0.073219735282042,0.41000350694268917,13.190768306445486
P02_offset,132,170,0.9599999999999611,0.5612760123273141,-0.04212724521765406,0.4098664539066793,0.5620567486328015,-0.028952943463539226,0.4084139445885995,0.5567486537335109,-0.07348054568283216,0.410026851754705,13.197415500285633
P02_offset,132,170,0.9619999999999609,0.5612208465935387,-0.04238280353728529,0.4098664539066793,0.5620404571382863,-0.02920573433457896,0.4084120056239883,0.5567127718516092,-0.07374503488659878,0.4100475387655994,13.202534386168937
P02_offset,132,170,0.9639999999999607,0.5611656808597631,-0.04263836185691653,0.4098664539066793,0.5620228981779843,-0.029460064683412054,0.408409806999602,0.5566756200096187,-0.07402048031334615,0.41003781224049174,13.206147732168318
P02_offset,132,170,0.9659999999999604,0.5611105151259878,-0.042893920176547765,0.4098664539066793,0.5620043079153981,-0.02971549478347118,0.4084076908883564,0.5566436328696905,-0.07429414664567582,0.40999968645438684,13.208700215815625
P02_offset,132,170,0.9679999999999602,0.5610553493922122,-0.043149478496179006,0.4098664539066793,0.5619846645088128,-0.029970758398235965,0.4084055083684982,0.5566156597324137,-0.07456334337532088,0.40996523301383464,13.21144541698107
P02_offset,132,170,0.96999999999996,0.5610001836584368,-0.04340503681581024,0.4098664539066793,0.5619641686113933,-0.030226149126234524,0.40840324483006585,0.5565911859775943,-0.07482975203591709,0.409932910627532,13.21409655345294
P02_offset,132,170,0.9719999999999598,0.5609340808274142,-0.043659975740737975,0.40986645390667925,0.5619449109097078,-0.03047694998271,0.4084035390826132,0.5565638535083565,-0.07508065940387976,0.40992773072610145,13.221722489603941
P02_offset,132,170,0.9739999999999596,0.5608674311415294,-0.04391488369593054,0.4098664539066793,0.5619257830313418,-0.030725005364494795,0.40840553144624503,0.5565287452036624,-0.07532277611689277,0.40994672947067967,13.232271124820093
P02_offset,132,170,0.9759999999999593,0.5608007814556444,-0.04416979165112309,0.4098664539066793,0.5619054929948475,-0.030975211373615592,0.4084072953183368,0.5564921431915384,-0.07556995163164484,0.40996290506517924,13.24074530698474
P02_offset,132,170,0.9779999999999591,0.5607341317697596,-0.044424699606315655,0.4098664539066793,0.5618840202215505,-0.03122694057762862,0.4084086625486776,0.556455573020847,-0.07581999955494267,0.40997522353227434,13.24775780390222
P02_offset,132,170,0.9799999999999589,0.5606674820838746,-0.04467960756150821,0.40986645390667925,0.5618622373234479,-0.03147564030641845,0.40841119904723855,0.5564163595544319,-0.07606076243475425,0.41000845620431076,13.257910519986558
P02_offset,132,170,0.9819999999999587,0.5606008323979899,-0.044934515516700774,0.4098664539066793,0.5618390591296205,-0.03172405304260632,0.4084131362330819,0.5563736987550569,-0.07630178583161046,0.41006505279143446,13.268365544345784
P02_offset,132,170,0.9839999999999585,0.5605341827121049,-0.04518942347189332,0.4098664539066793,0.5618145640812157,-0.03197491942229054,0.4084142255804948,0.5563268861400502,-0.07654892795617523,0.41011301082396734,13.276388580006778
P02_offset,132,170,0.9859999999999582,0.56046753302622,-0.045444331427085885,0.4098664539066793,0.5617885521707818,-0.03222797078977914,0.4084144430717037,0.5562789197724681,-0.07680582738832448,0.41012957416542034,13.28221668531462
P02_offset,132,170,0.987999999999958,0.5604008833403351,-0.04569923938227844,0.4098664539066793,0.5617611103833172,-0.0324814855822228,0.4084138949911873,0.5562412588295942,-0.07706300657167328,0.4101444668731109,13.287559336738449
P02_offset,132,170,0.9899999999999578,0.5603342336544502,-0.045954147337470996,0.4098664539066793,0.5617326052052463,-0.03273560949940895,0.4084128007318198,0.5562120199000485,-0.0773211030107884,0.41015699901118063,13.29229797929439
P02_offset,132,170,0.9919999999999576,0.5602675839685654,-0.04620905529266356,0.4098664539066793,0.5617034605395587,-0.032991140990068606,0.40841143121991347,0.5561815789700049,-0.07758934980613037,0.41013846678739757,13.29567599025607
P02_offset,132,170,0.9939999999999574,0.5602009342826805,-0.04646396324785612,0.4098664539066793,0.5616735441496392,-0.03324765819696387,0.4084097964174115,0.5561499704286034,-0.07786747354448897,0.4100886483563793,13.298093811464271
P02_offset,132,170,0.9959999999999571,0.5601342845967956,-0.04671887120304868,0.4098664539066793,0.561642561491988,-0.03350411295633435,0.40840775914985367,0.55612104950436,-0.07814334282746467,0.4100433014931161,13.300553924994086
P02_offset,132,170,0.9979999999999569,0.5600676349109106,-0.04697377915824123,0.4098664539066793,0.5616107407513132,-0.033760679328863286,0.40840547895506457,0.5560937857529603,-0.07841875683421877,0.4099999626636164,13.302901290161941
P02_offset,132,170,0.9999999999999567,0.5600009852250258,-0.047228687113433795,0.4098664539066793,0.5615791461632273,-0.03401721722663635,0.40840378249370335,0.556065791015065,-0.07868849810268864,0.40996415780616446,13.305394714799737
P02_offset,132,170,1.0019999999999565,0.559934335539141,-0.04748359506862635,0.4098664539066793,0.5615472055569689,-0.03427386036566393,0.40840243209709637,0.556037539459657,-0.07895466400666455,0.40993388464039976,13.30783380633595
P02_offset,132,170,1.0039999999999563,0.55985797424732,-0.04773632588605253,0.40986645390667925,0.5615139803439891,-0.034531860729054384,0.40840103534126027,0.5560146473491314,-0.07917617895070231,0.4099143818794559,13.307902023782095
P02_offset,132,170,1.005999999999956,0.5597541272783217,-0.047982894992819186,0.4098664539066793,0.5614813277535685,-0.03478512302402684,0.4084014393403963,0.5559870199067585,-0.0793910392392532,0.4099201484742096,13.31031203322949
P02_offset,132,170,1.0079999999999558,0.5596502803093237,-0.04822946409958585,0.40986645390667936,0.5614483976884989,-0.03503498997774512,0.4084033412788717,0.5559536157997058,-0.07960405146106753,0.4099487128640336,13.316432459980275
P02_offset,132,170,1.0099999999999556,0.5595464333403255,-0.0484760332063525,0.4098664539066793,0.5614147244655835,-0.035282341143559305,0.4084064520105208,0.5559142252199611,-0.07981744133779778,0.40999679166233616,13.325315079821937
P02_offset,132,170,1.0119999999999554,0.5594425863713275,-0.04872260231311916,0.4098664539066793,0.5613790573450602,-0.03552970206837407,0.40840875422475986,0.5558684448520599,-0.08003807828176815,0.4100665608108338,13.334261760588943
P02_offset,132,170,1.0139999999999552,0.5593387394023293,-0.048969171419885806,0.4098664539066793,0.5613415069985196,-0.03577955590243012,0.4084100355312374,0.5558158050699035,-0.08026965738541839,0.41012703152878055,13.340803406941344
P02_offset,132,170,1.015999999999955,0.5592348924333311,-0.049215740526652466,0.40986645390667936,0.5613018129333811,-0.03603180415348924,0.4084102266525687,0.5557618039055605,-0.08051219991746511,0.4101570115372488,13.344974284169417
P02_offset,132,170,1.0179999999999547,0.559131045464333,-0.04946230963341912,0.4098664539066793,0.5612604219656879,-0.036285695153985005,0.40840959713494407,0.5557065827238746,-0.08076515220593579,0.41015613384651384,13.347562077928512
P02_offset,132,170,1.0199999999999545,0.5590271984953348,-0.04970887874018577,0.4098664539066793,0.5612175417185171,-0.03654079249236526,0.40840834526114494,0.5556501553784293,-0.0810283760205805,0.41012428761196684,13.349011156837815
P02_offset,132,170,1.0219999999999543,0.5589233515263367,-0.049955447846952425,0.4098664539066793,0.5611730816314089,-0.03679565979923236,0.40840676452810803,0.5555992123367814,-0.0812895873295827,0.41009471428099703,13.35070436368749
P02_offset,132,170,1.023999999999954,0.5588195045573385,-0.05020201695371908,0.4098664539066793,0.561127275618255,-0.03705061951522188,0.4084048988271086,0.5555529608039012,-0.08155022085925624,0.41006627522192934,13.352342935040067
P02_offset,132,170,1.0259999999999538,0.5587156575883404,-0.05044858606048573,0.4098664539066793,0.5610801866426509,-0.03730584363730187,0.4084026451367492,0.555511083039233,-0.08181136975820309,0.4100383407949759,13.35375138494181
P02_offset,132,170,1.0279999999999536,0.5586118106193423,-0.05069515516725239,0.4098664539066793,0.5610329421655774,-0.0375587497472984,0.4084008875937608,0.5554603576495617,-0.08206509688301473,0.41004208881290344,13.357657928004128
P02_offset,132,170,1.0299999999999534,0.5585079636503442,-0.050941724274019044,0.4098664539066793,0.5609847821130362,-0.0378125105626335,0.4083990967362824,0.5554039352330411,-0.08232130192669038,0.41005097914160993,13.360796472380155
P02_offset,132,170,1.0319999999999532,0.5584041166813459,-0.0511882933807857,0.4098664539066793,0.5609358360081864,-0.03806669560758193,0.40839774685020314,0.555348287330789,-0.08257946334547214,0.4100596292980628,13.363604710991858
P02_offset,132,170,1.033999999999953,0.5583002697123478,-0.05143486248755235,0.4098664539066793,0.5608858486743733,-0.038321285516375626,0.40839659587248306,0.5552939099340904,-0.082839806055076,0.4100668837991173,13.366043526333637
P02_offset,132,170,1.0359999999999527,0.5581964227433497,-0.051681431594319004,0.4098664539066793,0.5608340240939697,-0.0385768410286466,0.40839497094054605,0.555238361052963,-0.08311008635193265,0.41004289757061285,13.36739446484252
P02_offset,132,170,1.0379999999999525,0.5580846877601188,-0.05192133469378805,0.4098664539066793,0.5607808320098844,-0.03883301628868585,0.40839305384948393,0.5551816573251521,-0.08339015029987937,0.40998754430283396,13.363131088516685
P02_offset,132,170,1.0399999999999523,0.5579669969851616,-0.052156204669591456,0.4098664539066793,0.5607261307236235,-0.03908859932588114,0.40839096538958586,0.5551289399631657,-0.08366409477021629,0.4099388552437101,13.355715196337679
P02_offset,132,170,1.041999999999952,0.5578493062102046,-0.05239107464539486,0.4098664539066793,0.5606718571094422,-0.039339513889671815,0.4083909350009638,0.555074669662184,-0.08392128150098008,0.40992073821253305,13.353277939858707
P02_offset,132,170,1.0439999999999519,0.5577316154352474,-0.05262594462119827,0.4098664539066793,0.5606173266786489,-0.039586958322735635,0.40839267574214516,0.5550176145563962,-0.08416771513611522,0.4099298011215818,13.354493366346412
P02_offset,132,170,1.0459999999999516,0.5576139246602904,-0.05286081459700169,0.4098664539066793,0.5605621777143137,-0.03983175238022316,0.4083958761638168,0.5549572746111109,-0.084406884678358,0.4099620806710599,13.358467663592407
P02_offset,132,170,1.0479999999999514,0.5574962338853332,-0.053095684572805085,0.40986645390667925,0.560505300866458,-0.040076682114267105,0.4083984609484759,0.5548897728302298,-0.08464710723394897,0.41001891781543603,13.362219468049215
P02_offset,132,170,1.0499999999999512,0.5573785431103762,-0.05333055454860851,0.4098664539066793,0.5604468823218307,-0.04032181041478986,0.4084004915541839,0.5548160769817021,-0.08488815756902206,0.4100955821458617,13.365707218688827
P02_offset,132,170,1.051999999999951,0.557260852335419,-0.05356542452441192,0.4098664539066793,0.5603864106687215,-0.04056999888391248,0.40840151274927655,0.554741138486825,-0.08513967872509111,0.41014142725955777,13.366009220131005
P02_offset,132,170,1.0539999999999508,0.557143161560462,-0.05380029450021532,0.4098664539066793,0.5603243249421411,-0.04082010005637039,0.4084017369848115,0.5546650606917679,-0.08540077695737468,0.4101557469514739,13.36432745262399
P02_offset,132,170,1.0559999999999505,0.5570254707855048,-0.05403516447601873,0.4098664539066793,0.5602608339141204,-0.04107152159708236,0.40840134017421287,0.5545878583713283,-0.08567130561101396,0.4101384296998206,13.3612728161131
P02_offset,132,170,1.0579999999999503,0.5569077800105477,-0.05427003445182214,0.4098664539066793,0.5601960537497717,-0.04132388225213829,0.40840046128602914,0.5545095271871665,-0.08595127870912517,0.4100894877445435,13.35723028780475
P02_offset,132,170,1.05999999999995,0.5567900892355906,-0.05450490442762555,0.4098664539066793,0.5601300600269896,-0.041576904242387,0.408399211178505,0.5544300620778371,-0.08624071633623054,0.4100089325011409,13.352475189152262
P02_offset,132,170,1.0619999999999499,0.5566723984606334,-0.054739774403428955,0.4098664539066793,0.5600629434338436,-0.04183087859080063,0.40839795393784606,0.5543723330580224,-0.08650935903925662,0.40993166827133226,13.346736916439667
P02_offset,132,170,1.0639999999999497,0.5565547076856764,-0.054974644379232364,0.4098664539066793,0.5599947329743454,-0.04208543571273398,0.40839667564501747,0.5543257161521042,-0.08673119280031795,0.40987308509738507,13.340370086141524
P02_offset,132,170,1.0659999999999494,0.5564370169107193,-0.05520951435503577,0.4098664539066793,0.5599272940816139,-0.04233419494010477,0.408397573318442,0.5542760824530336,-0.0869433020182929,0.4098457201071111,13.340010673390292
P02_offset,132,170,1.0679999999999492,0.5563193261357622,-0.05544438433083918,0.4098664539066793,0.5598599391369884,-0.04257861719588191,0.40840045157372884,0.5542215510419625,-0.08715119600627176,0.40984644602298476,13.344058767683796
P02_offset,132,170,1.069999999999949,0.5562016353608051,-0.0556792543066426,0.4098664539066793,0.5597922799208808,-0.04281968563538238,0.4084050074464042,0.5541615285710509,-0.08735753798635174,0.4098713595540101,13.351450661544531
P02_offset,132,170,1.0719999999999488,0.556065749121698,-0.05590295037585553,0.4098664539066793,0.5597238540251174,-0.04305847933305082,0.4084105944253906,0.554096873933004,-0.08756461396439716,0.4099173160139928,13.355229981317027
P02_offset,132,170,1.0739999999999486,0.5559273461268021,-0.05612510089537183,0.4098664539066793,0.5596535334265449,-0.043297714029775246,0.40841512968190474,0.5540241692605612,-0.08777937765748244,0.40998611851326694,13.35763173591953
P02_offset,132,170,1.0759999999999483,0.5557889431319061,-0.05634725141488813,0.4098664539066793,0.5595814756084956,-0.043537399058147346,0.4084187199961893,0.5539446001570775,-0.08800044447565045,0.41007327181081205,13.359476785693504
P02_offset,132,170,1.077999999999948,0.5556505401370101,-0.056569401934404434,0.4098664539066793,0.5595069957865533,-0.0437794175398811,0.408420949218541,0.5538738165781658,-0.08823214431840277,0.41014702090789845,13.358740621370112
P02_offset,132,170,1.079999999999948,0.5555121371421141,-0.05679155245392074,0.4098664539066793,0.559430789862677,-0.044023983927571224,0.4084221087202787,0.5538017313179455,-0.08847453599175131,0.4101901303869217,13.355397606189264
P02_offset,132,170,1.0819999999999477,0.5553737341472181,-0.05701370297343704,0.4098664539066793,0.5593530094333274,-0.0442702324558021,0.40842239839826755,0.5537284120128783,-0.08872707105497299,0.41020217008827287,13.35030608774463
P02_offset,132,170,1.0839999999999475,0.5552353311523222,-0.05723585349295335,0.4098664539066793,0.5592737653392507,-0.04451764726430267,0.4084219986906025,0.5536538768748321,-0.08898960699685565,0.4101830296170957,13.343976931808665
P02_offset,132,170,1.0859999999999472,0.5550969281574262,-0.05745800401246964,0.4098664539066793,0.5591931414766248,-0.04476586565599795,0.40842106075851026,0.553578134077804,-0.08926208391875325,0.41013265873562044,13.336766460285647
P02_offset,132,170,1.087999999999947,0.5549585251625302,-0.05768015453198595,0.4098664539066793,0.5591116991959767,-0.04501384209138475,0.4084198508797121,0.5535025049872195,-0.08953378322383349,0.41009184925563447,13.329828408311304
P02_offset,132,170,1.0899999999999468,0.5548201221676342,-0.057902305051502255,0.4098664539066793,0.5590294877779936,-0.04526176684516786,0.4084187900607269,0.5534313593413217,-0.0898052599643046,0.41005968548779514,13.322986338936005
P02_offset,132,170,1.0919999999999466,0.5546817191727382,-0.05812445557101856,0.4098664539066793,0.5589459032912775,-0.04550955379422114,0.4084174125357235,0.5533605170793663,-0.09007846386862396,0.4100299620827205,13.316118542392482
P02_offset,132,170,1.0939999999999463,0.5545433161778422,-0.05834660609053487,0.4098664539066793,0.5588603925906677,-0.04575689076158457,0.4084155266493342,0.5532958951934787,-0.0903470441935645,0.4100056370338415,13.309323078886457
P02_offset,132,170,1.0959999999999461,0.5544049131829463,-0.05856875661005117,0.4098664539066793,0.5587735590280559,-0.04600384688254163,0.40841359271658206,0.5532347683246586,-0.09061140144759387,0.40998320065006827,13.30270735528891
P02_offset,132,170,1.097999999999946,0.5542665101880503,-0.05879090712956747,0.4098664539066793,0.558685559293234,-0.046250553468298414,0.40841157195876077,0.5531764124197107,-0.09087252191750055,0.40996130003478,13.296182344708184
P02_offset,132,170,1.0999999999999457,0.5541281071931543,-0.059013057649083774,0.4098664539066793,0.5585982454778404,-0.046492795231584554,0.40841166298587694,0.5531133480671043,-0.09111860665817707,0.4099645236568737,13.294326131371232
P02_offset,132,170,1.1019999999999455,0.5539897041982583,-0.05923520816860008,0.4098664539066793,0.5585111212660772,-0.04673198229002953,0.40841362761365374,0.5530437432376706,-0.0913561066614736,0.40999166123281017,13.295633481399815
P02_offset,132,170,1.1039999999999452,0.553853012075646,-0.05945642188634363,0.4098664539066793,0.5584236477004891,-0.04696881280687619,0.40841706317932164,0.5529676999673823,-0.09158788955963207,0.41003895756820297,13.297785174106371
P02_offset,132,170,1.105999999999945,0.5537237487405815,-0.05967356791217922,0.4098664539066793,0.5583342766630081,-0.04720772091297573,0.40841952872569276,0.5528852292321612,-0.09182587758991555,0.41008271657203804,13.291136487562886
P02_offset,132,170,1.1079999999999448,0.553594485405517,-0.0598907139380148,0.4098664539066793,0.5582434140222006,-0.047447962518179954,0.4084211730059712,0.5527990514162524,-0.0920670011308088,0.4101214602184251,13.282868672798857
P02_offset,132,170,1.1099999999999446,0.5534652220704525,-0.06010785996385039,0.4098664539066793,0.5581509566095615,-0.047689614872409566,0.40842203780118275,0.5527117965226096,-0.09231727865817109,0.4101283286513104,13.272864021080506
P02_offset,132,170,1.1119999999999444,0.5533359587353879,-0.06032500598968597,0.40986645390667925,0.5580573437006103,-0.0479321344953222,0.40842234074223893,0.5526234749914247,-0.09257663830613568,0.41010326424555976,13.261777402205285
P02_offset,132,170,1.1139999999999441,0.5532066954003234,-0.060542152015521565,0.4098664539066793,0.5579624712954642,-0.04817435870567699,0.4084220460587411,0.55254227013127,-0.09283222658811975,0.4100802883600793,13.250649633879771
P02_offset,132,170,1.115999999999944,0.5530774320652588,-0.06075929804135714,0.4098664539066793,0.5578666776032601,-0.04841640518932554,0.408421369530364,0.5524664883943472,-0.09308609842347458,0.4100577404990579,13.239481741367308
P02_offset,132,170,1.1179999999999437,0.5529481687301945,-0.06097644406719273,0.4098664539066793,0.5577701041216422,-0.0486582972979136,0.4084204334998979,0.5523943124472366,-0.09333964788231858,0.410033809560274,13.22829545893188
P02_offset,132,170,1.1199999999999435,0.5528189053951298,-0.06119359009302831,0.4098664539066793,0.5576737459475598,-0.048897738595182406,0.40841998482809316,0.5523144836162193,-0.09358381134345038,0.41003873629695714,13.219585502072235
P02_offset,132,170,1.1219999999999433,0.5526896420600653,-0.0614107361188639,0.4098664539066793,0.5575768931265063,-0.0491376232969578,0.40841953233526773,0.5522307124280851,-0.09382872076225246,0.4100479273311995,13.210394442470825
P02_offset,132,170,1.123999999999943,0.5525603787250009,-0.06162788214469948,0.4098664539066793,0.5574793318538733,-0.049377635969751026,0.4084189875147624,0.5521445918657751,-0.0940751358205499,0.4100582355964953,13.200932968199014
P02_offset,132,170,1.1259999999999428,0.5524311153899363,-0.06184502817053507,0.4098664539066793,0.5573806334227832,-0.04961823418912426,0.40841822467544253,0.5520572986912401,-0.09433183665528856,0.4100375824907679,13.19061104806523
P02_offset,132,170,1.1279999999999426,0.5523018520548718,-0.062062174196370654,0.4098664539066793,0.5572811163554482,-0.049859621522922025,0.4084176230090581,0.551970005516705,-0.09458853749002723,0.4099776893850405,13.179353729348136
P02_offset,132,170,1.1299999999999424,0.5521725887198072,-0.06227932022220624,0.4098664539066793,0.5571808775611609,-0.0501013969233616,0.408417139664657,0.5518832253003751,-0.09481205916534174,0.4099290740183188,13.16756518840785
P02_offset,132,170,1.1319999999999422,0.5520433253847428,-0.062496466248041824,0.4098664539066793,0.5570799647726651,-0.05034333747270201,0.408416753625357,0.5518105503548775,-0.09499718515217108,0.4098937196109145,13.15546560764624
P02_offset,132,170,1.133999999999942,0.5519140620496782,-0.06271361227387741,0.4098664539066793,0.5569802472607077,-0.05057944393423548,0.4084185392474566,0.5517365766208816,-0.0951787875278271,0.4098845761187442,13.149306973647805
P02_offset,132,170,1.1359999999999417,0.5517847987146137,-0.062930758299713,0.4098664539066793,0.5568810469516443,-0.0508111746779279,0.40842229524721985,0.5516594067757343,-0.09536127112468594,0.4098991923686957,13.147473265189735
P02_offset,132,170,1.1379999999999415,0.5516582351251618,-0.06314562961251144,0.4098664539066793,0.5567819778579594,-0.051039505512677996,0.4084277223301481,0.5515783228057439,-0.09554640573058125,0.4099342908041715,13.145759023824535
P02_offset,132,170,1.1399999999999413,0.5515344159790974,-0.0633581885514609,0.4098664539066793,0.5566825087437157,-0.05126544802179081,0.40843411956060205,0.5514927979858837,-0.09573520307337083,0.4099859790473786,13.142953725515493
P02_offset,132,170,1.141999999999941,0.5514105968330328,-0.06357074749041035,0.4098664539066793,0.5565818297107588,-0.05149158099586654,0.40843962107767906,0.5513998175412486,-0.0959337801237891,0.4100569856364459,13.139555269436759
P02_offset,132,170,1.1439999999999408,0.5512867776869684,-0.06378330642935981,0.4098664539066793,0.5564793874402024,-0.05171990488466705,0.40844379809335596,0.5513161339824296,-0.09614546186405483,0.4101137806382019,13.133501166021054
P02_offset,132,170,1.1459999999999406,0.5511629585409039,-0.06399586536830926,0.4098664539066793,0.5563759730072302,-0.051950688350682436,0.40844693146307387,0.5512312202497183,-0.09636819776947236,0.4101402128592725,13.124854635846157
P02_offset,132,170,1.1479999999999404,0.5510391393948395,-0.0642084243072587,0.4098664539066793,0.5562717692990644,-0.05218307086847708,0.40844921322344574,0.5511451531368041,-0.09660133990283813,0.4101357608811555,13.114478298514424
P02_offset,132,170,1.1499999999999402,0.5509153202487751,-0.06442098324620815,0.4098664539066793,0.5561668907294556,-0.05241656003393766,0.40845081224696866,0.5510579590039387,-0.096844692154952,0.41010025945072925,13.10286873828984
P02_offset,132,170,1.15199999999994,0.5507915011027107,-0.0646335421851576,0.4098664539066793,0.5560619362242681,-0.052650018803867535,0.4084520242720021,0.5509702001869575,-0.09708821073962196,0.4100737935692921,13.091307001230701
P02_offset,132,170,1.1539999999999397,0.5506676819566463,-0.06484610112410705,0.4098664539066793,0.5559565958918423,-0.05288353878313998,0.40845287277763975,0.5508822877595198,-0.09733343022516733,0.4100531860156329,13.079583646868672
P02_offset,132,170,1.1559999999999395,0.5505438628105818,-0.06505866006305647,0.4098664539066793,0.5558510046545508,-0.053114643273430524,0.40845379993449904,0.5507907179310221,-0.09757239101940741,0.4100618890765012,13.070014981738693
P02_offset,132,170,1.1579999999999393,0.5504200436645174,-0.06527121900200593,0.4098664539066793,0.5557451296093355,-0.053344195008153225,0.4084548308956725,0.5506958113368137,-0.0978086107702123,0.41009644594150313,13.061793202682324
P02_offset,132,170,1.159999999999939,0.550296224518453,-0.06548377794095538,0.4098664539066793,0.5556381060654877,-0.05357465341104316,0.40845537301360746,0.5506109848456241,-0.09804909412165239,0.41012465593312664,13.052315715286204
P02_offset,132,170,1.1619999999999389,0.5501724053723884,-0.06569633687990482,0.4098664539066793,0.5555306158018279,-0.05380638442613469,0.4084556640817706,0.5505249735802004,-0.09830059493546252,0.4101224654658073,13.041525538029239
P02_offset,132,170,1.1639999999999386,0.550048586226324,-0.06590889581885427,0.4098664539066793,0.5554226506597112,-0.054038845390255066,0.40845572337451874,0.5504378508580382,-0.09856249812717989,0.4100893860808958,13.029914263405002
P02_offset,132,170,1.1659999999999384,0.5499247670802596,-0.06612145475780372,0.4098664539066793,0.5553139849030354,-0.05427104470789414,0.4084554261587728,0.5503547426254887,-0.0988229146329095,0.41005680526961635,13.018290482714015
P02_offset,132,170,1.1679999999999382,0.5498009479341951,-0.06633401369675318,0.4098664539066793,0.5552048510004767,-0.05450309561181328,0.4084549155120788,0.5502742255073835,-0.09908336024015603,0.410022938678181,13.006644113003377
P02_offset,132,170,1.169999999999938,0.5496771287881307,-0.06654657263570263,0.4098664539066793,0.5550960351859057,-0.05473483775809661,0.4084545565472183,0.5501917747104946,-0.09934127433739996,0.40999862862128217,12.995446408904202
P02_offset,132,170,1.1719999999999378,0.5495878645120931,-0.06667265412538478,0.4098664539066793,0.5549874438818966,-0.054966302380142745,0.40845468611752567,0.5501132334041005,-0.0995991247833644,0.40998266662563027,12.89163017442476
P02_offset,132,170,1.1739999999999375,0.5495069921330622,-0.06677773394881628,0.4098664539066793,0.5548799211023879,-0.055193738180260604,0.40845680924579525,0.5500329247116309,-0.09984292378765204,0.40999314845739104,12.769390105848263
P02_offset,132,170,1.1759999999999373,0.5494261197540311,-0.06688281377224778,0.40986645390667936,0.5547721658106041,-0.055419249534332304,0.40845896757288946,0.5499473324312547,-0.1000808864269412,0.4100276761867802,12.648854235693204
P02_offset,132,170,1.177999999999937,0.5493452473750001,-0.06698789359567926,0.4098664539066793,0.5546639484634888,-0.05564553596071935,0.40846074978937114,0.5498607115618538,-0.10032898360471779,0.4100311072480211,12.527476122029679
P02_offset,132,170,1.1799999999999369,0.5492643749959691,-0.06709297341911076,0.4098664539066793,0.5545557308431378,-0.05587153900123468,0.4084622471404342,0.5497731625359198,-0.100586277045228,0.41000269132002376,12.406411128769673
P02_offset,132,170,1.1819999999999367,0.5491835026169382,-0.06719805324254226,0.40986645390667936,0.5544474548186464,-0.056096134083355884,0.4084634356827237,0.5496891480209931,-0.10083744898908023,0.4099741284524826,12.286651366380463
P02_offset,132,170,1.1839999999999364,0.5491026302379071,-0.06730313306597374,0.4098664539066793,0.5543409066486464,-0.0563156798952056,0.40846623220897377,0.5496044657152257,-0.10107099292390648,0.40996870501053884,12.172249871536959
P02_offset,132,170,1.1859999999999362,0.5490217578588761,-0.06740821288940524,0.4098664539066793,0.5542355536276165,-0.05653102192349911,0.4084703741035701,0.5495180135920097,-0.10129200946929441,0.40998316042574445,12.06221163912012
P02_offset,132,170,1.187999999999936,0.548940885479845,-0.06751329271283672,0.4098664539066793,0.5541297669453236,-0.056747562096423274,0.4084740037052029,0.5494351040592178,-0.10147788259042546,0.4099970618556311,11.9509600688802
P02_offset,132,170,1.1899999999999358,0.548860013100814,-0.06761837253626822,0.4098664539066793,0.5540245185912682,-0.05696072054384976,0.40847726954989605,0.5493469996026574,-0.1016629212150059,0.41002919270615434,11.843042808013188
P02_offset,132,170,1.1919999999999356,0.548779140721783,-0.0677234523596997,0.4098664539066793,0.5539195985126323,-0.0571735677958289,0.40848037054381725,0.5492571040478483,-0.10185661601666532,0.4100340081552178,11.73560269481301
P02_offset,132,170,1.1939999999999353,0.548698268342752,-0.0678285321831312,0.4098664539066793,0.5538145013242844,-0.05738561327651558,0.4084827488427939,0.5491661961320076,-0.10206069111759897,0.41000792892998295,11.628860443374059
P02_offset,132,170,1.1959999999999351,0.548617395963721,-0.0679336120065627,0.4098664539066793,0.5537098986319391,-0.05759585753520656,0.4084846724649085,0.5490778826837789,-0.10226718827897778,0.4099860464214453,11.524007590063956
P02_offset,132,170,1.197999999999935,0.54853652358469,-0.06803869182999418,0.4098664539066793,0.5536066083874183,-0.05780097625244311,0.4084878791760576,0.5489900795367088,-0.10246313425773394,0.4099847345305732,11.424385329359668
P02_offset,132,170,1.1999999999999347,0.548455651205659,-0.06814377165342568,0.4098664539066793,0.553504268565798,-0.058001844109245325,0.40849217581697683,0.548901667056443,-0.10265215305568129,0.4100009742660489,11.329043717829926
P02_offset,132,170,1.2019999999999345,0.548374778826628,-0.06824885147685716,0.4098664539066793,0.5534011672676806,-0.05820252331113672,0.4084954903879515,0.5488187187353192,-0.10284599446758301,0.4100102829561303,11.233578698424445
P02_offset,132,170,1.2039999999999342,0.5482936417627711,-0.06835368590447992,0.40986645390667936,0.5532978707381733,-0.05840253566773084,0.4084979673917926,0.5487401332214832,-0.10304202673471709,0.4100126440101958,11.138568071013715
P02_offset,132,170,1.205999999999934,0.5482104332524508,-0.06845659984316453,0.4098664539066793,0.5531955014530318,-0.058599518848953855,0.40850039531487126,0.54865559837122,-0.10323321196316967,0.41003422188412575,11.045947251859978
P02_offset,132,170,1.2079999999999338,0.5481272247421306,-0.06855951378184916,0.4098664539066793,0.5530936875110198,-0.05879402786196156,0.40850273517488755,0.548565139924364,-0.10342192130463787,0.4100725353990815,10.955841715098195
P02_offset,132,170,1.2099999999999336,0.5480440162318103,-0.06866242772053378,0.4098664539066793,0.5529920836334471,-0.05898813761691318,0.4085046525513541,0.548472746106903,-0.10361407084973985,0.410108790637962,10.866244062239355
P02_offset,132,170,1.2119999999999334,0.5479608077214901,-0.0687653416592184,0.40986645390667925,0.5528902849824712,-0.05918191203639654,0.4085060565403673,0.548379389458646,-0.10381635004159724,0.41011393722770584,10.776913723423254
P02_offset,132,170,1.2139999999999331,0.5478775992111699,-0.06886825559790302,0.40986645390667936,0.5527885494826391,-0.059374890012309875,0.40850706454320906,0.5482851092737084,-0.10402836417238,0.4100876625873775,10.688377927008771
P02_offset,132,170,1.215999999999933,0.5477943907008496,-0.06897116953658765,0.4098664539066793,0.5526869840453676,-0.05956681815849799,0.4085077638133885,0.5481899225994317,-0.10424995212160441,0.4100298355732904,10.600910077790465
P02_offset,132,170,1.2179999999999327,0.5477111821905294,-0.06907408347527227,0.4098664539066793,0.5525863250536732,-0.05975701280420623,0.4085086820778898,0.5481056722287896,-0.10447067529134424,0.4099820422617878,10.515456424982291
P02_offset,132,170,1.2199999999999325,0.5476279736802091,-0.06917699741395689,0.4098664539066793,0.5524860088679288,-0.05994367012342598,0.40850960153441274,0.548018443714272,-0.10467787700630961,0.409959902876287,10.433352229230312
P02_offset,132,170,1.2219999999999323,0.5475447651698889,-0.06927991135264151,0.4098664539066793,0.5523860741546415,-0.06012748710543636,0.4085105788489156,0.5479286813120829,-0.10487562928722544,0.40996016284140246,10.353991611290523
P02_offset,132,170,1.223999999999932,0.5474615566595686,-0.06938282529132614,0.4098664539066793,0.5522872241277661,-0.06030762175548401,0.4085128779828572,0.5478400034618823,-0.10506231684117462,0.40997604859105413,10.27844276778252
P02_offset,132,170,1.2259999999999318,0.5473783481492484,-0.06948573923001077,0.4098664539066793,0.5521877419728061,-0.0604876483410922,0.4085145079726557,0.5477567125927296,-0.10524931579224492,0.4099845771000704,10.202740249330784
P02_offset,132,170,1.2279999999999316,0.5472951396389282,-0.06958865316869539,0.4098664539066793,0.5520881572226944,-0.06066701694531182,0.40851563139139924,0.5476767957057661,-0.10543647803538707,0.4099847046303875,10.127616227952288
P02_offset,132,170,1.2299999999999314,0.5472119311286079,-0.06969156710738002,0.4098664539066793,0.5519899458427878,-0.06084260860679049,0.4085179178998094,0.5475970747435263,-0.10561262928833003,0.40999866275585467,10.056514861226804
P02_offset,132,170,1.2319999999999312,0.5471287226182877,-0.06979448104606464,0.4098664539066793,0.5518922530288501,-0.06101783407584495,0.4085202273856696,0.5475219189823923,-0.10579292521469365,0.41001303257605176,9.986027939687515
P02_offset,132,170,1.233999999999931,0.5470455141079674,-0.06989739498474926,0.4098664539066793,0.5517947733975032,-0.061192394625405155,0.4085223389084164,0.5474512112842131,-0.10597624216434078,0.41002676087306045,9.91627425273335
P02_offset,132,170,1.2359999999999307,0.5469623055976471,-0.07000030892343388,0.4098664539066793,0.5516968040254048,-0.061366622607037145,0.4085238154626199,0.5473797422555966,-0.10616786574444166,0.41000791729620767,9.846624536986052
P02_offset,132,170,1.2379999999999305,0.5468980329729244,-0.07010466444655188,0.40986645390667936,0.5515987871563062,-0.061540617109060086,0.4085250830039173,0.5473022471913572,-0.1063422445275669,0.4099731045519534,9.769339624119
P02_offset,132,170,1.2399999999999303,0.5468596958802262,-0.07021099443550859,0.4098664539066793,0.551501070684819,-0.06171402300695071,0.40852626713641016,0.5472373819251782,-0.10648508690702778,0.40994572226457116,9.681987581815928
P02_offset,132,170,1.24199999999993,0.5468213587875279,-0.07031732442446528,0.4098664539066793,0.5514052524455428,-0.06188276998798255,0.40852863679203766,0.547172169884029,-0.10662246476845179,0.40993519534061007,9.59967653673706
P02_offset,132,170,1.2439999999999298,0.5467830216948296,-0.070423654413422,0.4098664539066793,0.5513110517562869,-0.062047792295643056,0.4085321086694974,0.5471057165157284,-0.10675756463050108,0.4099396017024007,9.521455899887645
P02_offset,132,170,1.2459999999999296,0.5467446846021313,-0.07052998440237869,0.4098664539066793,0.5512182949805634,-0.06220971024735128,0.40853650255427876,0.5470377853721433,-0.1068917988332237,0.409956625267113,9.446700579188075
P02_offset,132,170,1.2479999999999294,0.546706347509433,-0.07063631439133539,0.4098664539066793,0.5511268590297524,-0.06236898648848761,0.40854163261312604,0.5469683774346414,-0.10702588163171448,0.40998405003505456,9.374947080089681
P02_offset,132,170,1.2499999999999292,0.5466680104167347,-0.0707426443802921,0.4098664539066793,0.5510366492538347,-0.06252598631974322,0.4085473319663786,0.5468975877967335,-0.1071602082712772,0.4100198981310805,9.305830160335
P02_offset,132,170,1.251999999999929,0.5466296733240366,-0.0708489743692488,0.4098664539066793,0.5509462918976628,-0.06268397093952383,0.4085518459325638,0.5468305787674644,-0.10730343258796661,0.41004434106259413,9.235825730144281
P02_offset,132,170,1.2539999999999287,0.5465913362313383,-0.07095530435820549,0.4098664539066793,0.5508569012446283,-0.06284219398587328,0.4085556441301379,0.5467626247107163,-0.10745190929678317,0.41006560350139465,9.166111759969345
P02_offset,132,170,1.2559999999999285,0.54655299913864,-0.0710616343471622,0.4098664539066793,0.550767961787645,-0.06300092956781489,0.4085586781719137,0.5466937663690601,-0.10761080461653719,0.4100559727665876,9.096200947225158
P02_offset,132,170,1.2579999999999283,0.5465146620459418,-0.0711679643361189,0.4098664539066793,0.5506801885675867,-0.06315741976550361,0.4085614694158104,0.5466219950186944,-0.10776547077094757,0.41006218046990756,9.028866790486019
P02_offset,132,170,1.259999999999928,0.5464763249532435,-0.0712742943250756,0.4098664539066793,0.5505932667960907,-0.0633139692387074,0.4085637796448201,0.5465516914019531,-0.10792429094176881,0.4100664135186532,8.96191863487103
P02_offset,132,170,1.2619999999999278,0.5464379878605452,-0.0713806243140323,0.4098664539066793,0.5505066241365262,-0.06347015687650118,0.4085654413907065,0.5464848646183458,-0.10808497161988657,0.4100649671902607,8.895464924694416
P02_offset,132,170,1.2639999999999276,0.5463996507678469,-0.071486954302989,0.4098664539066793,0.5504206227061209,-0.06362584916241615,0.4085666401277579,0.5464200970395814,-0.10824814858670498,0.4100570580181992,8.829789881958002
P02_offset,132,170,1.2659999999999274,0.5463613136751487,-0.07159328429194571,0.4098664539066793,0.5503360574708862,-0.06377929316093833,0.4085679617067284,0.5463519093279272,-0.10840592586617803,0.4100648141200329,8.76681502241353
P02_offset,132,170,1.2679999999999272,0.5463229765824504,-0.07169961428090242,0.4098664539066793,0.5502524428363906,-0.06393259329221689,0.4085690808949749,0.5462845912431475,-0.10856678490582371,0.4100712206656505,8.704442548465492
P02_offset,132,170,1.269999999999927,0.5462846394897521,-0.0718059442698591,0.4098664539066793,0.5501693422327787,-0.06408595921328622,0.40856990551430794,0.5462164008648996,-0.10873807054279443,0.4100467352243433,8.642284690716142
P02_offset,132,170,1.2719999999999267,0.5462743155436068,-0.07183457828987372,0.4098664539066793,0.5500873364620851,-0.06423695703287262,0.4085707918355876,0.5461462320586594,-0.10890115023065003,0.4100400249226994,8.500763335700364
