pilot,start_frame,end_frame,time_s,desired_ee_x,desired_ee_y,desired_ee_z,actual_ee_x,actual_ee_y,actual_ee_z,box_x,box_y,box_z,tracking_error_mm
P03_long,180,247,0.0020000000000000018,0.5500428438671099,0.05220522530992659,0.4098664539066793,0.5497548520913583,0.052118638693197133,0.40855068167561004,0.5499831655504915,-9.359453279646698e-05,0.4098922445797835,0.3007266285136584
P03_long,180,247,0.0040000000000000036,0.5500416468037134,0.05216479779553531,0.4098664539066793,0.5497548657616808,0.052118639966270565,0.40855074318675255,0.5499831655503629,-9.359453319323266e-05,0.4098922445797835,0.29047187690333276
P03_long,180,247,0.006000000000000005,0.5500404497403169,0.05212437028114403,0.4098664539066793,0.5497548537109758,0.05211849885476167,0.4085507797824408,0.5499831655502426,-9.359453356370893e-05,0.4098922445797835,0.2856563768291492
P03_long,180,247,0.008000000000000007,0.5500392526769204,0.05208394276675275,0.4098664539066793,0.5497548009874452,0.052118101907248505,0.40855079152348056,0.5499831655501285,-9.359453391554151e-05,0.4098922445797835,0.286495393548857
P03_long,180,247,0.010000000000000009,0.5500380556135238,0.052043515252361464,0.4098664539066793,0.5497547047969239,0.05211736388659743,0.40855078493287,0.5499831655500188,-9.35945342538141e-05,0.4098922445797835,0.29281616425046525
P03_long,180,247,0.01200000000000001,0.5500368585501273,0.05200308773797018,0.4098664539066793,0.549754568230207,0.05211622134111746,0.4085507671061095,0.5499831655499124,-9.359453458175735e-05,0.4098922445797835,0.3041168145331793
P03_long,180,247,0.014000000000000012,0.5500356614867308,0.0519626602235789,0.4098664539066793,0.5497543962554259,0.05211462723918637,0.4085507439196604,0.5499831655498088,-9.359453490128422e-05,0.4098922445797835,0.31969376624144047
P03_long,180,247,0.016000000000000014,0.5500344644233343,0.05192223270918762,0.4098664539066793,0.5497541938995183,0.05211254708976718,0.4085507197120032,0.5499831655497075,-9.359453521339154e-05,0.4098922445797835,0.33877888065146144
P03_long,180,247,0.018000000000000016,0.5500332673599377,0.051881805194796335,0.4098664539066793,0.5497539655891502,0.052109956124274166,0.4085506974515862,0.5499831655496086,-9.35945355184583e-05,0.4098922445797835,0.36064154750476407
P03_long,180,247,0.020000000000000018,0.5500320702965413,0.05184137768040505,0.4098664539066793,0.5497537150007701,0.052106837186540286,0.40855067902457454,0.5499831655495119,-9.359453581646517e-05,0.4098922445797835,0.38464323740508094
P03_long,180,247,0.02200000000000002,0.5500308732331448,0.05180095016601377,0.4098664539066793,0.5497534451054505,0.05210317911106789,0.4085506655133411,0.5499831655494176,-9.359453610715372e-05,0.4098922445797835,0.4102544347895259
P03_long,180,247,0.02400000000000002,0.5500296761697483,0.05176052265162249,0.4098664539066793,0.5497531582732368,0.052098975455033704,0.4085506574276959,0.5499831655492959,-9.359453648222866e-05,0.4098922445797835,0.4370497079601586
P03_long,180,247,0.026000000000000023,0.5500284791063518,0.051720095137231206,0.4098664539066793,0.5497528563837701,0.05209422349694393,0.40855065488433157,0.5499831655491818,-9.359453683400363e-05,0.4098922445797835,0.4646933556063061
P03_long,180,247,0.028000000000000025,0.5500272820429553,0.051679667622839924,0.4098664539066793,0.5497525409248322,0.05208892344152955,0.40855065774092847,0.5499831655490732,-9.359453716867963e-05,0.4098922445797835,0.4929229220870567
P03_long,180,247,0.030000000000000027,0.5500260849795587,0.05163924010844864,0.4098664539066793,0.5497522130743617,0.05208307778656178,0.4085506656938261,0.5499831655489689,-9.359453749037828e-05,0.4098922445797835,0.5215339921511357
P03_long,180,247,0.03200000000000003,0.5500248879161622,0.05159881259405736,0.4098664539066793,0.5497518737666266,0.05207669081787979,0.4085506783476325,0.5499831655488678,-9.359453780172131e-05,0.4098922445797835,0.5503674433052308
P03_long,180,247,0.03400000000000003,0.5500236908527657,0.05155838507966608,0.4098664539066793,0.5497515237447979,0.052069768206397214,0.40855069526374477,0.5499831655487697,-9.359453810426755e-05,0.4098922445797835,0.5792992637358477
P03_long,180,247,0.03600000000000003,0.5500215797430826,0.05152419804570123,0.4098664539066793,0.5497511636024016,0.05206231668643244,0.4085507159932819,0.5499831655486741,-9.359453839883997e-05,0.4098922445797835,0.6022429415470362
P03_long,180,247,0.038000000000000034,0.5500173920768444,0.05150418831405606,0.40986645390667936,0.5497507865180924,0.052054356242712416,0.40855073755952065,0.5499831655485811,-9.359453868576823e-05,0.4098922445797835,0.611361818957893
P03_long,180,247,0.040000000000000036,0.550013204410606,0.05148417858241089,0.4098664539066793,0.549750372994684,0.052045933034843506,0.4085507530431413,0.5499831655484905,-9.359453896506661e-05,0.4098922445797835,0.6202003047592151
P03_long,180,247,0.04200000000000004,0.5500090167443676,0.05146416885076571,0.4098664539066793,0.5497499142501858,0.05203708548559935,0.40855076037599536,0.5499831655483711,-9.359453933283864e-05,0.4098922445797835,0.6287826118463659
P03_long,180,247,0.04400000000000004,0.5500048290781293,0.05144415911912054,0.40986645390667936,0.5497494061197669,0.052027845987544896,0.40855075947183184,0.5499831655482595,-9.359453967659432e-05,0.4098922445797835,0.6371273405133813
P03_long,180,247,0.04600000000000004,0.5500006414118909,0.05142414938747536,0.4098664539066793,0.5497488465696233,0.05201824191259613,0.408550751061899,0.5499831655481537,-9.359454000286259e-05,0.4098922445797835,0.6452492316902977
P03_long,180,247,0.04800000000000004,0.5499964537456525,0.0514041396558302,0.4098664539066793,0.5497482346407788,0.05200829645544614,0.4085507361936196,0.5499831655480522,-9.359454031600956e-05,0.4098922445797835,0.653160135454154
P03_long,180,247,0.050000000000000044,0.5499922660794142,0.05138412992418502,0.4098664539066793,0.5497475699743927,0.05199802936804314,0.40855071600260695,0.5499831655479539,-9.359454061883671e-05,0.4098922445797835,0.6608696626279776
P03_long,180,247,0.052000000000000046,0.5499880784131759,0.051364120192539844,0.4098664539066793,0.5497468525810281,0.05198745758363592,0.40855069160442403,0.5499831655478584,-9.359454091303254e-05,0.4098922445797835,0.668385671026737
P03_long,180,247,0.05400000000000005,0.5499838907469374,0.051344110460894675,0.4098664539066793,0.5497460827168344,0.05197659573472572,0.40855066404245066,0.5499831655477655,-9.359454119951116e-05,0.4098922445797835,0.6757146445020933
P03_long,180,247,0.05600000000000005,0.5499797030806992,0.051324100729249506,0.4098664539066793,0.5497452608096747,0.05196545657676166,0.40855063426394034,0.5499831655476749,-9.359454147866387e-05,0.4098922445797835,0.6828619930712032
P03_long,180,247,0.05800000000000005,0.5499755154144608,0.05130409099760433,0.4098664539066793,0.5497443874107448,0.051954051332010795,0.40855060311117936,0.5499831655475867,-9.359454175054418e-05,0.4098922445797835,0.6898322915053202
P03_long,180,247,0.06000000000000005,0.5499713277482224,0.05128408126595916,0.4098664539066793,0.5497434631606336,0.051942389967552245,0.4085505713211022,0.549983165547469,-9.35945421135125e-05,0.4098922445797835,0.6966294688499785
P03_long,180,247,0.062000000000000055,0.5499671400819841,0.05126407153431399,0.4098664539066793,0.5497424887644287,0.05193048141963763,0.40855053952970843,0.5499831655473589,-9.359454245247364e-05,0.4098922445797835,0.7032569585410909
P03_long,180,247,0.06400000000000006,0.5499629524157457,0.051244061802668814,0.4098664539066793,0.5497414649730024,0.05191833377468963,0.4085505082791311,0.5499831655472546,-9.35945427741044e-05,0.4098922445797835,0.7097178168439964
P03_long,180,247,0.06600000000000006,0.5499587647495073,0.05122405207102364,0.4098664539066793,0.5497403925687439,0.051905954415354366,0.40855047802602384,0.5499831655471544,-9.359454308286671e-05,0.4098922445797835,0.716014815862872
P03_long,180,247,0.06800000000000006,0.549954577083269,0.05120404233937847,0.4098664539066793,0.5497392723546186,0.05189335013843693,0.40855044915042055,0.5499831655470575,-9.359454338161952e-05,0.4098922445797835,0.7221505161820793
P03_long,180,247,0.07000000000000006,0.5499517983171568,0.05118018866115186,0.40986645390667936,0.5497381051457616,0.05188052725022422,0.40855042196453495,0.5499831655469632,-9.359454367208099e-05,0.4098922445797835,0.732215071440626
P03_long,180,247,0.07200000000000006,0.5499499154908281,0.05115389056219964,0.4098664539066793,0.5497369001793104,0.05186748458535745,0.4085503995442341,0.5499831655468714,-9.359454395517498e-05,0.4098922445797835,0.7447093076009571
P03_long,180,247,0.07400000000000007,0.5499480326644994,0.05112759246324744,0.4098664539066793,0.5497356672560242,0.051854217336094716,0.40855038453832904,0.5499831655467818,-9.359454423128882e-05,0.4098922445797835,0.7570223065122834
P03_long,180,247,0.07600000000000007,0.5499461498381708,0.05110129436429523,0.4098664539066793,0.5497344110534861,0.05184072218572927,0.40855037736053296,0.5499831655466945,-9.359454450046265e-05,0.4098922445797835,0.7691468104662812
P03_long,180,247,0.07800000000000007,0.5499442670118421,0.05107499626534302,0.4098664539066793,0.5497331340126108,0.05182699717103176,0.4085503775919795,0.5499831655465768,-9.359454486308316e-05,0.4098922445797835,0.7810777845522578
P03_long,180,247,0.08000000000000007,0.5499423841855134,0.051048698166390814,0.4098664539066793,0.5497318375713528,0.05181304155843949,0.4085503845348433,0.549983165546467,-9.359454520165415e-05,0.4098922445797835,0.7928118930130854
P03_long,180,247,0.08200000000000007,0.5499405013591848,0.051022400067438606,0.4098664539066793,0.5497305226928008,0.051798855670526375,0.40855039743364696,0.5499831655463627,-9.359454552297964e-05,0.4098922445797835,0.8043471538476528
P03_long,180,247,0.08400000000000007,0.5499386185328561,0.05099610196848639,0.4098664539066793,0.5497291900956934,0.051784440699916404,0.40855041556275007,0.5499831655462626,-9.359454583159916e-05,0.4098922445797835,0.8156826746750682
P03_long,180,247,0.08600000000000008,0.5499367357065275,0.05096980386953419,0.4098664539066793,0.5497278403592956,0.05176979853688417,0.4085504382587327,0.5499831655461657,-9.359454613041353e-05,0.4098922445797835,0.8268184407011847
P03_long,180,247,0.08800000000000008,0.5499348528801988,0.05094350577058197,0.4098664539066793,0.5497264739744548,0.05175493162071605,0.4085504649296691,0.5499831655460713,-9.359454642115757e-05,0.4098922445797835,0.8377551424043153
P03_long,180,247,0.09000000000000008,0.5499329700538702,0.05091720767162977,0.4098664539066793,0.5497250913708532,0.05173984281610983,0.40855049505462127,0.5499831655459793,-9.359454670475456e-05,0.4098922445797835,0.8484940352097894
P03_long,180,247,0.09200000000000008,0.5499310872275415,0.050890909572677556,0.4098664539066793,0.54972369293314,0.05172453531229194,0.4085505281790626,0.5499831655458894,-9.359454698157967e-05,0.4098922445797835,0.8590368252280497
P03_long,180,247,0.09400000000000008,0.5499292044012128,0.050864611473725355,0.4098664539066793,0.5497222790114328,0.05170901254148881,0.40855056390874905,0.5499831655458018,-9.359454725165388e-05,0.4098922445797835,0.8693855762408859
P03_long,180,247,0.09600000000000009,0.5499273215748842,0.05083831337477314,0.4098664539066793,0.5497208499286622,0.05169327811339813,0.40855060190319503,0.5499831655456832,-9.359454761758492e-05,0.4098922445797835,0.8795426339784387
P03_long,180,247,0.09800000000000009,0.5499254387485555,0.05081201527582093,0.4098664539066793,0.5497194059859635,0.05167733576270754,0.4085506418692939,0.5499831655455724,-9.359454795924315e-05,0.4098922445797835,0.8895105644605783
P03_long,180,247,0.10000000000000009,0.5499235559222269,0.05078571717686872,0.4098664539066793,0.5497179474667512,0.0516611893071649,0.4085506835553422,0.5499831655454671,-9.359454828357471e-05,0.4098922445797835,0.8992921037618559
P03_long,180,247,0.10200000000000009,0.5499216730958981,0.050759419077916514,0.4098664539066793,0.5497164746398436,0.05164484261416499,0.40855072674557846,0.549983165545366,-9.359454859520774e-05,0.4098922445797835,0.908890117071315
P03_long,180,247,0.10400000000000009,0.5499253156383146,0.05070933852385437,0.4098664539066793,0.5497149877618905,0.051628299574185084,0.4085507712552777,0.549983165545268,-9.359454889709325e-05,0.4098922445797835,0.942723303852187
P03_long,180,247,0.1060000000000001,0.5499294588319353,0.05065710305211339,0.4098664539066793,0.5497135312210585,0.051611485258941214,0.40855082891472494,0.5499831655451727,-9.35945491909892e-05,0.4098922445797835,0.9785040264855991
P03_long,180,247,0.1080000000000001,0.549933602025556,0.05060486758037242,0.4098664539066793,0.5497121278449251,0.05159433212415135,0.4085509048161988,0.5499831655450796,-9.359454947782348e-05,0.4098922445797835,1.0139481722858263
P03_long,180,247,0.1100000000000001,0.5499377452191767,0.050552632108631444,0.4098664539066793,0.5497107885193616,0.051576787198362846,0.40855099984369336,0.5499831655449887,-9.359454975796369e-05,0.4098922445797835,1.0490009491958026
P03_long,180,247,0.1120000000000001,0.5499418884127973,0.05050039663689048,0.4098664539066793,0.5497095190596004,0.051558809958509436,0.4085511129572058,0.5499831655449,-9.359455003141564e-05,0.4098922445797835,1.083620909583064
P03_long,180,247,0.1140000000000001,0.5499460316064181,0.05044816116514951,0.4098664539066793,0.5497083227644423,0.051540370149442925,0.4085512422472665,0.5499831655447793,-9.35945504032474e-05,0.4098922445797835,1.1177772402964472
P03_long,180,247,0.1160000000000001,0.5499501748000387,0.05039592569340853,0.4098664539066793,0.5497072014898725,0.051521445842796054,0.40855138545563524,0.5499831655446666,-9.359455075042351e-05,0.4098922445797835,1.151447626308045
P03_long,180,247,0.1180000000000001,0.5499543179936595,0.05034369022166757,0.4098664539066793,0.5497061561659395,0.051502021800877276,0.4085515402479495,0.5499831655445597,-9.359455108005087e-05,0.4098922445797835,1.184616537167932
P03_long,180,247,0.1200000000000001,0.5499584611872801,0.05029145474992659,0.4098664539066793,0.549705187082285,0.051482088131830875,0.4085517043616306,0.5499831655444569,-9.359455139686045e-05,0.4098922445797835,1.2172738485508898
P03_long,180,247,0.12200000000000011,0.5499626043809008,0.05023921927818563,0.4098664539066793,0.5497042940660457,0.05146163919779677,0.40855187568582363,0.5499831655443573,-9.359455170386435e-05,0.4098922445797835,1.2494137339659186
P03_long,180,247,0.12400000000000011,0.5499667475745215,0.05018698380644465,0.4098664539066793,0.5497034766030928,0.051440672734022766,0.4085520523017376,0.5499831655442603,-9.359455200285224e-05,0.4098922445797835,1.2810337745465352
P03_long,180,247,0.1260000000000001,0.5499708907681422,0.05013474833470368,0.4098664539066793,0.5497027339255758,0.051419189140439824,0.4085522324988562,0.5499831655441656,-9.359455229476339e-05,0.4098922445797835,1.3121342445250428
P03_long,180,247,0.1280000000000001,0.5499750339617628,0.05008251286296271,0.4098664539066793,0.5497020650773191,0.05139719091287878,0.4085524147761781,0.5499831655440731,-9.35945525799634e-05,0.4098922445797835,1.3427175379824212
P03_long,180,247,0.13000000000000012,0.5499791771553835,0.05003027739122174,0.4098664539066793,0.549701468963579,0.051374682186818135,0.40855259783427667,0.5499831655439827,-9.359455285844763e-05,0.4098922445797835,1.3727877090861176
P03_long,180,247,0.13200000000000012,0.5499833203490042,0.04997804191948077,0.4098664539066793,0.5497009443892514,0.05135166837159999,0.40855278056196354,0.5499831655438596,-9.359455323794866e-05,0.4098922445797835,1.4023501034363488
P03_long,180,247,0.13400000000000012,0.549987463542625,0.04992580644773979,0.4098664539066793,0.5497004900883425,0.05132815585731319,0.40855296202009017,0.5499831655437447,-9.359455359229397e-05,0.4098922445797835,1.4314110625510914
P03_long,180,247,0.13600000000000012,0.54999393913304,0.049869730296934665,0.4098664539066793,0.5497001047467172,0.05130415178001803,0.40855314142418503,0.5499831655436356,-9.359455392876696e-05,0.4098922445797835,1.4642075118359321
P03_long,180,247,0.13800000000000012,0.5500085622814872,0.04980023783736243,0.4098664539066793,0.5496998141613725,0.051279638381690903,0.4085533270435399,0.5499831655435307,-9.359455425221331e-05,0.4098922445797835,1.5112747507431494
P03_long,180,247,0.14000000000000012,0.5500231854299348,0.049730745377790174,0.4098664539066793,0.5496997235926725,0.05125451304325211,0.4085535517262633,0.549983165543429,-9.359455456571526e-05,0.4098922445797835,1.5577212390130708
P03_long,180,247,0.14200000000000013,0.5500378085783821,0.04966125291821794,0.4098664539066793,0.5496998781163401,0.05122868996494333,0.40855382247337846,0.5499831655433299,-9.359455487110108e-05,0.4098922445797835,1.6034512442301196
P03_long,180,247,0.14400000000000013,0.5500524317268296,0.049591760458645696,0.4098664539066793,0.5497002966907483,0.051202100395876,0.40855413640870086,0.5499831655432332,-9.359455516932689e-05,0.4098922445797835,1.648391275478883
P03_long,180,247,0.14600000000000013,0.5500670548752771,0.04952226799907345,0.4098664539066793,0.5497009866393263,0.05117469149007572,0.408554487189247,0.5499831655431386,-9.359455546076062e-05,0.4098922445797835,1.6924861438098144
P03_long,180,247,0.14800000000000013,0.5500816780237244,0.04945277553950121,0.4098664539066793,0.5497019498436289,0.05114642422618721,0.40855486761348914,0.5499831655430463,-9.359455574539072e-05,0.4098922445797835,1.7356956428682722
P03_long,180,247,0.15000000000000013,0.5500963011721719,0.049383283079928966,0.4098664539066793,0.5497031854509066,0.05111727111588539,0.4085552706778,0.5499831655429203,-9.359455613377927e-05,0.4098922445797835,1.777991698278137
P03_long,180,247,0.15200000000000014,0.5501109243206194,0.04931379062035673,0.4098664539066793,0.5497046911101157,0.05108721407508651,0.40855568998509206,0.5499831655428026,-9.359455649642915e-05,0.4098922445797835,1.819355977015458
P03_long,180,247,0.15400000000000014,0.5501255474690667,0.04924429816078448,0.4098664539066793,0.5497064635762664,0.051056242588448916,0.4085561198772104,0.5499831655426909,-9.359455684081272e-05,0.4098922445797835,1.8597779217285233
P03_long,180,247,0.15600000000000014,0.5501401706175142,0.04917480570121224,0.4098664539066793,0.5497084990343282,0.0510243521821983,0.408556555447511,0.5499831655425835,-9.359455717189956e-05,0.4098922445797835,1.8992531534943502
P03_long,180,247,0.15800000000000014,0.5501547937659617,0.04910531324164,0.4098664539066793,0.5497107932913181,0.05099154317578162,0.4085569925014221,0.5499831655424794,-9.359455749284898e-05,0.4098922445797835,1.9377821822732295
P03_long,180,247,0.16000000000000014,0.5501694169144091,0.04903582078206776,0.4098664539066793,0.5497133419011102,0.05095781967053378,0.40855742749548407,0.5499831655423779,-9.359455780553299e-05,0.4098922445797835,1.9753693692624272
P03_long,180,247,0.16200000000000014,0.5501840400628565,0.04896632832249552,0.4098664539066793,0.549716140251259,0.05092318873411414,0.4085578574691595,0.5499831655422789,-9.359455811092846e-05,0.4098922445797835,2.0120220933809647
P03_long,180,247,0.16400000000000015,0.550198663211304,0.048896835862923274,0.4098664539066793,0.5497191836261123,0.050887659744422054,0.4085582799763961,0.5499831655421821,-9.359455840940858e-05,0.4098922445797835,2.047750082349272
P03_long,180,247,0.16600000000000015,0.5502132863597514,0.04882734340335103,0.4098664539066793,0.5497224672538505,0.05085124386254994,0.4085586930204169,0.5499831655420875,-9.359455870095727e-05,0.4098922445797835,2.0825648761714226
P03_long,180,247,0.16800000000000015,0.5502279095081988,0.04875785094377878,0.4098664539066793,0.5497259863419767,0.050813953609807866,0.40855909499343623,0.5499831655419952,-9.359455898532466e-05,0.4098922445797835,2.1164793970276037
P03_long,180,247,0.17000000000000015,0.5502413291647066,0.04868354405428686,0.40986645390667925,0.549729736104214,0.05077580252854921,0.4085594846220225,0.5499831655418762,-9.359455935208574e-05,0.4098922445797835,2.1538971615810114
P03_long,180,247,0.17200000000000015,0.5502536738241243,0.048604936763617865,0.4098664539066793,0.5497336990666492,0.05073680124950461,0.40855985601847566,0.5499831655417646,-9.359455969605911e-05,0.4098922445797835,2.1943609399085786
P03_long,180,247,0.17400000000000015,0.5502660184835418,0.04852632947294886,0.4098664539066793,0.549737853586154,0.05069695930806963,0.40856020332717424,0.5499831655416585,-9.359456002330265e-05,0.4098922445797835,2.2339633031787076
P03_long,180,247,0.17600000000000016,0.5502783631429595,0.04844772218227987,0.4098664539066793,0.5497421879711053,0.05065628920188024,0.4085605260188031,0.5499831655415565,-9.359456033784349e-05,0.4098922445797835,2.2727190972443947
P03_long,180,247,0.17800000000000016,0.5502907078023773,0.04836911489161087,0.4098664539066793,0.5497466952793415,0.05061480524849915,0.4085608253496815,0.5499831655414577,-9.359456064224397e-05,0.4098922445797835,2.310643807305833
P03_long,180,247,0.18000000000000016,0.5503030524617949,0.048290507600941876,0.4098664539066793,0.5497513706541775,0.050572522668111464,0.40856110303286725,0.5499831655413617,-9.35945609380283e-05,0.4098922445797835,2.3477533055338387
P03_long,180,247,0.18200000000000016,0.5503153971212127,0.048211900310272886,0.4098664539066793,0.549756210119077,0.050529457066446515,0.4085613607602138,0.5499831655412682,-9.359456122600196e-05,0.4098922445797835,2.384063636198388
P03_long,180,247,0.18400000000000016,0.5503277417806303,0.04813329301960388,0.4098664539066793,0.5497612100657189,0.050485624161672196,0.4085616000521642,0.5499831655411772,-9.35945615064886e-05,0.4098922445797835,2.419590871603061
P03_long,180,247,0.18600000000000017,0.550340086440048,0.048054685728934884,0.4098664539066793,0.5497663670464908,0.050441039636518276,0.40856182223046944,0.5499831655410886,-9.359456177950377e-05,0.4098922445797835,2.4543510170271183
P03_long,180,247,0.18800000000000017,0.5503524310994656,0.04797607843826589,0.4098664539066793,0.5497716776948637,0.05039571905286622,0.40856202843352274,0.549983165540972,-9.359456213889541e-05,0.4098922445797835,2.4883599459845476
P03_long,180,247,0.19000000000000017,0.5503647757588833,0.04789747114759689,0.4098664539066793,0.5497771386976654,0.05034967779870071,0.408562219643355,0.549983165540863,-9.359456247481622e-05,0.4098922445797835,2.521633354679983
P03_long,180,247,0.19200000000000017,0.550377120418301,0.04781886385692789,0.4098664539066793,0.5497827467875669,0.050302931053164565,0.4085623967129295,0.5499831655407595,-9.359456279364247e-05,0.4098922445797835,2.5541867293389444
P03_long,180,247,0.19400000000000017,0.5503894650777186,0.0477402565662589,0.4098664539066793,0.5497884987428909,0.05025549376273532,0.4085625603900739,0.5499831655406603,-9.359456309963857e-05,0.4098922445797835,2.5860353226773047
P03_long,180,247,0.19600000000000017,0.5504018097371364,0.047661649275589905,0.4098664539066793,0.5497943913896394,0.05020738062482544,0.40856271133730215,0.5499831655405643,-9.359456339554117e-05,0.4098922445797835,2.6171941371164174
P03_long,180,247,0.19800000000000018,0.550414154396554,0.04758304198492091,0.4098664539066793,0.5498004216038243,0.05015860607666671,0.40856285014782406,0.549983165540471,-9.359456368300012e-05,0.4098922445797835,2.6476779131084207
P03_long,180,247,0.20000000000000018,0.5504264990559716,0.04750443469425191,0.4098664539066793,0.549806586313444,0.05010918428810081,0.4085629773583093,0.5499831655403802,-9.359456396290911e-05,0.4098922445797835,2.677501121382413
P03_long,180,247,0.20200000000000018,0.5504388437153893,0.047425827403582914,0.4098664539066793,0.5498128824999453,0.05005912915732809,0.4085630934590152,0.5499831655402917,-9.359456423565128e-05,0.4098922445797835,2.706677958220658
P03_long,180,247,0.20400000000000018,0.550449744740749,0.04735924882495046,0.4098664539066793,0.5498193071991889,0.05000845430891575,0.4085631989018077,0.5499831655402055,-9.359456450127987e-05,0.4098922445797835,2.723185853018502
P03_long,180,247,0.20600000000000018,0.5504603580854087,0.04729506727226732,0.4098664539066793,0.5498258468664768,0.04995722107305102,0.40856329399019464,0.5499831655400905,-9.359456485583212e-05,0.4098922445797835,2.7367256614387747
P03_long,180,247,0.20800000000000018,0.5504709714300684,0.047230885719584184,0.4098664539066793,0.5498324928699354,0.049905491104294195,0.4085633777456553,0.549983165539983,-9.359456518693287e-05,0.4098922445797835,2.749757959470121
P03_long,180,247,0.2100000000000002,0.5504815847747281,0.047166704166901045,0.4098664539066793,0.5498392392967323,0.04985331525910728,0.40856344903537023,0.5499831655398811,-9.359456550110157e-05,0.4098922445797835,2.762333592067986
P03_long,180,247,0.2120000000000002,0.5504921981193878,0.0471025226142179,0.4098664539066793,0.5498460809844657,0.04980073524469664,0.40856350716691414,0.5499831655397833,-9.359456580269522e-05,0.4098922445797835,2.774494323532637
P03_long,180,247,0.2140000000000002,0.5505028114640474,0.04703834106153476,0.4098664539066793,0.5498530133049171,0.04974778542773693,0.4085635519515777,0.5499831655396886,-9.359456609450585e-05,0.4098922445797835,2.786274649268066
P03_long,180,247,0.2160000000000002,0.5505134248087071,0.046974159508851615,0.4098664539066793,0.5498600321504297,0.049694494321627994,0.40856358361177597,0.5499831655395966,-9.359456637821165e-05,0.4098922445797835,2.797703247217972
P03_long,180,247,0.2180000000000002,0.5505240381533668,0.046909977956168476,0.4098664539066793,0.5498671338950795,0.04964088575725126,0.40856360266070335,0.5499831655395069,-9.359456665471532e-05,0.4098922445797835,2.8088041267718977
P03_long,180,247,0.2200000000000002,0.5505346514980265,0.04684579640348534,0.4098664539066793,0.5498743153308565,0.04958697980442214,0.40856360979549783,0.5499831655394194,-9.359456692439565e-05,0.4098922445797835,2.8195975406508316
P03_long,180,247,0.2220000000000002,0.5505452648426862,0.04678161485080219,0.4098664539066793,0.5498815735988206,0.04953279350178705,0.40856360581392365,0.5499831655393341,-9.359456718729249e-05,0.4098922445797835,2.8301007114268337
P03_long,180,247,0.2240000000000002,0.5505558781873459,0.04671743329811906,0.4098664539066793,0.549888906126228,0.0494783414381017,0.4085635915537633,0.5499831655392192,-9.35945675414123e-05,0.4098922445797835,2.8403284119506753
P03_long,180,247,0.2260000000000002,0.5505664915320057,0.046653251745435914,0.4098664539066793,0.5498963105733436,0.04942363621679419,0.4085635678509471,0.549983165539112,-9.359456787204577e-05,0.4098922445797835,2.8502934298938727
P03_long,180,247,0.2280000000000002,0.5505771048766652,0.04658907019275277,0.4098664539066793,0.5499037847900972,0.049368688828095225,0.40856353551208896,0.5499831655390102,-9.35945681858358e-05,0.4098922445797835,2.8600069400123993
P03_long,180,247,0.2300000000000002,0.550587718221325,0.04652488864006963,0.4098664539066793,0.5499113267814161,0.04931350894757975,0.4085634952976499,0.5499831655389124,-9.359456848721458e-05,0.4098922445797835,2.8694788027514555
P03_long,180,247,0.2320000000000002,0.5505983315659846,0.04646070708738649,0.4098664539066793,0.5499189346797562,0.04925810517595866,0.4085634479127199,0.5499831655388177,-9.359456877901453e-05,0.4098922445797835,2.8787178039822012
P03_long,180,247,0.2340000000000002,0.5506089449106444,0.04639652553470335,0.4098664539066793,0.5499266067234251,0.04920248523186924,0.4085633940030994,0.5499831655387255,-9.359456906292973e-05,0.4098922445797835,2.8877318476370033
P03_long,180,247,0.2360000000000002,0.550620922546977,0.04633078208461542,0.4098664539066793,0.549934341239508,0.04914665610703133,0.4085633341549663,0.5499831655386357,-9.359456933986193e-05,0.4098922445797835,2.8983685759203626
P03_long,180,247,0.2380000000000002,0.5506413174196604,0.04625540223501561,0.4098664539066793,0.5499421508831802,0.04909061990699773,0.40856327477817755,0.549983165538548,-9.359456961017784e-05,0.4098922445797835,2.9201529229225933
P03_long,180,247,0.2400000000000002,0.5506617122923438,0.04618002238541581,0.40986645390667936,0.5499501286059032,0.04903435230474132,0.4085632537279396,0.5499831655384624,-9.359456987389831e-05,0.4098922445797835,2.9416917974467025
P03_long,180,247,0.24200000000000021,0.5506821071650272,0.04610464253581601,0.40986645390667925,0.5499583160160473,0.04897783196049876,0.40856327760669053,0.5499831655383465,-9.359457023119245e-05,0.4098922445797835,2.9629531041598463
P03_long,180,247,0.24400000000000022,0.5507025020377107,0.0460292626862162,0.4098664539066793,0.5499667290410216,0.04892103910597309,0.4085633421555013,0.5499831655382382,-9.35945705647863e-05,0.4098922445797835,2.9839123252064095
P03_long,180,247,0.24600000000000022,0.5507228969103941,0.0459538828366164,0.4098664539066793,0.5499753719514382,0.04886395697755329,0.4085634399672592,0.5499831655381355,-9.359457088146104e-05,0.4098922445797835,3.004550726816173
P03_long,180,247,0.24800000000000022,0.5507432917830775,0.045878502987016595,0.4098664539066793,0.549984243950011,0.04880657242218171,0.4085635633611916,0.5499831655380368,-9.359457118573501e-05,0.4098922445797835,3.0248544146836327
P03_long,180,247,0.2500000000000002,0.5507636866557608,0.0458031231374168,0.4098664539066793,0.5499933420834622,0.04874887578661463,0.40856370537769804,0.5499831655379412,-9.359457148048931e-05,0.4098922445797835,3.044813529647751
P03_long,180,247,0.2520000000000002,0.5507840815284444,0.045727743287816994,0.4098664539066793,0.5500026624970479,0.04869086049500493,0.40856386004501455,0.5499831655378481,-9.359457176744037e-05,0.4098922445797835,3.0644215255349376
P03_long,180,247,0.2540000000000002,0.5508044764011277,0.04565236343821719,0.4098664539066793,0.5500122009722492,0.04863252255104342,0.40856402237283707,0.5499831655377573,-9.359457204749425e-05,0.4098922445797835,3.0836745439436033
P03_long,180,247,0.2560000000000002,0.5508248712738111,0.04557698358861739,0.4098664539066793,0.5500219531598096,0.04857386006695913,0.408564188253164,0.5499831655376686,-9.359457232101007e-05,0.4098922445797835,3.102570889476924
P03_long,180,247,0.25800000000000023,0.5508452661464944,0.045501603739017585,0.4098664539066793,0.5500319146836573,0.04851487285378846,0.40856435433875216,0.549983165537582,-9.359457258799374e-05,0.4098922445797835,3.121110597228384
P03_long,180,247,0.26000000000000023,0.5508656610191778,0.045426223889417784,0.4098664539066793,0.5500420811894889,0.048455562078184355,0.4085645179254912,0.5499831655374642,-9.359457295101261e-05,0.4098922445797835,3.1392950797575283
P03_long,180,247,0.26200000000000023,0.5508860558918612,0.04535084403981798,0.4098664539066793,0.5500524483689999,0.048395929980167375,0.40856467684742204,0.5499831655373543,-9.359457328995996e-05,0.4098922445797835,3.1571268403858235
P03_long,180,247,0.26400000000000023,0.5509064507645447,0.045275464190218176,0.4098664539066793,0.550063011972865,0.048335979643110275,0.4085648293862352,0.5499831655372499,-9.359457361177364e-05,0.4098922445797835,3.174609240946267
P03_long,180,247,0.26600000000000024,0.550926845637228,0.04520008434061837,0.4098664539066793,0.5500737678181388,0.04827571480718709,0.40856497419454346,0.5499831655371495,-9.359457392107211e-05,0.4098922445797835,3.1917463139021343
P03_long,180,247,0.26800000000000024,0.5509472405099114,0.04512470449101857,0.4098664539066793,0.550084711792627,0.04821513971847488,0.4085651102313784,0.5499831655370523,-9.359457422079595e-05,0.4098922445797835,3.208542610476488
P03_long,180,247,0.27000000000000024,0.5509728358949872,0.045040425113385,0.4098664539066793,0.5500958398574576,0.04815425900710667,0.4085652367082332,0.5499831655369576,-9.359457451269234e-05,0.4098922445797835,3.234978140193931
P03_long,180,247,0.27200000000000024,0.5510049142717559,0.04494505152772742,0.4098664539066793,0.5501072039306478,0.04809304764081319,0.4085653749764758,0.5499831655368651,-9.359457479767838e-05,0.4098922445797835,3.273494063616964
P03_long,180,247,0.27400000000000024,0.5510369926485245,0.04484967794206983,0.4098664539066793,0.5501188951611345,0.04803144779148316,0.40856555647946047,0.5499831655367747,-9.35945750761111e-05,0.4098922445797835,3.3115800414586705
P03_long,180,247,0.27600000000000025,0.551069071025293,0.044754304356412256,0.4098664539066793,0.5501309519617363,0.04796941063075507,0.40856578481963235,0.5499831655366866,-9.359457534798616e-05,0.4098922445797835,3.349175381004552
P03_long,180,247,0.27800000000000025,0.5511011494020617,0.04465893077075467,0.4098664539066793,0.5501433876776041,0.047906895495772206,0.4085660539224345,0.5499831655365663,-9.35945757184697e-05,0.4098922445797835,3.3862342470352313
P03_long,180,247,0.28000000000000025,0.5511332277788302,0.04456355718509709,0.4098664539066793,0.5501562043692745,0.047843870189388196,0.4085663549981615,0.5499831655364541,-9.35945760643951e-05,0.4098922445797835,3.4227223300965113
P03_long,180,247,0.28200000000000025,0.5511653061555988,0.044468183599439506,0.4098664539066793,0.5501693990934314,0.0477803104373065,0.4085666791720656,0.5499831655363475,-9.359457639287235e-05,0.4098922445797835,3.458614616662808
P03_long,180,247,0.28400000000000025,0.5511973845323674,0.04437281001378192,0.4098664539066793,0.5501829666713819,0.047716198854314745,0.4085670184097788,0.549983165536245,-9.359457670863172e-05,0.4098922445797835,3.4938936068068727
P03_long,180,247,0.28600000000000025,0.551229462909136,0.04427743642812433,0.4098664539066793,0.5501969009057635,0.04765152380342606,0.40856736577137165,0.5499831655361458,-9.359457701468214e-05,0.4098922445797835,3.5285478467748232
P03_long,180,247,0.28800000000000026,0.5512615412859045,0.04418206284246676,0.4098664539066793,0.55021119512701,0.047586278336107,0.4085677154070564,0.5499831655360491,-9.359457731280841e-05,0.4098922445797835,3.562570726405975
P03_long,180,247,0.29000000000000026,0.5512936196626732,0.04408668925680917,0.4098664539066793,0.5502258424506413,0.047520459277784234,0.40856806246068755,0.5499831655359546,-9.359457760394396e-05,0.4098922445797835,3.595959500812221
P03_long,180,247,0.29200000000000026,0.5513256980394418,0.043991315671151596,0.4098664539066793,0.5502408359074699,0.04745406646574121,0.4085684029476231,0.5499831655358624,-9.359457788844806e-05,0.4098922445797835,3.628714498388876
P03_long,180,247,0.29400000000000026,0.5513577764162103,0.04389594208549401,0.4098664539066793,0.5502561685156249,0.04738710212482605,0.4085687336330255,0.5499831655357722,-9.35945781663095e-05,0.4098922445797835,3.6608384813948285
P03_long,180,247,0.29600000000000026,0.551389854792979,0.043800568499836434,0.4098664539066793,0.5502718333241096,0.04731957036046723,0.40856905192015747,0.5499831655356492,-9.359457854545517e-05,0.4098922445797835,3.6923361304160713
P03_long,180,247,0.29800000000000026,0.5514219331697475,0.043705194914178846,0.4098664539066793,0.5502878234411103,0.047251476748798336,0.4085693557514956,0.5499831655355343,-9.35945788994746e-05,0.4098922445797835,3.723213628996038
P03_long,180,247,0.30000000000000027,0.5514540115465161,0.04360982132852126,0.4098664539066793,0.5503041320532928,0.04718282800610783,0.40856964352278313,0.5499831655354253,-9.35945792356621e-05,0.4098922445797835,3.7534783290987246
P03_long,180,247,0.30200000000000027,0.5514860899232847,0.043514447742863685,0.4098664539066793,0.5503207524392655,0.047113631722657756,0.408569914009115,0.5499831655353205,-9.359457955886886e-05,0.4098922445797835,3.7831384817458935
P03_long,180,247,0.30400000000000027,0.5515140400647662,0.04341619668504972,0.40986645390667925,0.5503376779790067,0.04704389614857897,0.4085701663017889,0.5499831655352188,-9.35945798721789e-05,0.4098922445797835,3.8136637442888115
P03_long,180,247,0.30600000000000027,0.5515406196653576,0.04331699032963859,0.4098664539066793,0.5503548631153015,0.046973612036210366,0.40857038118640393,0.5499831655351197,-9.359458017741971e-05,0.4098922445797835,3.8440734775720626
P03_long,180,247,0.3080000000000003,0.551567199265949,0.04321778397422745,0.4098664539066793,0.550372269924742,0.04690276838366571,0.4085705495772621,0.549983165535023,-9.359458047554491e-05,0.4098922445797835,3.873882578019171
P03_long,180,247,0.3100000000000003,0.5515937788665404,0.0431185776188163,0.4098664539066793,0.5503898790403325,0.04683136066044864,0.40857067313476375,0.5499831655349285,-9.359458076691886e-05,0.4098922445797835,3.903092710374165
P03_long,180,247,0.3120000000000003,0.5516203584671318,0.04301937126340516,0.4098664539066793,0.5504076804411447,0.04675938946449163,0.40857075666524983,0.5499831655348362,-9.359458105152592e-05,0.4098922445797835,3.9317075347957724
P03_long,180,247,0.3140000000000003,0.5516469380677232,0.042920164907994024,0.4098664539066793,0.5504256682091687,0.04668685865979465,0.40857080538233126,0.54998316553471,-9.359458144018755e-05,0.4098922445797835,3.9597325524923597
P03_long,180,247,0.3160000000000003,0.5516735176683146,0.04282095855258289,0.4098664539066793,0.5504438380738094,0.04661377416057749,0.4085708239988889,0.5499831655345924,-9.359458180309634e-05,0.4098922445797835,3.98717470665509
P03_long,180,247,0.3180000000000003,0.551700097268906,0.04272175219717174,0.4098664539066793,0.5504621863632536,0.04654014321156414,0.4085708165045986,0.5499831655344806,-9.359458214774075e-05,0.4098922445797835,4.014042021345288
P03_long,180,247,0.3200000000000003,0.5517266768694974,0.0426225458417606,0.4098664539066793,0.5504807095876492,0.0464659739501876,0.40857078618771303,0.5499831655343731,-9.359458247910005e-05,0.4098922445797835,4.040343313640934
P03_long,180,247,0.3220000000000003,0.5517532564700889,0.04252333948634947,0.4098664539066793,0.5504994042888895,0.04639127512229363,0.40857073573138936,0.5499831655342688,-9.359458280033863e-05,0.4098922445797835,4.06608796954826
P03_long,180,247,0.3240000000000003,0.5517798360706803,0.042424133130938325,0.4098664539066793,0.5505182669974085,0.046316055885137694,0.40857066732131375,0.5499831655341673,-9.359458311333033e-05,0.4098922445797835,4.091285769937204
P03_long,180,247,0.3260000000000003,0.5518064156712716,0.04232492677552718,0.4098664539066793,0.5505372942291674,0.04624032566412323,0.40857058274307023,0.5499831655340681,-9.35945834190517e-05,0.4098922445797835,4.115946755198353
P03_long,180,247,0.3280000000000003,0.551832995271863,0.04222572042011605,0.4098664539066793,0.5505564824958539,0.046164094045432424,0.4085704834637073,0.5499831655339712,-9.359458371787422e-05,0.4098922445797835,4.140081119966402
P03_long,180,247,0.3300000000000003,0.5518595748724544,0.042126514064704905,0.4098664539066793,0.5505758283178482,0.046087370694235845,0.4085703706977638,0.5499831655338765,-9.359458400977919e-05,0.4098922445797835,4.163699131320898
P03_long,180,247,0.3320000000000003,0.5518861544730458,0.04202730770929376,0.4098664539066793,0.5505953282362429,0.046010165291938875,0.4085702454598502,0.5499831655337841,-9.359458429451374e-05,0.4098922445797835,4.1868110653876345
P03_long,180,247,0.3340000000000003,0.5519127340736373,0.04192810135388263,0.4098664539066793,0.5506149788228437,0.04593248748795507,0.4085701086061684,0.5499831655336649,-9.359458466189211e-05,0.4098922445797835,4.2094271583808105
P03_long,180,247,0.3360000000000003,0.5519387964685932,0.041828640284833504,0.4098664539066793,0.550634776688074,0.04585434686273743,0.4085699608671749,0.5499831655335531,-9.359458500644823e-05,0.4098922445797835,4.231640466694239
P03_long,180,247,0.3380000000000003,0.5519562049049693,0.04172491731080601,0.4098664539066793,0.5506547129288893,0.04577575120668009,0.4085698002456871,0.5499831655334467,-9.359458533425536e-05,0.4098922445797835,4.25477809242303
P03_long,180,247,0.3400000000000003,0.5519736133413454,0.04162119433677853,0.4098664539066793,0.5506746885863177,0.04569668029755573,0.40856958293935386,0.5499831655333445,-9.359458564935028e-05,0.4098922445797835,4.277474878443569
P03_long,180,247,0.3420000000000003,0.5519910217777216,0.04151747136275104,0.4098664539066793,0.5506946549168469,0.04561712124075274,0.4085693032839775,0.5499831655332456,-9.359458595430079e-05,0.4098922445797835,4.299732103302906
P03_long,180,247,0.3440000000000003,0.5520084302140977,0.041413748388723554,0.4098664539066793,0.5507145914354349,0.04553707045204211,0.40856896815819044,0.5499831655331494,-9.359458625063372e-05,0.4098922445797835,4.321551066807076
P03_long,180,247,0.3460000000000003,0.5520258386504739,0.04131002541469607,0.40986645390667936,0.5507344907519856,0.045456530068965745,0.40856858754845005,0.5499831655330558,-9.359458653915523e-05,0.4098922445797835,4.342934519747042
P03_long,180,247,0.3480000000000003,0.55204324708685,0.041206302440668585,0.4098664539066793,0.5507543509701603,0.04537550533318779,0.40856817119610694,0.5499831655329647,-9.359458682018833e-05,0.4098922445797835,4.363886565735676
P03_long,180,247,0.3500000000000003,0.5520606555232263,0.0411025794666411,0.4098664539066793,0.5507741722965279,0.04529400315401795,0.40856772755817516,0.549983165532876,-9.359458709374715e-05,0.4098922445797835,4.384412345991182
P03_long,180,247,0.3520000000000003,0.5520780639596025,0.04099885649261362,0.4098664539066793,0.5507939556251741,0.04521203136025134,0.40856726363054774,0.549983165532759,-9.359458745395191e-05,0.4098922445797835,4.404517757921131
P03_long,180,247,0.3540000000000003,0.5520954723959786,0.040895133518586126,0.4098664539066793,0.550813701981772,0.04512959829922872,0.40856678506930644,0.5499831655326498,-9.359458779063432e-05,0.4098922445797835,4.424209237054422
P03_long,180,247,0.3560000000000003,0.5521128808323548,0.04079141054455864,0.4098664539066793,0.550833412324837,0.04504671260713597,0.40856629639322173,0.5499831655325461,-9.359458811018863e-05,0.4098922445797835,4.443493592378042
P03_long,180,247,0.3580000000000003,0.5521302892687309,0.04068768757053116,0.4098664539066793,0.5508530874893567,0.04496338306691011,0.4085658011877409,0.5499831655324466,-9.359458841689094e-05,0.4098922445797835,4.462377882137712
P03_long,180,247,0.3600000000000003,0.552147697705107,0.040583964596503666,0.4098664539066793,0.5508727281838725,0.044879618514350704,0.4085653022845821,0.5499831655323504,-9.359458871348497e-05,0.4098922445797835,4.480869319896707
P03_long,180,247,0.3620000000000003,0.5521651061414832,0.04048024162247618,0.4098664539066793,0.5508923350052278,0.04479542777318124,0.40856480191155425,0.5499831655322569,-9.359458900162446e-05,0.4098922445797835,4.498975203368147
P03_long,180,247,0.3640000000000003,0.5521825145778594,0.0403765186484487,0.4098664539066793,0.550912078378608,0.044713873245189245,0.40856483826531426,0.5499848636298492,-0.0001024711881705095,0.40989442516158037,4.519585493630433
P03_long,180,247,0.3660000000000003,0.5521999230142355,0.04027279567442121,0.4098664539066793,0.5509319446151043,0.04463420672482425,0.4085655027709416,0.5499880261592942,-0.00012044665091428476,0.4098991343748054,4.541990265427811
P03_long,180,247,0.3680000000000003,0.5522173314506117,0.04016907270039373,0.4098664539066793,0.5509518812755339,0.04455592508985802,0.4085667711057692,0.5499923835983029,-0.0001469421695144379,0.4099063919147849,4.5657242615551255
P03_long,180,247,0.37000000000000033,0.5522296870773943,0.040067091286623266,0.4098664539066793,0.5509718462349917,0.0444786584054263,0.408568582778577,0.5499976984466207,-0.00018117119135835195,0.4099160724216264,4.587383571113283
P03_long,180,247,0.37200000000000033,0.5522331387963118,0.03996817879753381,0.4098664539066793,0.550991768627162,0.0444021236665942,0.4085708551074583,0.5500037599823447,-0.00022228660607850808,0.4099279521534546,4.604439922370769
P03_long,180,247,0.37400000000000033,0.5522365905152292,0.039869266308444354,0.4098664539066793,0.5510115292899272,0.044326094910319594,0.408573493192149,0.5500102811149181,-0.00026950105263550176,0.40994184713671883,4.622131131007814
P03_long,180,247,0.37600000000000033,0.5522400422341467,0.03977035381935491,0.4098664539066793,0.5510310704787054,0.044250387898540855,0.4085764387606301,0.5500170381550402,-0.00032212131500389946,0.40995759448560964,4.640292884735006
P03_long,180,247,0.37800000000000034,0.552243493953064,0.039671441330265456,0.4098664539066793,0.5510503565496923,0.044174650310705395,0.40857946901117825,0.550023276311301,-0.0003797241253252533,0.409974702254968,4.65859077241602
P03_long,180,247,0.38000000000000034,0.5522469456719816,0.039572528841176006,0.4098664539066793,0.5510689782796264,0.04409795631368171,0.40858177954990027,0.5500292918983521,-0.00044505614535431863,0.4099967858072962,4.6762272171443415
P03_long,180,247,0.38200000000000034,0.5522503973908991,0.03947361635208656,0.4098664539066793,0.5510871091239432,0.04402037194146316,0.4085835079026091,0.5500352010805148,-0.0005166777893685557,0.4100230940026854,4.693210626166762
P03_long,180,247,0.38400000000000034,0.5522538491098166,0.0393747038629971,0.4098664539066793,0.5511048395947139,0.043941923936398924,0.40858475716490217,0.5500410063664568,-0.0005935622799762405,0.4100529666219768,4.7095352280964
P03_long,180,247,0.38600000000000034,0.552257300828734,0.03927579137390766,0.4098664539066793,0.5511222207851133,0.04386119746401075,0.4085853429474029,0.5500465212225294,-0.0006780800600146829,0.4100728818395782,4.723807332711671
P03_long,180,247,0.38800000000000034,0.5522607525476515,0.0391768788848182,0.4098664539066793,0.5511390730411618,0.04377836169613189,0.408585297313629,0.550052027174406,-0.0007738466444895954,0.410062542927464,4.73622307098116
P03_long,180,247,0.39000000000000035,0.552264204266569,0.03907796639572875,0.4098664539066793,0.5511555854599197,0.04369392802970675,0.4085847700729121,0.5500575222755641,-0.0008804082183249565,0.4100215845351521,4.747224185227963
P03_long,180,247,0.39200000000000035,0.5522676559854864,0.038979053906639305,0.4098664539066793,0.551172017181688,0.04361022080565374,0.40858419119992717,0.5500641783070515,-0.0009816873880338283,0.40999367519686225,4.759005277882761
P03_long,180,247,0.39400000000000035,0.5522711077044039,0.03888014141754985,0.4098664539066793,0.55118827377114,0.04352678396053812,0.4085836041302582,0.5500716337378352,-0.0010801052797805607,0.40997787116761963,4.77114412372298
P03_long,180,247,0.39600000000000035,0.5522745594233214,0.0387812289284604,0.4098664539066793,0.5512043055320233,0.04344336557359971,0.40858301187475965,0.5500796251241821,-0.0011768355061621753,0.4099727148960149,4.783404800953976
P03_long,180,247,0.39800000000000035,0.5522780111422388,0.038682316439370944,0.4098664539066793,0.5512203340564877,0.043360570574251564,0.40858316394130567,0.550088416377134,-0.0012696568322070082,0.4099743864864502,4.796325944746727
P03_long,180,247,0.40000000000000036,0.5522814628611563,0.0385834039502815,0.4098664539066793,0.551236269830786,0.04327815150465089,0.40858391625930224,0.5500977836969844,-0.001359727080668921,0.40998176936907094,4.809686379587765
P03_long,180,247,0.40200000000000036,0.5522849145800738,0.038484491461192046,0.4098664539066793,0.5512518042525605,0.04319514932041895,0.40858438269426156,0.5501069524460956,-0.0014507454664808787,0.40999622757022186,4.822614893966844
P03_long,180,247,0.40400000000000036,0.5522795742937567,0.0383688418956345,0.4098664539066793,0.5512670070887473,0.04311159032402051,0.4085846097699532,0.5501158993298895,-0.0015424530600865564,0.4100163870295362,4.849634522272639
P03_long,180,247,0.40600000000000036,0.5522698578962371,0.03824486165853176,0.40986645390667936,0.5512814303464828,0.04302600963901631,0.4085841662930577,0.5501240510044537,-0.0016393069344404784,0.4100273229664624,4.882249996917882
P03_long,180,247,0.40800000000000036,0.5522601414987174,0.03812088142142901,0.4098664539066793,0.5512952957723686,0.04293885639235597,0.40858318640389524,0.5501301576280245,-0.0017409796039996438,0.41002826338547893,4.913635120369866
P03_long,180,247,0.41000000000000036,0.5522504251011976,0.03799690118432627,0.4098664539066793,0.5513090403508971,0.04285050946562283,0.4085819480866683,0.5501372511841851,-0.0018457480530594604,0.4100239691303474,4.944058919184603
P03_long,180,247,0.41200000000000037,0.5522407087036778,0.037872920947223526,0.4098664539066793,0.5513224839986675,0.04276096778411076,0.40858053708432696,0.5501461831084262,-0.0019522415973541954,0.410013729669215,4.973543856094428
P03_long,180,247,0.41400000000000037,0.5522309923061581,0.03774894071012078,0.4098664539066793,0.5513355033651642,0.04267033258381759,0.40857893997986083,0.5501576414721143,-0.0020613773366885443,0.40999677091144493,5.002199358075538
P03_long,180,247,0.41600000000000037,0.5522212759086385,0.03762496047301804,0.4098664539066793,0.5513480565354325,0.04257868556365934,0.40857716464968347,0.5501723066810535,-0.0021739957083499162,0.409972397589921,5.030099834734032
P03_long,180,247,0.41800000000000037,0.5522115595111186,0.03750098023591529,0.4098664539066793,0.5513597388996977,0.04248610584659979,0.4085751496014792,0.5501830560542926,-0.00228488745683916,0.4099472551384822,5.057378343405202
P03_long,180,247,0.4200000000000004,0.5522018431135989,0.037376999998812555,0.4098664539066793,0.5513708446591238,0.042392681293061514,0.4085730202222747,0.5501893910660002,-0.002395787346928894,0.40991997281655307,5.084055200016904
P03_long,180,247,0.4220000000000004,0.5521921267160792,0.03725301976170981,0.4098664539066793,0.5513820981558372,0.04230056936643023,0.4085718152078535,0.550195620647751,-0.002498049922257239,0.4099027731194475,5.112132948243916
P03_long,180,247,0.4240000000000004,0.5521824103185594,0.03712903952460707,0.4098664539066793,0.5513933663377738,0.04220945522375402,0.4085715651009191,0.5502014992248426,-0.002593970327866547,0.40989388500067736,5.141324156260994
P03_long,180,247,0.4260000000000004,0.5521726939210397,0.037005059287504326,0.4098664539066793,0.5514044573722794,0.042118991827646474,0.4085721053692601,0.5502069184843517,-0.002685321717517631,0.4098919289129093,5.171314476994794
P03_long,180,247,0.4280000000000004,0.55216297752352,0.03688107905040158,0.4098664539066793,0.5514152800058371,0.04202892325967891,0.4085732956215157,0.5502118201863835,-0.002773342244227602,0.409895758850459,5.201860396140913
P03_long,180,247,0.4300000000000004,0.5521532611260003,0.03675709881329883,0.4098664539066793,0.5514257908534436,0.0419390534128095,0.4085750181952005,0.550216200745009,-0.002858945646996396,0.40990439093104575,5.2327685281162095
P03_long,180,247,0.4320000000000004,0.5521435447284805,0.03663311857619609,0.4098664539066793,0.5514359705689142,0.04184922727950764,0.4085771752676822,0.5502200788256076,-0.0029428369751394955,0.40991699454875347,5.263881761214663
P03_long,180,247,0.4340000000000004,0.5521338283309608,0.036509138339093354,0.4098664539066793,0.551445684231376,0.04175910087691201,0.40857951366301004,0.5502237193571095,-0.0030261971571311757,0.4099336609150705,5.294870059811924
P03_long,180,247,0.4360000000000004,0.552124111933441,0.036385158101990604,0.4098664539066793,0.5514547091920069,0.04166781389387486,0.40858124693124975,0.5502262605115703,-0.003112443527757914,0.40995650958036267,5.324899270950372
P03_long,180,247,0.4380000000000004,0.5521134574058324,0.03624577211223336,0.4098664539066793,0.5514631891666663,0.04157546018586954,0.40858248506970607,0.5502278867793288,-0.0032010605613733726,0.409984459481967,5.369210719009635
P03_long,180,247,0.4400000000000004,0.5521027771560848,0.03610596371953215,0.4098664539066793,0.5514711900152773,0.04148202286750159,0.40858329994931897,0.550228714327065,-0.0032918599967261134,0.41001662038263303,5.413031893393876
P03_long,180,247,0.4420000000000004,0.5520920969063371,0.03596615532683094,0.4098664539066793,0.5514787487772559,0.04138748186821542,0.408583757181805,0.5502287846124618,-0.003384758982431732,0.41005222070574426,5.455912150664383
P03_long,180,247,0.4440000000000004,0.5520814166565895,0.03582634693412971,0.4098664539066793,0.5514858905515259,0.04129050249189413,0.4085836770416464,0.5502281596594856,-0.00348393962608597,0.41007720750769855,5.496512285191404
P03_long,180,247,0.4460000000000004,0.5520707364068418,0.0356865385414285,0.4098664539066793,0.5514924248222617,0.04119118236595362,0.40858306722665927,0.5502274792744237,-0.003593838147739929,0.41007151860934404,5.53493883649513
P03_long,180,247,0.4480000000000004,0.5520600561570942,0.03554673014872729,0.4098664539066793,0.5514985342674795,0.04108997926240446,0.4085820570423684,0.5502267428950215,-0.003714171378398158,0.41003492912063555,5.571617141261512
P03_long,180,247,0.4500000000000004,0.5520493759073465,0.035406921756026076,0.4098664539066793,0.5515040847771575,0.04098764059371274,0.4085806065584118,0.5502230760870014,-0.0038360256243593948,0.40999614628110903,5.60729570844748
P03_long,180,247,0.4520000000000004,0.5520386956575989,0.035267113363324866,0.4098664539066793,0.5515096507365984,0.040885676874671796,0.40857929542297566,0.5502191093290182,-0.003950985990561023,0.4099714425447659,5.643416027502806
P03_long,180,247,0.4540000000000004,0.5520280154078512,0.03512730497062365,0.4098664539066793,0.5515150309749313,0.04078366419248579,0.40857810724076093,0.5502144315563998,-0.004061738993583297,0.4099594855232735,5.679573282841154
P03_long,180,247,0.4560000000000004,0.5520173351581035,0.03498749657792244,0.4098664539066793,0.551520542192345,0.04068213605193154,0.40857781680925226,0.5502096604769126,-0.004166512299682235,0.4099556179843005,5.716268187355257
P03_long,180,247,0.4580000000000004,0.5520066549083559,0.03484768818522122,0.4098664539066793,0.5515259686090231,0.04058080718065847,0.4085782526217928,0.5502043410252121,-0.004267116540716616,0.409958703590761,5.7532349799230005
P03_long,180,247,0.4600000000000004,0.5519959746586082,0.034707879792520005,0.4098664539066793,0.5515312047876413,0.04047947846093436,0.40857927408533423,0.5501982646433224,-0.0043647942388698145,0.40996764726013746,5.790281704908745
P03_long,180,247,0.4620000000000004,0.5519852944088606,0.034568071399818795,0.4098664539066793,0.5515361993878422,0.040378001471112056,0.4085807668815168,0.5501913360846904,-0.004460460031748601,0.4099814690808897,5.827261258191643
P03_long,180,247,0.4640000000000004,0.5519746141591129,0.03442826300711758,0.4098664539066793,0.5515405294464862,0.040273825595241876,0.40858156547081204,0.5501852057749489,-0.004562094685627188,0.4099885316488286,5.861657744138136
P03_long,180,247,0.4660000000000004,0.5519639339093653,0.03428845461441637,0.4098664539066793,0.5515447430099198,0.04016996247346904,0.40858280489471577,0.5501794881670087,-0.004660154115809523,0.4100002478298254,5.896427368014991
P03_long,180,247,0.4680000000000004,0.5519532536596176,0.03414864622171515,0.4098664539066793,0.5515483504745735,0.04006529749495248,0.4085836202754243,0.5501739333998563,-0.0047596686519562606,0.4100192817120192,5.930489767157493
P03_long,180,247,0.4700000000000004,0.5519430502522271,0.0340100311719821,0.4098664539066793,0.5515515155103606,0.039959796274518435,0.40858411017026974,0.5501686554633466,-0.004860756425669647,0.4100445879397623,5.962634000963641
P03_long,180,247,0.4720000000000004,0.5519340794048646,0.03387450071995733,0.4098664539066793,0.5515541048481452,0.039851532292722196,0.4085840057125444,0.5501632853062135,-0.004973111254972739,0.41003966126975744,5.989097351486463
P03_long,180,247,0.4740000000000004,0.551925108557502,0.033738970267932565,0.4098664539066793,0.5515563422497886,0.03974127374649196,0.40858344596616947,0.5501578266112673,-0.005096048361917405,0.4100039537979034,6.0136208425898285
P03_long,180,247,0.4760000000000004,0.5519161377101394,0.033603439815907805,0.4098664539066793,0.5515585349097876,0.03963147779257677,0.4085828651222485,0.5501528984198557,-0.005213025140828342,0.4099823406588266,6.038635740875811
P03_long,180,247,0.4780000000000004,0.5519071668627769,0.033467909363883046,0.4098664539066793,0.5515608745206252,0.03952252151152133,0.4085830734749372,0.5501490958758992,-0.0053234744845371135,0.40997080637529776,6.064507122970668
P03_long,180,247,0.4800000000000004,0.5518981960154142,0.03333237891185828,0.4098664539066793,0.5515632160370518,0.03941405655577691,0.4085839503428297,0.5501461332940807,-0.005429518347071705,0.40996805144311765,6.090896038387398
P03_long,180,247,0.48200000000000043,0.5518892251680516,0.03319684845983352,0.4098664539066793,0.5515654761298207,0.03930585279290726,0.4085853781181331,0.5501437770894979,-0.005532509204695324,0.4099727591249493,6.117576920748054
P03_long,180,247,0.48400000000000043,0.551880254320689,0.03306131800780876,0.4098664539066793,0.5515676101974741,0.03919774213506464,0.4085872549402564,0.5501418432795625,-0.00563340424883578,0.4099837258712409,6.144383404162609
P03_long,180,247,0.48600000000000043,0.5518712834733264,0.032925787555784,0.4098664539066793,0.551569243734956,0.039088675461278984,0.40858865893286206,0.5501388246661711,-0.005736537897552911,0.4100034318261548,6.1702848669450585
P03_long,180,247,0.48800000000000043,0.5518623126259639,0.032790257103759234,0.4098664539066793,0.5515705048548653,0.038978716996119836,0.40858967284651687,0.5501348987453316,-0.005841564911449711,0.4100303732666236,6.195335956558719
P03_long,180,247,0.49000000000000044,0.5518533417786013,0.032654726651734474,0.4098664539066793,0.5515714628110998,0.03886789039954651,0.4085903594830407,0.5501301563325568,-0.005948382599903283,0.4100632936859789,6.219554606999237
P03_long,180,247,0.49200000000000044,0.5518443709312387,0.03251919619970971,0.4098664539066793,0.5515719119454541,0.038754328599337945,0.40859042424327896,0.5501253052892756,-0.006066488454644177,0.41006599462202714,6.241082433346685
P03_long,180,247,0.49400000000000044,0.5518354000838761,0.03238366574768495,0.4098664539066793,0.5515720598124798,0.03863881365920842,0.40859000002118706,0.5501203508318422,-0.006195174511832833,0.41003791297444997,6.260688739553781
P03_long,180,247,0.49600000000000044,0.5518264292365136,0.03224813529566018,0.4098664539066793,0.5515719895043265,0.038521758296765636,0.4085891935352879,0.5501152936600175,-0.006334202608064995,0.40997885402774914,6.278780545401699
P03_long,180,247,0.49800000000000044,0.551817458389151,0.03211260484363542,0.4098664539066793,0.5515719911787521,0.03840559443325059,0.4085884385952398,0.5501096320575393,-0.0064641672600751,0.4099385205938399,6.29777517274044
P03_long,180,247,0.5000000000000004,0.5518084875417884,0.03197707439161066,0.4098664539066793,0.5515723527974623,0.03829056666520149,0.40858858080170546,0.5501040282992851,-0.006585292427347376,0.40991260379308236,6.317906639557837
P03_long,180,247,0.5020000000000004,0.5517995166944257,0.031841543939585895,0.4098664539066793,0.5515728032449633,0.03817629901348674,0.40858946557483045,0.5500976768654512,-0.006700154719238203,0.4098992311402078,6.338810679810504
P03_long,180,247,0.5040000000000004,0.5517974216814596,0.03170204622150265,0.4098664539066793,0.5515732068319755,0.03806253445309529,0.40859095478937435,0.5500901685890709,-0.006810478662929479,0.4098965626700124,6.364438926013644
P03_long,180,247,0.5060000000000004,0.5518002125973278,0.03155972938671116,0.40986645390667925,0.551573567595651,0.037949069578366315,0.4085929591428469,0.5500813622235415,-0.006917548338201628,0.40990292613186186,6.393358744938769
P03_long,180,247,0.5080000000000005,0.5518030035131962,0.031417412551919675,0.40986645390667936,0.5515739384202698,0.037835733083670074,0.40859540438484493,0.550071327653883,-0.00702235850964675,0.40991684420930785,6.42240681248752
P03_long,180,247,0.5100000000000005,0.5518057944290644,0.031275095717128186,0.4098664539066793,0.5515743445240624,0.037722383633009594,0.4085982082409201,0.5500601374103153,-0.00712567697933346,0.40993700072166606,6.451440965303478
P03_long,180,247,0.5120000000000005,0.5518085853449328,0.031132778882336704,0.4098664539066793,0.5515743596759475,0.03760796687669405,0.4086004115060937,0.5500481913409264,-0.007231867402682322,0.40996598335519335,6.479422908429512
P03_long,180,247,0.5140000000000005,0.551811376260801,0.030990462047545214,0.4098664539066793,0.5515741982063815,0.03749255807045004,0.4086021285898511,0.5500357911800129,-0.007340471333170256,0.4100021441000496,6.506420376871826
P03_long,180,247,0.5160000000000005,0.5518141671766694,0.03084814521275373,0.4098664539066793,0.5515739616968338,0.037376188015700154,0.4086034394522159,0.5500230465933654,-0.007451303538503913,0.4100440981370265,6.5324606014612625
P03_long,180,247,0.5180000000000005,0.5518169580925376,0.030705828377962242,0.4098664539066793,0.5515736930264904,0.03725742054534679,0.4086041442946491,0.5500099586176138,-0.007568511858484294,0.4100761747252083,6.55610691036178
P03_long,180,247,0.5200000000000005,0.551819749008406,0.03056351154317076,0.4098664539066793,0.5515732090006753,0.03713644889943253,0.40860426022360596,0.5499967281053592,-0.007696443096303629,0.41007757473469514,6.577559385117959
P03_long,180,247,0.5220000000000005,0.5518225399242742,0.030421194708379274,0.4098664539066793,0.5515726923680874,0.037013789040850356,0.4086039217324673,0.5499833556947353,-0.007834778686756586,0.41004804692388463,6.59732702189776
P03_long,180,247,0.5240000000000005,0.5518253308401426,0.030278877873587788,0.4098664539066793,0.5515722081617093,0.036889754691048326,0.4086032273876514,0.5499698395909192,-0.007983385423935816,0.40998748125028067,6.615720927153325
P03_long,180,247,0.5260000000000005,0.5518281217560109,0.030136561038796302,0.4098664539066793,0.5515719844982122,0.03676674264525787,0.4086025773073769,0.5499574766844088,-0.008122031312860024,0.4099467564518063,6.635127310722378
P03_long,180,247,0.5280000000000005,0.5518309126718792,0.029994244204004816,0.4098664539066793,0.5515722176444849,0.036645068506113945,0.40860281755246214,0.5499469076184381,-0.00825089161430204,0.40992096381187315,6.655853590240993
P03_long,180,247,0.5300000000000005,0.5518337035877475,0.02985192736921333,0.4098664539066793,0.5515727451082055,0.03652430752450492,0.40860381785532374,0.5499377628029473,-0.00837277364980915,0.40990813748820754,6.677481281499324
P03_long,180,247,0.5320000000000005,0.5518364945036158,0.029709610534421848,0.4098664539066793,0.5515734708946112,0.03640416900569911,0.40860544900034135,0.549929730036598,-0.008489559348659914,0.4099063469583455,6.6997234677443185
P03_long,180,247,0.5340000000000005,0.551839285419484,0.02956729369963036,0.4098664539066793,0.5515743404928967,0.036284433388276034,0.40860759697044047,0.549922549501184,-0.008602629375021792,0.40991382586371006,6.722362784832675
P03_long,180,247,0.5360000000000005,0.5518420763353524,0.029424976864838876,0.4098664539066793,0.5515753206252061,0.03616492522337188,0.40861016372654435,0.5499159843199963,-0.008713053604540114,0.4099290227812696,6.74522516188951
P03_long,180,247,0.5380000000000005,0.5518656126922035,0.029285860947543003,0.4098664539066793,0.551575987861354,0.0360444828187571,0.4086121618550025,0.5499081600236789,-0.008825611084614396,0.4099545568011396,6.7648246200990405
P03_long,180,247,0.5400000000000005,0.5518917070276371,0.029147139713512987,0.4098664539066793,0.5515767183101735,0.03592321026366224,0.40861378554127004,0.5498994714546723,-0.00894000432472465,0.4099885944173734,6.783387796133241
P03_long,180,247,0.5420000000000005,0.5519178013630709,0.02900841847948298,0.4098664539066793,0.551577727596792,0.03580115581645606,0.40861513466221877,0.549890171105648,-0.009056121656666102,0.41002950888921513,6.801244790155637
P03_long,180,247,0.5440000000000005,0.5519438956985045,0.028869697245452967,0.4098664539066793,0.5515791156325731,0.03567834704128136,0.4086162549216835,0.5498803849955836,-0.009173902643591482,0.41007587547916446,6.818414517960532
P03_long,180,247,0.5460000000000005,0.5519699900339383,0.02873097601142295,0.4098664539066793,0.5515806974452,0.035552992054230195,0.4086168485838575,0.5498704053540692,-0.009302977766618306,0.410092024917212,6.833114341789255
P03_long,180,247,0.5480000000000005,0.5519960843693721,0.028592254777392946,0.40986645390667936,0.5515826585383671,0.03542586118053676,0.40861701986002236,0.5498602407619575,-0.00944263793911047,0.410077398288327,6.8461008896181434
P03_long,180,247,0.5500000000000005,0.5520221787048056,0.028453533543362927,0.4098664539066793,0.5515850643223517,0.03529736282352981,0.4086168523216196,0.549849891992394,-0.009592636028096797,0.41003179845087234,6.857774289039973
P03_long,180,247,0.5520000000000005,0.5520482730402394,0.028314812309332915,0.4098664539066793,0.5515881790759058,0.03516818931328049,0.40861651774970864,0.5498453385715619,-0.009741906616676647,0.40998718518801075,6.868803594095086
P03_long,180,247,0.5540000000000005,0.5520743673756732,0.028176091075302903,0.4098664539066793,0.5515922304234834,0.03504079540538266,0.40861702975013625,0.549841578183491,-0.009879092647541741,0.40995764305264715,6.881614750920209
P03_long,180,247,0.5560000000000005,0.5521004617111068,0.028037369841272895,0.4098664539066793,0.5515969813133541,0.034914633155749296,0.4086182833239546,0.5498379741413636,-0.010007894600156551,0.4099413702927227,6.895668438053281
P03_long,180,247,0.5580000000000005,0.5521265560465405,0.027898648607242886,0.4098664539066793,0.5516022905958643,0.034789362494793356,0.4086201482368623,0.5498341581202012,-0.010130583859251745,0.40993640650247454,6.910628925275443
P03_long,180,247,0.5600000000000005,0.5521526503819743,0.02775992737321287,0.4098664539066793,0.5516076498167394,0.03466383102982781,0.40862163982926847,0.5498302484035393,-0.010252527116282172,0.4099446956374659,6.925381672942475
P03_long,180,247,0.5620000000000005,0.552178744717408,0.027621206139182862,0.4098664539066793,0.5516132216677392,0.0345379976086278,0.40862283010487366,0.5498264274340107,-0.010374047119317496,0.40996406466447394,6.939871796473838
P03_long,180,247,0.5640000000000005,0.5522048390528417,0.027482484905152847,0.4098664539066793,0.5516190788990863,0.03441180298895848,0.4086237648405533,0.5498227158512003,-0.010495545722778703,0.40999261075732957,6.954032216224145
P03_long,180,247,0.5660000000000005,0.5522309333882754,0.027343763671122838,0.4098664539066793,0.5516252536438115,0.03428519469977856,0.40862447477641767,0.5498190693620385,-0.010617371132275951,0.41002864816958073,6.967805442062679
P03_long,180,247,0.5680000000000005,0.5522570277237091,0.027205042437092822,0.4098664539066793,0.5516315405493355,0.034156273970390255,0.4086246641626986,0.5498151897952908,-0.010750476068238996,0.41003446955881845,6.979316158107072
P03_long,180,247,0.5700000000000005,0.5522872122602738,0.027067561517245122,0.4098664539066793,0.5516381045780566,0.03402577560652664,0.4086244333809611,0.549811088784546,-0.010894139034744182,0.41000950355474874,6.988425008211019
P03_long,180,247,0.5720000000000005,0.5523341887022524,0.026935172581328427,0.4098664539066793,0.5516450234088387,0.03389389893873508,0.40862405956233705,0.5498072183887766,-0.011039598737771255,0.40995561982859885,6.992769216763273
P03_long,180,247,0.5740000000000005,0.552381165144231,0.02680278364541172,0.4098664539066793,0.551653177491542,0.033764293894652096,0.4086247200972912,0.5498054655097085,-0.01117299111131228,0.40991841650176086,6.999470763761103
P03_long,180,247,0.5760000000000005,0.5524281415862096,0.02667039470949502,0.4098664539066793,0.5516624214671758,0.03363635924649111,0.4086263609378149,0.5498051599771742,-0.011298179205593275,0.4098959331156217,7.007923318029404
P03_long,180,247,0.5780000000000005,0.5524751180281883,0.02653800577357832,0.4098664539066793,0.5516726393397432,0.03350971926769368,0.4086288439428255,0.5498058390793554,-0.011417424233432434,0.409886078483385,7.0177461545312925
P03_long,180,247,0.5800000000000005,0.5525220944701669,0.026405616837661624,0.4098664539066793,0.5516836832812966,0.0333838441635127,0.4086318289245942,0.5498056487345958,-0.011532725497092935,0.40988710625030894,7.0284130451245925
P03_long,180,247,0.5820000000000005,0.5525690709121455,0.026273227901744918,0.4098664539066793,0.5516954978322889,0.03325855367615035,0.4086352102502643,0.5498045674430727,-0.011645177070083989,0.4098975081793201,7.039737644289233
P03_long,180,247,0.5840000000000005,0.5526160473541242,0.026140838965828223,0.4098664539066793,0.5517080479120229,0.03313368999285859,0.40863889870947456,0.549802618363016,-0.011755677062863326,0.409915906623026,7.051555039358049
P03_long,180,247,0.5860000000000005,0.5526630237961028,0.02600845002991152,0.4098664539066793,0.5517208764237068,0.033008178273084034,0.40864194080424854,0.5498001971418387,-0.011868749350607138,0.40994489557824265,7.062849081608609
P03_long,180,247,0.5880000000000005,0.5527100002380814,0.025876061093994818,0.4098664539066793,0.5517341577148415,0.03288207189503311,0.40864444065197797,0.5497975243811938,-0.011984011370038523,0.40998255721220417,7.0736451688240916
P03_long,180,247,0.5900000000000005,0.55275697668006,0.025743672158078115,0.4098664539066793,0.5517479690269053,0.032755382565957974,0.4086464730879838,0.5497946674561237,-0.012101331304891402,0.4100272218327044,7.083938120007508
P03_long,180,247,0.5920000000000005,0.5528039531220387,0.025611283222161413,0.4098664539066793,0.5517623428466445,0.032628116459701456,0.40864809485677867,0.5497916370617673,-0.012220627476086335,0.41007742205499736,7.093722622802038
P03_long,180,247,0.5940000000000005,0.5528509295640173,0.02547889428624471,0.4098664539066793,0.5517772796937859,0.03249883287578885,0.40864910086749284,0.5497879939352592,-0.012345933839003566,0.4101168792992576,7.101567562504694
P03_long,180,247,0.5960000000000005,0.5528979060059959,0.025346505350328008,0.4098664539066793,0.5517925827818643,0.032367753115678875,0.40864950355415675,0.5497840819891188,-0.012481861373580287,0.41012557551649287,7.1077183126689265
P03_long,180,247,0.5980000000000005,0.5529448824479746,0.025214116414411306,0.4098664539066793,0.5518084108724548,0.03223538056502795,0.4086494303709116,0.5497799037894834,-0.012628094938301443,0.41010326433131145,7.112644931015385
P03_long,180,247,0.6000000000000005,0.5529918588899532,0.025081727478494603,0.4098664539066793,0.5518248137797649,0.032102022012035096,0.40864897606911194,0.5497754574183717,-0.012784500290615619,0.41004983702592607,7.116637522515314
P03_long,180,247,0.6020000000000005,0.5530388353319318,0.0249493385425779,0.4098664539066793,0.5518419495060647,0.031968341998481364,0.40864820655381173,0.5497780857370446,-0.012942695255840873,0.4099967287479991,7.120319177828076
P03_long,180,247,0.6040000000000003,0.5530921225350905,0.02482212341977965,0.40986645390667936,0.5518597389316864,0.031836013950351655,0.4086474753825792,0.5497825343055833,-0.013090505896966245,0.40996344847609056,7.1213362314095985
P03_long,180,247,0.6060000000000001,0.5531516824827959,0.02470005094255094,0.4098664539066793,0.5518782097239635,0.031704560925361586,0.4086468466809201,0.5497885505818815,-0.013231367975941639,0.40994785417328966,7.119332339958722
P03_long,180,247,0.6079999999999999,0.5532112424305012,0.024577978465322236,0.4098664539066793,0.5518973259046767,0.03157103663281225,0.4086463402831675,0.5497926508159278,-0.013345138972587664,0.4099350138922268,7.115422627696385
P03_long,180,247,0.6099999999999997,0.5532708023782065,0.024455905988093524,0.4098664539066793,0.5519175749265326,0.03143994660629944,0.40864670362370203,0.549799257161882,-0.013454039696976366,0.40993276085112995,7.113933362965513
P03_long,180,247,0.6119999999999994,0.5533303623259118,0.024333833510864822,0.40986645390667936,0.5519388551537412,0.031310628411205195,0.4086478830974137,0.5498080050297799,-0.013560849917945738,0.40994024857797556,7.1142082687828125
P03_long,180,247,0.6139999999999992,0.553389922273617,0.024211761033636113,0.40986645390667925,0.5519610693055486,0.031182664866059567,0.40864975230657596,0.5498184948158674,-0.013666900472549176,0.40995615456825873,7.1158359343968955
P03_long,180,247,0.615999999999999,0.5534494822213225,0.02408968855640741,0.4098664539066793,0.5519841468250004,0.03105575785289215,0.4086521810578073,0.5498303724371172,-0.013772918483701909,0.4099791191607516,7.118520159916794
P03_long,180,247,0.6179999999999988,0.5535090421690276,0.0239676160791787,0.4098664539066793,0.5520071646698929,0.030927048128604664,0.4086537663304711,0.5498422032511764,-0.013887051977055366,0.40999434073633484,7.119643984988618
P03_long,180,247,0.6199999999999986,0.553568602116733,0.023845543601949994,0.4098664539066793,0.5520311108402708,0.030798804117177014,0.40865506581035277,0.5498532585691442,-0.014001988064966492,0.41001857843580075,7.12121557164312
P03_long,180,247,0.6219999999999983,0.5536281620644383,0.023723471124721285,0.4098664539066793,0.5520558133282613,0.030670771692327375,0.4086561078115223,0.5498631857930389,-0.014118578466629336,0.41005079891067486,7.123009597411583
P03_long,180,247,0.6239999999999981,0.5536877220121437,0.02360139864749258,0.4098664539066793,0.5520811753395748,0.030541261721907433,0.40865663362222016,0.5498718598339507,-0.014240762879791187,0.41007492699162845,7.123390464011425
P03_long,180,247,0.6259999999999979,0.5537472819598489,0.023479326170263874,0.4098664539066793,0.5521069249272242,0.030410351562390484,0.4086566147893562,0.5498801937893079,-0.014373797356035098,0.41006849018451114,7.122491430727384
P03_long,180,247,0.6279999999999977,0.5538068419075542,0.023357253693035165,0.4098664539066793,0.5521332359978075,0.03027850783716079,0.40865617211606753,0.549888194629796,-0.01451730099775742,0.4100311831561796,7.12072437808931
P03_long,180,247,0.6299999999999975,0.5538664018552596,0.02323518121580646,0.4098664539066793,0.5521603572234915,0.030146479589218764,0.40865542122993115,0.549900846871954,-0.01466324342354894,0.40999274167541744,7.118752242627646
P03_long,180,247,0.6319999999999972,0.5539259618029648,0.02311310873857775,0.4098664539066793,0.5521881919339837,0.030015964052519543,0.4086547101870178,0.5499144256771035,-0.014801774667428118,0.4099716204000564,7.118234022758247
P03_long,180,247,0.633999999999997,0.5539855217506702,0.022991036261349046,0.4098664539066793,0.5522166903580639,0.02988643817903119,0.4086540613900662,0.5499286956286599,-0.014935784615695866,0.40996602518164355,7.11866083626999
P03_long,180,247,0.6359999999999968,0.5540450816983755,0.022868963784120337,0.4098664539066793,0.5522458071136002,0.02975758453244507,0.40865345744414683,0.5499434422581104,-0.015066884019866866,0.4099737781399938,7.119725054078181
P03_long,180,247,0.6379999999999966,0.5541118400934367,0.022755844768122455,0.4098664539066793,0.5522758512860858,0.029630178994093953,0.40865380497666315,0.5499595958936703,-0.015192506200973122,0.40998987534702785,7.115288184682403
P03_long,180,247,0.6399999999999963,0.5541803183920148,0.02264486497586219,0.4098664539066793,0.5523064174992052,0.029502911798566213,0.4086540182218564,0.5499756687069981,-0.015317898954954353,0.4100157281067517,7.109452213671128
P03_long,180,247,0.6419999999999961,0.5542487966905927,0.022533885183601925,0.4098664539066793,0.5523373762040313,0.029373837045332196,0.40865379728495044,0.5499913494328598,-0.015454485424398005,0.410011298940397,7.102004628781497
P03_long,180,247,0.6439999999999959,0.5543172749891707,0.02242290539134166,0.4098664539066793,0.5523689444664056,0.029243739963854733,0.40865323743701953,0.5500066621013062,-0.015601449597110507,0.40997593660855736,7.093643358072617
P03_long,180,247,0.6459999999999957,0.5543857532877488,0.0223119255990814,0.4098664539066793,0.5524017129562386,0.029115990773643723,0.4086536355990156,0.5500227498617525,-0.01573692579005989,0.4099546530306873,7.087433875300045
P03_long,180,247,0.6479999999999955,0.5544542315863268,0.02220094580682113,0.4098664539066793,0.5524355194973369,0.028990029453508093,0.40865490015312567,0.5500394242789247,-0.0158644529420329,0.40994567770767454,7.082856433667571
P03_long,180,247,0.6499999999999952,0.5545227098849048,0.02208996601456087,0.4098664539066793,0.5524702325435658,0.028865501779357428,0.4086568857865118,0.5500565442291095,-0.015986139171275462,0.40994710381403393,7.0795867207590275
P03_long,180,247,0.651999999999995,0.5545911881834829,0.021978986222300604,0.4098664539066793,0.5525057486348895,0.028741918432430846,0.408659256883274,0.550073427147084,-0.016103639263497355,0.4099566448771755,7.077168232397345
P03_long,180,247,0.6539999999999948,0.5546596664820609,0.02186800643004034,0.4098664539066793,0.5525416083915984,0.0286182606679386,0.40866109195527867,0.5500899072754752,-0.01622144115058914,0.40997652729716105,7.074751045149016
P03_long,180,247,0.6559999999999946,0.5547281447806389,0.021757026637780074,0.4098664539066793,0.5525779371278414,0.02849455752194499,0.4086624755408534,0.5501060810438564,-0.016339456368653717,0.4100049128210148,7.072320366416175
P03_long,180,247,0.6579999999999944,0.5547966230792168,0.02164604684551981,0.4098664539066793,0.5526147922296628,0.028370801191858412,0.40866347062812347,0.5501219510076466,-0.01645779378712465,0.4100402356738013,7.069844897497087
P03_long,180,247,0.6599999999999941,0.5548651013777949,0.021535067053259544,0.4098664539066793,0.5526521747584386,0.028245490069929397,0.40866386966982426,0.5501376560008513,-0.016581431269815698,0.4100653277057883,7.065891400616623
P03_long,180,247,0.6619999999999939,0.5549335796763729,0.02142408726099928,0.4098664539066793,0.5526900714870169,0.028119193123561877,0.40866373467445766,0.5501548420890561,-0.01670998033304578,0.41007957958734514,7.061003576449148
P03_long,180,247,0.6639999999999937,0.555002057974951,0.021313107468739018,0.4098664539066793,0.5527283543942128,0.027991893686274187,0.4086631200373988,0.5501716170533256,-0.01684867353880743,0.4100627084643098,7.055204696718546
P03_long,180,247,0.6659999999999935,0.555070536273529,0.021202127676478753,0.4098664539066793,0.5527671527654533,0.027863946965852367,0.4086621313010529,0.5501879821505378,-0.01699732725491847,0.4100145665206076,7.048787968831622
P03_long,180,247,0.6679999999999933,0.555139014572107,0.021091147884218488,0.4098664539066793,0.5528061794259822,0.027736073958032986,0.4086608529796715,0.5502009762738204,-0.017143329059575833,0.40996909914553553,7.0425252818470545
P03_long,180,247,0.669999999999993,0.555206553941219,0.020979977258270464,0.4098664539066793,0.5528463303006175,0.027610511376865682,0.4086604170512247,0.5502151997365583,-0.017277476817105675,0.40994028737647437,7.038084848274387
P03_long,180,247,0.6719999999999928,0.5552667076240858,0.020867305520903552,0.4098664539066793,0.552887360235364,0.02748670564383863,0.4086607229501872,0.5502302850288247,-0.01740327842831943,0.40992596613491306,7.0340423643684575
P03_long,180,247,0.6739999999999926,0.5553268613069527,0.020754633783536643,0.4098664539066793,0.5529290538992861,0.02736429224561472,0.4086616178134672,0.5502459123105691,-0.017522890971086655,0.4099238691021347,7.0311496463651775
P03_long,180,247,0.6759999999999924,0.5553870149898195,0.020641962046169728,0.4098664539066793,0.5529710460148178,0.027242156943331944,0.40866214657976807,0.5502612901918781,-0.017640781032535167,0.409933612900869,7.028476276455414
P03_long,180,247,0.6779999999999922,0.5554471686726863,0.020529290308802815,0.4098664539066793,0.5530133308549356,0.02712023341140595,0.4086623524567771,0.5502761901064217,-0.01775739077875651,0.4099531851054765,7.025958831708669
P03_long,180,247,0.6799999999999919,0.5555073223555531,0.02041661857143591,0.4098664539066793,0.5530562194578925,0.026999280170850612,0.4086630845028872,0.5502915557147875,-0.017869953692548905,0.40997755054522134,7.024196690535445
P03_long,180,247,0.6819999999999917,0.5555674760384199,0.020303946834068994,0.4098664539066793,0.5530996075240947,0.026879089013004818,0.40866422669929725,0.5503071748518618,-0.017979638824057516,0.4100056944104947,7.023024254352164
P03_long,180,247,0.6839999999999915,0.5556276297212868,0.020191275096702085,0.4098664539066793,0.5531430620103602,0.026757061830198298,0.40866457962133973,0.5503231647666073,-0.018094915803467372,0.41002480664106544,7.0201589825255075
P03_long,180,247,0.6859999999999913,0.5556877834041536,0.020078603359335173,0.4098664539066793,0.5531866625021138,0.026633888156390447,0.4086642593032927,0.550341221955172,-0.018215189116008657,0.4100339812446987,7.016221528509799
P03_long,180,247,0.6879999999999911,0.5557479370870204,0.01996593162196826,0.4098664539066793,0.5532304722582261,0.026509920330063934,0.40866338367450544,0.5503624825412575,-0.01834044648246357,0.4100328362070903,7.011520332702471
P03_long,180,247,0.6899999999999908,0.5558080907698871,0.01985325988460135,0.4098664539066793,0.5532741580157119,0.026385659831418797,0.4086619063697008,0.5503848969308477,-0.01846641748908722,0.4100289825317594,7.0066442943725
P03_long,180,247,0.6919999999999906,0.555868244452754,0.01974058814723444,0.4098664539066793,0.5533180147773992,0.026261170868511863,0.4086600116704897,0.5504075536407221,-0.018594161090322144,0.410021309148121,7.001547716189748
P03_long,180,247,0.6939999999999904,0.5559283981356208,0.019627916409867528,0.4098664539066793,0.5533621488584457,0.026136510427040772,0.4086578103731131,0.5504294147581675,-0.018724408026435175,0.4100086773850321,6.996244094725753
P03_long,180,247,0.6959999999999902,0.5559885518184875,0.019515244672500615,0.4098664539066793,0.553407020611676,0.026013124516669105,0.4086557929892945,0.5504503978444321,-0.018848795399526157,0.4100075456066619,6.991905737421856
P03_long,180,247,0.69799999999999,0.5560487055013543,0.019402572935133703,0.4098664539066793,0.5534523800232767,0.0258891030721104,0.4086537279371262,0.5504731416220632,-0.018974634037437498,0.41000131511500404,6.986843293363752
P03_long,180,247,0.6999999999999897,0.5561088591842211,0.01928990119776679,0.4098664539066793,0.5534980652388722,0.025764748023976262,0.4086515532708147,0.5504985532496196,-0.01910246014064986,0.4099887827682476,6.981395737812418
P03_long,180,247,0.7019999999999895,0.556169012867088,0.019177229460399882,0.4098664539066793,0.5535440182294007,0.025640206001990278,0.40864925079405,0.5505273817674425,-0.019233110843874537,0.40996909791603175,6.975719505902941
P03_long,180,247,0.7039999999999893,0.556221548650899,0.01905699388264727,0.4098664539066793,0.553590542432806,0.02551804316713181,0.4086479664425474,0.5505562753775135,-0.019354341376969893,0.40996023235772894,6.976198934676542
P03_long,180,247,0.7059999999999891,0.5562634963800659,0.01892624538594702,0.4098664539066793,0.5536374039920312,0.025397519088655545,0.40864743477624366,0.5505864787346102,-0.01946963247536228,0.4099613491314736,6.983820198563293
P03_long,180,247,0.7079999999999889,0.5563054441092328,0.018795496889246765,0.4098664539066793,0.5536844267787118,0.025278212117516265,0.40864748584665767,0.5506178035268829,-0.019580746541883305,0.4099709527407415,6.99251947281727
P03_long,180,247,0.7099999999999886,0.5563473918383997,0.01866474839254651,0.4098664539066793,0.5537307229117295,0.025157403319112863,0.4086469198585355,0.5506460758061764,-0.01969633425371152,0.4099756462050988,7.0001088753866725
P03_long,180,247,0.7119999999999884,0.5563893395675664,0.018533999895846257,0.4098664539066793,0.5537774060592018,0.025037878549971262,0.40864690345381255,0.5506742645938885,-0.01980705346207442,0.40998807105709034,7.008754111801962
P03_long,180,247,0.7139999999999882,0.5564312872967332,0.018403251399146,0.4098664539066793,0.5538242667405839,0.024919236208814068,0.40864736249552025,0.5507020627920896,-0.019914804496213072,0.4100071200929959,7.018163165673036
P03_long,180,247,0.715999999999988,0.5564732350259001,0.018272502902445746,0.4098664539066793,0.5538709392930375,0.02480033619336458,0.4086473644430454,0.5507285842767631,-0.020023600978525114,0.4100333219160143,7.027414215435343
P03_long,180,247,0.7179999999999878,0.556515182755067,0.01814175440574549,0.4098664539066793,0.5539174352878404,0.024681144308650402,0.40864697600524436,0.5507537340581589,-0.020133414618756004,0.41006544392992444,7.036470152405716
P03_long,180,247,0.7199999999999875,0.5565571304842338,0.018011005909045235,0.4098664539066793,0.5539635048197319,0.024559709848682568,0.40864591251184135,0.5507782881769988,-0.02025392882712248,0.4100668859286571,7.043608263992586
P03_long,180,247,0.7219999999999873,0.5565990782134006,0.01788025741234498,0.4098664539066793,0.5540095708882801,0.024437201486326,0.4086443758026983,0.5508040239778225,-0.020378084986172697,0.410061110280948,7.049756291969793
P03_long,180,247,0.7239999999999871,0.5566410259425675,0.017749508915644724,0.4098664539066793,0.5540555486859116,0.024313803859429762,0.40864243513855736,0.5508318056379987,-0.020506373527484092,0.4100476227726451,7.055115927728392
P03_long,180,247,0.7259999999999869,0.5566829736717342,0.01761876041894447,0.4098664539066793,0.5541012439567929,0.02418927817087391,0.4086401240149512,0.5508590036485171,-0.020644857841508123,0.41000305089684047,7.059534818203733
P03_long,180,247,0.7279999999999867,0.5567249214009011,0.017488011922244216,0.4098664539066793,0.5541470128734374,0.024065980863015604,0.4086378446300031,0.550886803905915,-0.020775131117291738,0.40997495689670177,7.065075212743557
P03_long,180,247,0.7299999999999864,0.556766869130068,0.01735726342554396,0.4098664539066793,0.5541930091145018,0.02394421324376236,0.4086364616787218,0.5509153740048164,-0.02089747735905937,0.4099604070926714,7.071963184820615
P03_long,180,247,0.7319999999999862,0.5568088168592349,0.017226514928843705,0.4098664539066793,0.5542391457654939,0.023823552526636534,0.4086358507656476,0.5509445451017297,-0.021014315622225613,0.40995758965068535,7.07983859962217
P03_long,180,247,0.733999999999986,0.5568507645884017,0.017095766432143448,0.4098664539066793,0.5542853576024909,0.02370370468379673,0.40863588233880555,0.5509741264353054,-0.021127226458247605,0.40996470417013414,7.088452647864872
P03_long,180,247,0.7359999999999858,0.5568927123175685,0.016965017935443194,0.4098664539066793,0.554331603278113,0.023584445623362323,0.40863643979952563,0.5510039419436603,-0.021237343878874736,0.40998010035261395,7.09761244557429
P03_long,180,247,0.7379999999999856,0.556907671554398,0.016822109740007817,0.4098664539066793,0.5543778572056054,0.023465597194418895,0.4086374223430812,0.5510338311278039,-0.021345520601346354,0.4100023095020688,7.108859697326601
P03_long,180,247,0.7399999999999853,0.5569123458859417,0.016674567667724842,0.4098664539066793,0.5544235323586926,0.023346015750597655,0.408637735730089,0.551062492174126,-0.021455523981488107,0.4100320158511224,7.120562638997411
P03_long,180,247,0.7419999999999851,0.5569170202174856,0.016527025595441867,0.4098664539066793,0.5544679696873671,0.023224172775779654,0.40863692185963085,0.5510915048900218,-0.02157091576714467,0.41005306211450737,7.130892570651999
P03_long,180,247,0.7439999999999849,0.5569216945490293,0.01637948352315889,0.4098664539066793,0.5545114367332381,0.023100578502489866,0.4086351971958475,0.5511197346424578,-0.02169046436267036,0.41006489544486185,7.140200309499064
P03_long,180,247,0.7459999999999847,0.556926368880573,0.016231941450875916,0.4098664539066793,0.5545545100383417,0.022975642996157657,0.40863296937572,0.5511462645160943,-0.021813015829740694,0.41006999586717024,7.148651963783546
P03_long,180,247,0.7479999999999845,0.5569310432121168,0.01608439937859294,0.40986645390667936,0.5545969216979184,0.022849535725396646,0.40863027960899134,0.5511720585281783,-0.02193930259147852,0.4100679335318879,7.156479094770594
P03_long,180,247,0.7499999999999842,0.5569357175436606,0.015936857306309966,0.4098664539066793,0.5546385876045845,0.022722385489535202,0.4086271952545142,0.5511981986023148,-0.022069880596443887,0.41005826482915475,7.163811742525309
P03_long,180,247,0.751999999999984,0.5569403918752043,0.01578931523402699,0.4098664539066793,0.5546794904696364,0.02259430026490117,0.40862378685666734,0.5512256997466224,-0.022205181654027316,0.41004052203102215,7.170738904472856
P03_long,180,247,0.7539999999999838,0.5569450662067481,0.01564177316174402,0.4098664539066793,0.5547192287693127,0.022465557535548575,0.4086199323614029,0.551252103959575,-0.022340647099322347,0.41002243656292037,7.177630909852383
P03_long,180,247,0.7559999999999836,0.5569497405382917,0.015494231089461043,0.4098664539066793,0.5547581226070772,0.022336181489354488,0.40861580537670944,0.5512768506269224,-0.022477438836720244,0.4100025159190775,7.184391027152049
P03_long,180,247,0.7579999999999834,0.5569544148698355,0.015346689017178068,0.4098664539066793,0.5547967698151675,0.02220769320472134,0.4086119648819767,0.5512998318430798,-0.022608441652581107,0.40999624517581196,7.192274372089819
P03_long,180,247,0.7599999999999831,0.5569590892013794,0.015199146944895093,0.4098664539066793,0.5548349329670498,0.022079632866459784,0.4086083598286815,0.5513206019765553,-0.022736119672289837,0.4100020924552263,7.200911485686463
P03_long,180,247,0.7619999999999829,0.556963763532923,0.015051604872612118,0.4098664539066793,0.5548725241631134,0.021950135368763713,0.4086047710702555,0.551341059472933,-0.02286644922714493,0.41000093603474475,7.208536960311378
P03_long,180,247,0.7639999999999827,0.5569684378644668,0.014904062800329144,0.4098664539066793,0.554909182619064,0.02181909629477828,0.4086012744566494,0.5513598957896547,-0.022997748103494847,0.40997244363602253,7.215138279691706
P03_long,180,247,0.7659999999999825,0.5569731121960105,0.014756520728046169,0.4098664539066793,0.554945785454185,0.02169024779423318,0.40859893886845833,0.5513784309930325,-0.02312019410010279,0.4099557825787098,7.224031059352877
P03_long,180,247,0.7679999999999823,0.5569777865275543,0.014608978655763194,0.4098664539066793,0.5549821603588776,0.021562931673365423,0.40859767597765034,0.5513963676049619,-0.023237131051622298,0.4099497679794426,7.234637957501828
P03_long,180,247,0.769999999999982,0.5569816416709824,0.014460929397044606,0.4098664539066793,0.5550180626440708,0.021436519970241028,0.40859717016116326,0.5514139955555922,-0.023351054816601113,0.40995384683077807,7.24668934340322
P03_long,180,247,0.7719999999999818,0.5569587412974826,0.014296314913556091,0.4098664539066793,0.5550534714004507,0.021310733855350688,0.4085972984000422,0.5514311903512659,-0.023463011993575936,0.4099664958753292,7.268571143735383
P03_long,180,247,0.7739999999999816,0.5569358409239825,0.014131700430067576,0.4098664539066793,0.5550877202993365,0.021184215665394406,0.4085968716783662,0.5514461579929247,-0.023577369985139384,0.4099891458966862,7.2906461296485245
P03_long,180,247,0.7759999999999814,0.5569129405504826,0.013967085946579057,0.4098664539066793,0.5551207801232291,0.02105691111198782,0.40859593916044046,0.5514588591706514,-0.023693905709289226,0.41002019601478495,7.312828445483787
P03_long,180,247,0.7779999999999812,0.5568900401769826,0.013802471463090542,0.4098664539066793,0.5551526613260709,0.020928751186425697,0.4085945726752963,0.5514692878451344,-0.023812634461823457,0.41005829784761205,7.335008382191065
P03_long,180,247,0.7799999999999809,0.5568671398034827,0.013637856979602027,0.4098664539066793,0.5551830743913759,0.02079765056425207,0.4085924636256,0.5514789640838049,-0.023942426483754876,0.4100660172746662,7.3551832395291274
P03_long,180,247,0.7819999999999807,0.5568442394299826,0.013473242496113511,0.4098664539066793,0.555212265916216,0.020664405831316277,0.40858977904976257,0.5514879287655423,-0.02408261352380518,0.4100428233120757,7.374019776431334
P03_long,180,247,0.7839999999999805,0.5568213390564827,0.013308628012624994,0.4098664539066793,0.5552406029140751,0.020529923565718457,0.40858672439381805,0.5514988092441232,-0.024226076817829036,0.41001627700365184,7.3922822062635785
P03_long,180,247,0.7859999999999803,0.5567984386829827,0.013144013529136477,0.4098664539066793,0.555267958441084,0.02039426047853205,0.4085833624143411,0.5515120210206823,-0.024373609846196586,0.409985359398053,7.410023657051454
P03_long,180,247,0.78799999999998,0.5567755383094828,0.012979399045647962,0.4098664539066793,0.5552947392291862,0.02026031483179208,0.40858100491296356,0.551526313465113,-0.024511063671446058,0.4099679711200131,7.429973122503876
P03_long,180,247,0.7899999999999798,0.5567526379359828,0.012814784562159447,0.4098664539066793,0.5553208467444763,0.020127458163114394,0.40857957359788816,0.5515413185696206,-0.024641999989084378,0.40996275055277076,7.451524757402272
P03_long,180,247,0.7919999999999796,0.5567297375624829,0.01265017007867093,0.4098664539066793,0.5553452359906859,0.019992470315028533,0.40857759484394707,0.5515544383366822,-0.02477663936616853,0.4099543710935876,7.471694410448367
P03_long,180,247,0.7939999999999794,0.5567068371889828,0.012485555595182414,0.4098664539066793,0.5553692929131513,0.019858619963154644,0.4085765130384667,0.5515667290764368,-0.024905012200245207,0.4099569526033953,7.493403957085957
P03_long,180,247,0.7959999999999792,0.5566839368154829,0.012320941111693897,0.4098664539066793,0.5553927771362536,0.01972545013203482,0.4085762100998354,0.5515777978978441,-0.02502951336810638,0.4099689645446206,7.516238896521162
P03_long,180,247,0.797999999999979,0.556661036441983,0.012156326628205382,0.4098664539066793,0.5554155666854161,0.019592660039699294,0.40857655600297593,0.5515874293459089,-0.025151540056600648,0.4099888218460326,7.539910445185889
P03_long,180,247,0.7999999999999787,0.556638136068483,0.011991712144716867,0.4098664539066793,0.5554371420878716,0.019458827866340195,0.408576393906852,0.5515934697978347,-0.025276163536758774,0.41001895724022985,7.563081629969294
P03_long,180,247,0.8019999999999785,0.5566152356949831,0.01182709766122835,0.4098664539066793,0.5554576448413623,0.01932400700849423,0.4085758090937911,0.5515962806277781,-0.025402978727034464,0.4100575225435707,7.585754171175664
P03_long,180,247,0.8039999999999783,0.5565866375466454,0.011656203497862722,0.4098664539066793,0.5554768108366194,0.01918609590354692,0.4085744671766328,0.5515982982447466,-0.025540789043593082,0.4100656501303929,7.611241355223716
P03_long,180,247,0.8059999999999781,0.556546746511242,0.011472863122128033,0.4098664539066793,0.5554948779490875,0.019045948733786705,0.4085725130013201,0.551599571793934,-0.02568885744507538,0.4100427527841358,7.645786627519807
P03_long,180,247,0.8079999999999778,0.5565068554758388,0.011289522746393344,0.4098664539066793,0.5555121048856118,0.01890446822674824,0.40857010127595683,0.5516023569310115,-0.025839727678849837,0.4100176305974749,7.679643442604249
P03_long,180,247,0.8099999999999776,0.5564669644404354,0.011106182370658656,0.4098664539066793,0.5555282782842532,0.018761666073925584,0.40856728290034816,0.551606984988536,-0.025994330383493996,0.4099891073697353,7.712818060267832
P03_long,180,247,0.8119999999999774,0.5564270734050321,0.010922841994923969,0.4098664539066793,0.5555433965648745,0.01861940377018756,0.4085644362374736,0.5516104100447794,-0.026142687424159584,0.40997796231745126,7.747125138932472
P03_long,180,247,0.8139999999999772,0.5563871823696287,0.010739501619189278,0.4098664539066793,0.5555579362402641,0.018478393657453008,0.4085626913800122,0.5516146617268465,-0.026283318099289004,0.40997829844617667,7.783193375663229
P03_long,180,247,0.815999999999977,0.5563472913342253,0.010556161243454591,0.4098664539066793,0.5555717113530585,0.018338113347374868,0.40856188956503237,0.551619105885804,-0.02641893501116327,0.40998873567651883,7.820505281303503
P03_long,180,247,0.8179999999999767,0.556307400298822,0.0103728208677199,0.4098664539066793,0.5555836047572172,0.01819526975965559,0.40856042879938315,0.5516232360964775,-0.026559393220891993,0.4099927340954518,7.85586320228355
P03_long,180,247,0.8199999999999765,0.5562675092634187,0.010189480491985214,0.4098664539066793,0.555594086436393,0.018050376925784394,0.40855838743716444,0.5516266598901041,-0.026702700296806253,0.40999023970619825,7.8896889068502585
P03_long,180,247,0.8219999999999763,0.5562276182280154,0.010006140116250525,0.4098664539066793,0.5556040024747866,0.017905573886114745,0.408556375860845,0.5516255615946282,-0.026843171982008127,0.41000115752601757,7.924011010349893
P03_long,180,247,0.8239999999999761,0.556187727192612,0.009822799740515836,0.4098664539066793,0.5556131333101333,0.01775881395152795,0.4085542883336536,0.5516235328944322,-0.026986794363704162,0.4100065735862618,7.9567882771359555
P03_long,180,247,0.8259999999999759,0.5561478361572088,0.00963945936478115,0.4098664539066793,0.5556212653712665,0.01761037908077562,0.4085519710577621,0.5516210376289525,-0.027132747553211958,0.41000629400223587,7.988293804776912
P03_long,180,247,0.8279999999999756,0.5561079451218054,0.009456118989046459,0.4098664539066793,0.555628377888229,0.01746049004760066,0.4085494218828013,0.5516191092673953,-0.02728167837566419,0.4099996374932115,8.018724385744916
P03_long,180,247,0.8299999999999754,0.556068054086402,0.009272778613311772,0.4098664539066793,0.5556345001667139,0.017311211418253248,0.4085469129517387,0.5516164539541997,-0.027427306656253946,0.410007372517936,8.050116207908816
P03_long,180,247,0.8319999999999752,0.5560281630509987,0.009089438237577083,0.4098664539066793,0.5556392335253334,0.017160518358434334,0.4085442485326162,0.5516144903743421,-0.027575449335588725,0.41000964617745084,8.080445562791157
P03_long,180,247,0.833999999999975,0.5559882720155953,0.008906097861842394,0.4098664539066793,0.5556428759745439,0.017008558423290108,0.40854140471588773,0.55161280910787,-0.027725384180290955,0.4100062601859106,8.109819083986373
P03_long,180,247,0.8359999999999748,0.5559483809801921,0.008722757486107718,0.4098664539066793,0.5556455518475494,0.016855409419801445,0.4085383627092264,0.551610889320249,-0.02787699647395605,0.4099969804934768,8.138288085229561
P03_long,180,247,0.8379999999999745,0.5559006930379562,0.00852794741383611,0.4098664539066793,0.5556479904667097,0.01670136013080771,0.4085355696483229,0.5516087475932345,-0.028029122892045323,0.40998559378028304,8.177318266489797
P03_long,180,247,0.8399999999999743,0.5558486380929147,0.008326713230306986,0.4098664539066793,0.5556496810690372,0.01654631449740645,0.40853279294471745,0.551606288994061,-0.028182313757774774,0.40997153289239524,8.222008810956922
P03_long,180,247,0.8419999999999741,0.5557965831478733,0.008125479046777864,0.4098664539066793,0.5556504404663909,0.016390243362065585,0.40852998126978546,0.5516044787316028,-0.028337908301391757,0.40995379624849027,8.266056307006634
P03_long,180,247,0.8439999999999739,0.5557445282028318,0.007924244863248742,0.4098664539066793,0.5556507681291855,0.01623659702615411,0.40852860722384365,0.5516025405800022,-0.02848468529786153,0.40994854084094023,8.312880934523703
P03_long,180,247,0.8459999999999737,0.5556924732577904,0.007723010679719618,0.4098664539066793,0.5556504715886389,0.016084518049197746,0.40852853341921513,0.5515998755443702,-0.028626405654910557,0.40995480556459557,8.361612860569936
P03_long,180,247,0.8479999999999734,0.5556404183127489,0.007521776496190495,0.40986645390667925,0.5556492998699157,0.015933193731657747,0.40852935892173825,0.5515970733817871,-0.028765816013964333,0.4099719871002433,8.411421924453276
P03_long,180,247,0.8499999999999732,0.5555883633677074,0.007320542312661373,0.4098664539066793,0.5556461483770394,0.01577909833248478,0.40852940132131726,0.5515941009477596,-0.028912580718834784,0.4099821299787691,8.458753397977407
P03_long,180,247,0.851999999999973,0.5555363084226661,0.00711930812913225,0.4098664539066793,0.5556415738247477,0.015622781692028617,0.40852875113618603,0.5515908431433322,-0.029064016750159127,0.4099852735995552,8.50412508373159
P03_long,180,247,0.8539999999999728,0.5554842534776245,0.006918073945603127,0.4098664539066793,0.5556364888251725,0.01546649642995485,0.4085280657756408,0.551582708263684,-0.029213972552964977,0.4100031013159702,8.549777925303855
P03_long,180,247,0.8559999999999726,0.5554321985325832,0.006716839762074003,0.4098664539066793,0.5556306146320104,0.015309789108334346,0.4085273278181082,0.551569498388757,-0.029364455181750196,0.4100341826253427,8.595239811425156
P03_long,180,247,0.8579999999999723,0.5553801435875417,0.006515605578544881,0.4098664539066793,0.5556237765405735,0.015150655330866142,0.40852621047160187,0.5515523880874591,-0.02952051508964333,0.4100596471665399,8.638486050279091
P03_long,180,247,0.8599999999999721,0.5553280886425003,0.006314371395015758,0.4098664539066793,0.5556159356111533,0.01498956964644782,0.4085247258725212,0.5515331663761124,-0.029681423638380847,0.4100784264875147,8.679972383539745
P03_long,180,247,0.8619999999999719,0.5552760336974588,0.006113137211486635,0.4098664539066793,0.5556068450066233,0.014826344001305572,0.40852283636398445,0.5515131221690509,-0.02985301537529756,0.41006653977623975,8.719484427672196
P03_long,180,247,0.8639999999999717,0.5552239787524174,0.005911903027957512,0.4098664539066793,0.5555967557888326,0.014661380093477436,0.4085206668290407,0.5514922705844394,-0.03003505932709488,0.41002380282949674,8.75741466638058
P03_long,180,247,0.8659999999999715,0.5551719238073759,0.0057106688444283895,0.4098664539066793,0.5555857704391183,0.014494926287356897,0.4085183009695965,0.5514706170544035,-0.03022745072144012,0.40995012582759277,8.794000674223842
P03_long,180,247,0.8679999999999712,0.5551198688623344,0.005509434660899266,0.4098664539066793,0.5555749537662766,0.014331166364083336,0.40851751406601455,0.5514507508802236,-0.030404330466181434,0.4099005890292047,8.833462090978768
P03_long,180,247,0.869999999999971,0.555067813917293,0.005308200477370143,0.4098664539066793,0.5555638826089777,0.014169239270264544,0.4085181381142634,0.5514308780188062,-0.030570763579410524,0.40987243961832703,8.87491366921669
P03_long,180,247,0.8719999999999708,0.5550120330429088,0.005101580244054628,0.4098664539066793,0.5555521966667173,0.01400834633442969,0.4085197343821347,0.5514102396574426,-0.03073030842656082,0.4098632155945142,8.923130556544658
P03_long,180,247,0.8739999999999706,0.5549560420895299,0.004894656329208601,0.4098664539066793,0.5555398332880697,0.013848069160120467,0.40852214462326997,0.551388597025925,-0.03088504733428906,0.40987044113474475,8.972425172952391
P03_long,180,247,0.8759999999999704,0.5549000511361508,0.0046877324143625755,0.4098664539066793,0.5555267523819813,0.013688068253557374,0.4085252305726863,0.5513657201576162,-0.031036575109224116,0.40989176571123503,9.022128333703742
P03_long,180,247,0.8779999999999701,0.5548440601827718,0.00448080849951655,0.4098664539066793,0.5555123553501654,0.013526571675239941,0.4085276086466933,0.5513389658333412,-0.031190933878418727,0.4099294135567002,9.070416190122428
P03_long,180,247,0.8799999999999699,0.5547880692293928,0.004273884584670524,0.4098664539066793,0.5554968523802283,0.013363628178018748,0.40852938795668603,0.5513088356860526,-0.031347739084412095,0.4099803299495959,9.117335803167684
P03_long,180,247,0.8819999999999697,0.5547320782760139,0.004066960669824498,0.4098664539066793,0.5554803608194225,0.013199232735030906,0.40853065398040805,0.5512756371183063,-0.03150697082265166,0.4100419120205797,9.162877268506843
P03_long,180,247,0.8839999999999695,0.5546760873226348,0.0038600367549784715,0.4098664539066793,0.5554629514359967,0.013033384198187573,0.40853147517252386,0.5512395865642333,-0.03166865047474501,0.41011195683433355,9.207033096862835
P03_long,180,247,0.8859999999999693,0.5546200963692558,0.003653112840132446,0.4098664539066793,0.5554443288077456,0.012864018068799193,0.40853152140346893,0.5512026401763825,-0.031841521164410705,0.4101517350214779,9.247709675597484
P03_long,180,247,0.887999999999969,0.5545641054158768,0.00344618892528642,0.4098664539066793,0.5554247627384998,0.012692051418620409,0.40853095829906994,0.551164852559034,-0.032024847530824664,0.41016067317413396,9.285833526002119
P03_long,180,247,0.8899999999999688,0.5545081144624978,0.003239265010440394,0.4098664539066793,0.5554043733475754,0.01251798235313687,0.4085299206769434,0.5511262353778908,-0.032218432310990315,0.4101386219293388,9.321902998569387
P03_long,180,247,0.8919999999999686,0.5544521235091188,0.0030323410955943684,0.4098664539066793,0.5553832204551156,0.01234214343799838,0.4085285146043518,0.5510867905820064,-0.03242219950190035,0.4100855225533106,9.356247173812575
P03_long,180,247,0.8939999999999684,0.5543961325557398,0.0028254171807483423,0.4098664539066793,0.5553615387068211,0.012164537908474486,0.4085271300041688,0.5510464390367467,-0.032625047131970855,0.4100038026124053,9.388886249368971
P03_long,180,247,0.8959999999999682,0.5543401416023608,0.002618493265902316,0.4098664539066793,0.5553395300390973,0.011986195464198164,0.40852573876889264,0.5510140998909401,-0.032826159985068326,0.4099300556222539,9.420860986313274
P03_long,180,247,0.8979999999999679,0.5542841506489817,0.0024115693510562905,0.4098664539066793,0.5553165443624011,0.011806016099428076,0.40852429537847645,0.5509878336130499,-0.03299027648426536,0.4098724427963422,9.451003464579884
P03_long,180,247,0.8999999999999677,0.5542281596956028,0.002204645436210265,0.4098664539066793,0.5552927983301026,0.011624427257530587,0.4085228259706218,0.5509665263359395,-0.033122945432433694,0.40982743520600345,9.479754479064656
P03_long,180,247,0.9019999999999675,0.5541721687422239,0.0019977215213642383,0.4098664539066793,0.5552694720563305,0.011446868668645499,0.4085229251057262,0.5509450748851135,-0.03325201552663534,0.4098027651448913,9.512647180155637
P03_long,180,247,0.9039999999999673,0.5541189658505972,0.0017896446510169515,0.4098664539066793,0.5552461022194585,0.011272173022071712,0.40852450514193595,0.5509215958162438,-0.0333813263460033,0.4097970514665287,9.549281685125237
P03_long,180,247,0.905999999999967,0.5540740269743444,0.0015781503377168223,0.4098664539066793,0.5552223454733046,0.011099247115392771,0.4085271527497507,0.5508963382853771,-0.033513447022421636,0.4098091678370983,9.590094849631345
P03_long,180,247,0.9079999999999668,0.5540290880980915,0.0013666560244166928,0.4098664539066793,0.5551982597667805,0.010927511728280315,0.4085307611040425,0.5508693297917102,-0.03364916658531361,0.4098370111411596,9.63207787452773
P03_long,180,247,0.9099999999999666,0.5539841492218387,0.0011551617111165635,0.4098664539066793,0.5551738635800532,0.01075650199347939,0.40853519001326494,0.5508405596632382,-0.03378887137641568,0.40987831765516985,9.674769013876496
P03_long,180,247,0.9119999999999664,0.5539392103455858,0.0009436673978164341,0.4098664539066793,0.5551491571622477,0.01058583862458709,0.40854029828859323,0.5508099869332025,-0.03393272632081131,0.4099308579043449,9.717789731493172
P03_long,180,247,0.9139999999999662,0.553894271469333,0.0007321730845163047,0.4098664539066793,0.5551234592675656,0.010413469060124188,0.4085444910300337,0.550774693078698,-0.03408606071381815,0.40999760290399817,9.759016057505244
P03_long,180,247,0.915999999999966,0.5538493325930802,0.0005206787712161755,0.4098664539066793,0.5550970161494436,0.01023947435004726,0.40854789844374745,0.5507353877741752,-0.034247181912229786,0.4100755385125639,9.798556105872246
P03_long,180,247,0.9179999999999657,0.5538043937168273,0.0003091844579160462,0.4098664539066793,0.5550699614219506,0.010063882249217754,0.40855062543214204,0.55069253909257,-0.03441500707944727,0.41016227650917025,9.836452135596325
P03_long,180,247,0.9199999999999655,0.5537594548405744,9.769014461591678e-05,0.4098664539066793,0.5550419656999995,0.009884395515118688,0.408552298311293,0.5506486838820094,-0.03459457974457474,0.4102191785332692,9.870381761288218
P03_long,180,247,0.9219999999999653,0.5537145159643218,-0.00011380416868421255,0.4098664539066793,0.5550133568700149,0.009702081796586867,0.4085531375195459,0.5506038982202542,-0.034784963047844876,0.4102455116213064,9.901444590639663
P03_long,180,247,0.9239999999999651,0.5536695770880689,-0.000325298481984342,0.4098664539066793,0.5549842761134248,0.009517523197493927,0.40855331874071055,0.5505582031386291,-0.034985865026079414,0.4102410509659972,9.930235251054194
P03_long,180,247,0.9259999999999649,0.5536246382118161,-0.0005367927952844713,0.4098664539066793,0.5549547893067703,0.009331108863487099,0.40855297915816413,0.5505116063024673,-0.03519715006270185,0.4102056900106006,9.957147437022048
P03_long,180,247,0.9279999999999646,0.5535796993355632,-0.0007482871085846006,0.4098664539066793,0.5549249308133973,0.009143129643315314,0.4085522279017255,0.5504641134248094,-0.035418705989745225,0.41013933421924115,9.982473295166992
P03_long,180,247,0.9299999999999644,0.5535347604593104,-0.0009597814218847299,0.4098664539066793,0.554894721369536,0.008953814012396182,0.4085511535297785,0.5504157313103304,-0.035650409069454034,0.410041873269635,10.006441331059559
P03_long,180,247,0.9319999999999642,0.5534898215830575,-0.0011712757351848594,0.4098664539066793,0.5548644854752169,0.00876401177818853,0.40854987593652425,0.5503743193796871,-0.03588155699906984,0.4099562794401777,10.029937127908637
P03_long,180,247,0.933999999999964,0.5534448827068047,-0.0013827700484849886,0.4098664539066793,0.5548341390528692,0.008575833592190035,0.40854883032709055,0.550330687889658,-0.036098515185981235,0.4099046067102951,10.055039515941557
P03_long,180,247,0.9359999999999637,0.5533999438305518,-0.0015942643617851179,0.4098664539066793,0.5548043455815146,0.008389745191520213,0.4085493418203684,0.550286320659172,-0.036301954145351874,0.4098799675577478,10.082300880186002
P03_long,180,247,0.9379999999999635,0.5533644131854544,-0.001797756179238898,0.4098664539066793,0.5547746981579948,0.008205109397583368,0.4085511251983528,0.5502402897266738,-0.036495723543410644,0.40987835307457693,10.101793081020286
P03_long,180,247,0.9399999999999633,0.5533363377993409,-0.001994906668756677,0.4098664539066793,0.5547450905033021,0.008021492885743043,0.408553970934889,0.5501922098298657,-0.036682432348157955,0.4098959135790088,10.114981177258823
P03_long,180,247,0.9419999999999631,0.5533082624132276,-0.002192057158274456,0.40986645390667936,0.5547148104220813,0.007837167271858944,0.40855634086100834,0.5501413489788038,-0.03686866338413189,0.40993323014087846,10.127374781807712
P03_long,180,247,0.9439999999999629,0.5532801870271141,-0.0023892076477922347,0.4098664539066793,0.5546842086794287,0.007652135167243567,0.40855833521535645,0.5500883973567808,-0.037054574969601656,0.40998645023851416,10.139025709072802
P03_long,180,247,0.9459999999999626,0.5532521116410007,-0.0025863581373100136,0.4098664539066793,0.5546534471879946,0.007466362971501488,0.4085600058095535,0.5500336543219319,-0.03724053224132626,0.4100523109825033,10.149923300538427
P03_long,180,247,0.9479999999999624,0.5532240362548874,-0.0027835086268277924,0.4098664539066793,0.5546222738598577,0.007277652999269697,0.4085610058328713,0.5499779037358459,-0.03743744559780007,0.41008772848198927,10.157856155036356
P03_long,180,247,0.9499999999999622,0.5531959608687739,-0.0029806591163455704,0.4098664539066793,0.5545909445210593,0.007086942729001785,0.4085614669928792,0.5499212133166019,-0.03764451258228224,0.4100920739920342,10.1637879900451
P03_long,180,247,0.951999999999962,0.5531678854826605,-0.0031778096058633497,0.4098664539066793,0.5545595653996749,0.006894727643084388,0.40856149841533185,0.5498635977105286,-0.03786151064909949,0.41006517726726094,10.168224015178897
P03_long,180,247,0.9539999999999618,0.553139810096547,-0.003374960095381128,0.4098664539066793,0.5545281817027132,0.006701330925140917,0.40856118586251444,0.5498050591984279,-0.03808835190645039,0.4100069699661358,10.171490374918603
P03_long,180,247,0.9559999999999615,0.5531117347104336,-0.0035721105848989074,0.4098664539066793,0.5544968724916496,0.006506475351771915,0.40856087195018825,0.5497493302492413,-0.0383055588084326,0.409923107491459,10.173323014424085
P03_long,180,247,0.9579999999999613,0.5530836593243202,-0.0037692610744166862,0.4098664539066793,0.5544656263126457,0.006310555905233356,0.40856052485314753,0.5497035515123346,-0.038483498274705326,0.40985789716346277,10.17411141574844
P03_long,180,247,0.9599999999999611,0.5530555839382069,-0.003966411563934465,0.4098664539066793,0.5544344349890123,0.006113817001331734,0.40856013744507513,0.5496662102406875,-0.038627978871122494,0.40980730628199225,10.174096429084798
P03_long,180,247,0.9619999999999609,0.5530275085520935,-0.004163562053452232,0.4098664539066793,0.554404451399902,0.005921754592168309,0.40856135055801157,0.549630819524822,-0.03876832087624767,0.40977995924292865,10.178879282541955
P03_long,180,247,0.9639999999999607,0.5529994331659801,-0.004360712542970012,0.4098664539066793,0.5543751735841299,0.00573313174176171,0.4085640660461304,0.5495951032921812,-0.03890855221427528,0.40977416979102516,10.18716614876494
P03_long,180,247,0.9659999999999604,0.5529713577798666,-0.004557863032487791,0.4098664539066793,0.5543463407015754,0.0055471104825395405,0.40856809543158246,0.5495578973699147,-0.03905049297454856,0.4097876694409182,10.198091378998065
P03_long,180,247,0.9679999999999602,0.5529432823937532,-0.004755013522005569,0.4098664539066793,0.5543177979404684,0.0053630589914182535,0.40857323449940264,0.5495186003429515,-0.039195043831247785,0.4098179269470031,10.211007999951056
P03_long,180,247,0.96999999999996,0.5529152070076397,-0.004952164011523348,0.4098664539066793,0.5542893420818171,0.005179936117818803,0.40857895352534884,0.5494746638623155,-0.039343697155112295,0.4098629771796451,10.224856978613428
P03_long,180,247,0.9719999999999598,0.5528950844939075,-0.00513790890918027,0.4098664539066793,0.554260175250675,0.004995891322596632,0.4085836884599213,0.549426102333002,-0.03950144843010884,0.4099250748181659,10.225330308199029
P03_long,180,247,0.9739999999999596,0.5528762186731284,-0.0053218515238084504,0.4098664539066793,0.5542306864431625,0.004810963039908016,0.40858763100383916,0.5493738315067009,-0.03966677898483247,0.4100007726242728,10.222940571221459
P03_long,180,247,0.9759999999999593,0.5528573528523494,-0.00550579413843663,0.40986645390667925,0.5542010858015068,0.004625151047441791,0.4085909038697303,0.5493184449900622,-0.03983865650862835,0.4100871071464941,10.219670669739047
P03_long,180,247,0.9779999999999591,0.5528384870315705,-0.005689736753064811,0.4098664539066793,0.554171391467602,0.004436645225658165,0.40859328196387523,0.5492604225912232,-0.04002009800067346,0.4101625346408416,10.21372832097065
P03_long,180,247,0.9799999999999589,0.5528196212107914,-0.00587367936769299,0.4098664539066793,0.5541414088770125,0.004245739453582007,0.40859475754261176,0.5492013164283324,-0.04021241208467322,0.41020743714960073,10.205378969687931
P03_long,180,247,0.9819999999999587,0.5528007553900125,-0.006057621982321171,0.4098664539066793,0.5541114112452804,0.004053145896323308,0.4085955294248895,0.5491411656031685,-0.0404151361243849,0.410221458132703,10.195363939888416
P03_long,180,247,0.9839999999999585,0.5527818895692336,-0.006241564596949351,0.4098664539066793,0.5540815058226006,0.003859304891989195,0.4085957439266795,0.5490799816843028,-0.040628086168377334,0.4102044571876936,10.184133092148071
P03_long,180,247,0.9859999999999582,0.5527630237484545,-0.006425507211577531,0.4098664539066793,0.5540517370157733,0.0036645303670559855,0.408595513088275,0.5490177705627308,-0.04085113649698809,0.4101563339318878,10.172002763644915
P03_long,180,247,0.987999999999958,0.5527441579276755,-0.006609449826205711,0.4098664539066793,0.5540221241044383,0.003469061619565176,0.40859492602071923,0.5489545383850414,-0.041084160506079236,0.4100769808539269,10.159212100920252
P03_long,180,247,0.9899999999999578,0.5527252921068966,-0.0067933924408338925,0.4098664539066793,0.553992675795211,0.0032730860970566038,0.4085940554169325,0.5488902930785988,-0.04132701591426069,0.40996627178004325,10.145947544079634
P03_long,180,247,0.9919999999999576,0.5527064262861175,-0.006977335055462072,0.4098664539066793,0.5539637704130225,0.0030796421943215836,0.40859337647351907,0.5488256673738154,-0.04155217346954378,0.40989297499263766,10.135270379034214
P03_long,180,247,0.9939999999999574,0.5526875604653385,-0.007161277670090252,0.4098664539066793,0.5539358337695768,0.002889302433878964,0.4085941955742317,0.5487656968877574,-0.04176100165368766,0.4098499730933938,10.127800682693936
P03_long,180,247,0.9959999999999571,0.5526686946445596,-0.007345220284718432,0.4098664539066793,0.5539085613691883,0.0027013470859209507,0.4085962947390586,0.5487083304658165,-0.04195788475074961,0.40983317223393095,10.122785457947703
P03_long,180,247,0.9979999999999569,0.5526498288237807,-0.007529162899346613,0.4098664539066793,0.5538817723477348,0.002515247383929751,0.40859945492616734,0.5486522457257644,-0.04214584819326642,0.40983861047040326,10.119677009914922
P03_long,180,247,0.9999999999999567,0.5526309630030016,-0.007713105513974793,0.4098664539066793,0.553854697148489,0.0023289389324564133,0.40860207661709136,0.5485926627165543,-0.0423321273038486,0.4098666399355325,10.116332434382114
P03_long,180,247,1.0019999999999565,0.5526120971822226,-0.007897048128602972,0.4098664539066793,0.5538275036041201,0.002142368104014275,0.4086042221764515,0.5485299719576414,-0.04251706559081389,0.4099128320796623,10.112719271399186
P03_long,180,247,1.0039999999999563,0.5525954481194982,-0.008081622550872495,0.4098664539066793,0.5538002754493028,0.001955443634876715,0.4086059387204314,0.5484644162359815,-0.04270123184598956,0.4099733654991583,10.109119967225343
P03_long,180,247,1.005999999999956,0.5525896849222198,-0.00826929959995218,0.4098664539066793,0.5537737967881465,0.0017695164184095072,0.40860863674607584,0.5483986825711806,-0.042880684164695836,0.41004106295184134,10.108409764228183
P03_long,180,247,1.0079999999999558,0.5525839217249413,-0.008456976649031868,0.4098664539066793,0.5537473983564982,0.0015811893973480574,0.4086109729840065,0.5483366350494332,-0.043065124727908556,0.4100974731041204,10.105367655205516
P03_long,180,247,1.0099999999999556,0.552578158527663,-0.008644653698111553,0.4098664539066793,0.5537206705096573,0.0013907416877526856,0.4086123886473986,0.548273509185204,-0.04325928819682997,0.41012246496730964,10.100222481689494
P03_long,180,247,1.0119999999999554,0.5525723953303845,-0.008832330747191237,0.4098664539066793,0.5536940299053223,0.0011988380456405025,0.40861312014496154,0.5482093255394189,-0.04346291570082502,0.41011583790184825,10.093681759892046
P03_long,180,247,1.0139999999999552,0.5525666321331062,-0.009020007796270924,0.4098664539066793,0.5536676381880311,0.0010058681005632245,0.40861332225206903,0.5481440778312942,-0.04367599064481635,0.4100775804166336,10.086149008997502
P03_long,180,247,1.015999999999955,0.5525608689358277,-0.00920768484535061,0.4098664539066793,0.5536416096998515,0.000811600951653467,0.40861336900558326,0.5480788301231694,-0.04388906558880768,0.410000082931419,10.077404848524768
P03_long,180,247,1.0179999999999547,0.5525551057385493,-0.009395361894430295,0.4098664539066793,0.5536159535070154,0.0006164368458906888,0.4086132615917524,0.5480355829192964,-0.04408665324435698,0.4099208332388982,10.067845449973518
P03_long,180,247,1.0199999999999545,0.5525493425412709,-0.00958303894350998,0.4098664539066793,0.553590668075645,0.0004206242620512328,0.4086130160675346,0.5480002885955659,-0.0442474546663671,0.4098586121523666,10.057715267337754
P03_long,180,247,1.0219999999999543,0.5525435793439925,-0.009770715992589666,0.4098664539066793,0.5535657479671384,0.00022434326719761657,0.40861265032354516,0.5479714685910095,-0.04437725505217423,0.40980982642098723,10.047190567556864
P03_long,180,247,1.023999999999954,0.552537816146714,-0.009958393041669351,0.4098664539066793,0.5535423266370701,3.316088131300604e-05,0.4086137711074036,0.5479438514604511,-0.044505389889664175,0.40978278853454125,10.04192168467269
P03_long,180,247,1.0259999999999538,0.5525320529494357,-0.010146070090749037,0.4098664539066793,0.5535199526806693,-0.00015422688768594942,0.40861634305771044,0.5479154177499155,-0.04463565027647074,0.4097761169399275,10.040561561664237
P03_long,180,247,1.0279999999999536,0.5525262897521572,-0.010333747139828722,0.4098664539066793,0.5534983709344419,-0.00033869236732202157,0.40862021135464244,0.5478851721507001,-0.044769551720466046,0.40978768600838156,10.042213985489498
P03_long,180,247,1.0299999999999534,0.5525205265548788,-0.01052142418890841,0.4098664539066793,0.553477424985646,-0.0005208910370029692,0.4086251954482181,0.5478526215685212,-0.044907705000730457,0.4098151204744655,10.046209132262998
P03_long,180,247,1.0319999999999532,0.5525147633576004,-0.010709101237988093,0.4098664539066793,0.5534568355620911,-0.0007016816701848096,0.4086308237199233,0.5478185033728946,-0.04505123103229156,0.4098568149470831,10.051663864481645
P03_long,180,247,1.033999999999953,0.5525090001603221,-0.010896778287067779,0.4098664539066793,0.5534366135529786,-0.0008814496717626866,0.4086369797789096,0.5477827260599519,-0.04519989256799278,0.409910385367288,10.058194364734888
P03_long,180,247,1.0359999999999527,0.5525032369630436,-0.011084455336147466,0.4098664539066793,0.553416746866902,-0.0010605187258099676,0.4086435537579338,0.5477451492268745,-0.045353408854618735,0.4099736245820518,10.06547592081526
P03_long,180,247,1.0379999999999525,0.5525008545289586,-0.01126785090258884,0.4098664539066793,0.5533964616909866,-0.001241074691702683,0.40864884788463474,0.5477023086711132,-0.04551694410595188,0.41004976313555147,10.06669525573653
P03_long,180,247,1.0399999999999523,0.55250221136954,-0.011446510958540539,0.4098664539066793,0.5533753717240129,-0.001424622695484816,0.4086525464362935,0.5476685819960085,-0.04569278744986137,0.41011034806266894,10.059853545742959
P03_long,180,247,1.041999999999952,0.5525035682101215,-0.011625171014492237,0.4098664539066793,0.5533543041913664,-0.0016112453063705824,0.4086550025662108,0.5476335898739063,-0.04587926483089047,0.41014020965252584,10.049997999878638
P03_long,180,247,1.0439999999999519,0.5525049250507029,-0.011803831070443936,0.4098664539066793,0.553333821854713,-0.0017993384967998072,0.40865661953155846,0.5475965322194356,-0.04606984644557108,0.4101666818594569,10.038771915319058
P03_long,180,247,1.0459999999999516,0.5525062818912844,-0.011982491126395633,0.4098664539066793,0.5533133637091991,-0.001989236044609908,0.4086573559088138,0.5475582473823901,-0.04627057756244358,0.4101620578030031,10.025793145205265
P03_long,180,247,1.0479999999999514,0.5525076387318659,-0.012161151182347334,0.40986645390667936,0.5532934655084628,-0.0021798692950690153,0.4086575001850238,0.5475211489539489,-0.04647359750753254,0.4101572684188785,10.012168188565695
P03_long,180,247,1.0499999999999512,0.5525089955724473,-0.01233981123829903,0.40986645390667925,0.5532739536130261,-0.0023711406438602853,0.40865712681074307,0.5474858829766169,-0.04667984124978548,0.4101505323505236,9.997977506689738
P03_long,180,247,1.051999999999951,0.5525103524130288,-0.012518471294250731,0.4098664539066793,0.5532545110122061,-0.0025633816953738696,0.40865624702001807,0.547449382499885,-0.04689619320355377,0.4101126589073957,9.982864365621513
P03_long,180,247,1.0539999999999508,0.5525117092536103,-0.01269713135020243,0.4098664539066793,0.5532357103483265,-0.0027535494063808397,0.40865541131009,0.547411989216664,-0.04710352774899777,0.4101003801914933,9.969904686537635
P03_long,180,247,1.0559999999999505,0.5525130660941917,-0.012875791406154127,0.4098664539066793,0.5532167219187379,-0.002944251617173748,0.4086540613550459,0.5473812445934757,-0.04731104286992687,0.4100885742969725,9.956435813056713
P03_long,180,247,1.0579999999999503,0.5525144229347733,-0.013054451462105827,0.4098664539066793,0.5531986162230285,-0.003133415658155822,0.408652939947235,0.5473477455568753,-0.04751224672998249,0.4100988740965398,9.944600136704913
P03_long,180,247,1.05999999999995,0.5525157797753547,-0.013233111518057526,0.4098664539066793,0.5531803868714856,-0.003323406144127291,0.4086514031634827,0.5473205040876934,-0.04771538226644236,0.4101045731962198,9.931966733247215
P03_long,180,247,1.0619999999999499,0.5525171366159362,-0.013411771574009223,0.4098664539066793,0.5531629211540932,-0.003513978268622417,0.40864980286070196,0.5472924313196948,-0.04792037988761965,0.4101090406331459,9.918838136892978
P03_long,180,247,1.0639999999999497,0.5525184934565177,-0.013590431629960922,0.4098664539066793,0.5531458984712221,-0.003704929064876475,0.40864807107521817,0.5472644878196942,-0.04812801609913537,0.4101104032700579,9.90539237066192
P03_long,180,247,1.0659999999999494,0.5525198502970992,-0.013769091685912623,0.4098664539066793,0.553128947635363,-0.00389659324079265,0.4086461263053599,0.5472352705482723,-0.0483458850317973,0.41008075012380824,9.891270146769646
P03_long,180,247,1.0679999999999492,0.5525212071376806,-0.01394775174186432,0.4098664539066793,0.5531122328185506,-0.004088687210635895,0.4086440341110864,0.5472048095425233,-0.048573714836459156,0.41001986326161466,9.876763882283216
P03_long,180,247,1.069999999999949,0.552522563978262,-0.014126411797816018,0.4098664539066793,0.5530961895918282,-0.00427849532142174,0.408642216902536,0.5471724888150373,-0.04878793200465027,0.40998770282192837,9.864608723643173
P03_long,180,247,1.0719999999999488,0.5525315310482443,-0.014308058322867419,0.40986645390667925,0.5530806453293878,-0.004466799106852,0.4086406598979009,0.5471379419438194,-0.0489931535481852,0.4099808846955575,9.856566818652642
P03_long,180,247,1.0739999999999486,0.5525426388021095,-0.014490544912775254,0.4098664539066793,0.5530662276862233,-0.00465249262519235,0.4086406984123675,0.5471040093846117,-0.04918696960487797,0.40999102095921386,9.85197534166538
P03_long,180,247,1.0759999999999483,0.5525537465559748,-0.014673031502683087,0.4098664539066793,0.5530514360435614,-0.004839532368118859,0.40864030844740357,0.5470752479679627,-0.049382519639656765,0.4099958641286008,9.846085519409716
P03_long,180,247,1.077999999999948,0.55256485430984,-0.014855518092590921,0.4098664539066793,0.5530374497668883,-0.005025671132338254,0.40864001316667764,0.5470423697301982,-0.049572663615739226,0.4100188345777195,9.841201030769122
P03_long,180,247,1.079999999999948,0.5525759620637053,-0.015038004682498756,0.4098664539066793,0.5530239373955298,-0.0052130990586577546,0.40863945348908065,0.5470088393372002,-0.049766122913853926,0.4100383243300903,9.835113238560389
P03_long,180,247,1.0819999999999477,0.5525870698175706,-0.01522049127240659,0.4098664539066793,0.5530106883075194,-0.005401974080015661,0.4086387593900721,0.5469717876070312,-0.04995945423621125,0.4100283490427658,9.827651422506946
P03_long,180,247,1.0839999999999475,0.5525981775714357,-0.015402977862314423,0.4098664539066793,0.5529977670420863,-0.005591791245604643,0.4086378888462191,0.5469326689452136,-0.05015347461992973,0.40998854107636584,9.819320474093912
P03_long,180,247,1.0859999999999472,0.5526092853253011,-0.015585464452222256,0.4098664539066793,0.5529862198529704,-0.005778500559631566,0.4086382489005905,0.5468947627604984,-0.05033587998946294,0.4099697244494789,9.814205032947235
P03_long,180,247,1.087999999999947,0.5526203930791662,-0.01576795104213009,0.4098664539066793,0.5529749894183422,-0.005964075162746232,0.40863851979631816,0.5468539455012715,-0.050514645842725005,0.4099722206719217,9.810286480124912
P03_long,180,247,1.0899999999999468,0.5526315008330315,-0.015950437632037923,0.4098664539066793,0.5529641251684542,-0.006148918781286969,0.40863871848247013,0.5468103843846326,-0.05069138059432577,0.409993106701311,9.807161196296393
P03_long,180,247,1.0919999999999466,0.5526426085868967,-0.016132924221945757,0.4098664539066793,0.5529536346484837,-0.00633332508220141,0.4086388363896624,0.5467641781416032,-0.050867121090461875,0.41002948140647094,9.80453367124946
P03_long,180,247,1.0939999999999463,0.552653716340762,-0.01631541081185359,0.4098664539066793,0.5529431339919653,-0.006519796626362907,0.40863846898868583,0.546716485376641,-0.05105400321197368,0.4100356078616146,9.799888767114364
P03_long,180,247,1.0959999999999461,0.5526648240946272,-0.016497897401761424,0.4098664539066793,0.5529329303995459,-0.00670771425791155,0.4086378739950354,0.546666270302331,-0.05124190586043804,0.41001235311031636,9.793853530702782
P03_long,180,247,1.097999999999946,0.5526759318484925,-0.016680383991669257,0.4098664539066793,0.5529232861798398,-0.006896089528692948,0.40863706724534044,0.5466229382772236,-0.051429997318845386,0.40998946913557044,9.78742061543618
P03_long,180,247,1.0999999999999457,0.5526870396023578,-0.01686287058157709,0.4098664539066793,0.5529141347947151,-0.007082694588764881,0.40863630484283237,0.5465786159735783,-0.0516115508651733,0.40998719896315716,9.782812206966465
P03_long,180,247,1.1019999999999455,0.552698147356223,-0.017045357171484924,0.4098664539066793,0.5529060571427195,-0.007266701058995909,0.40863691872992614,0.546536751157628,-0.05178511614328564,0.409999580988983,9.780866109176618
P03_long,180,247,1.1039999999999452,0.55271031399181,-0.017228950596332695,0.4098664539066793,0.5528975571908383,-0.007451899694281526,0.40863699740410875,0.5465014949241589,-0.051962908180449865,0.41000545414685796,9.77884371267288
P03_long,180,247,1.105999999999945,0.5527337196351443,-0.017424292006069275,0.4098664539066793,0.5528897446574507,-0.007636252932932276,0.40863705960406593,0.5464626111061799,-0.052137876170825284,0.4100279790298747,9.789282542905905
P03_long,180,247,1.1079999999999448,0.5527571252784786,-0.017619633415805854,0.40986645390667925,0.5528824082324787,-0.007822085246452969,0.40863679853839996,0.5464245675197715,-0.052317499190134543,0.4100471944535506,9.798349144083051
P03_long,180,247,1.1099999999999446,0.552780530921813,-0.017814974825542437,0.4098664539066793,0.5528752926918161,-0.008009347209593634,0.4086361741307776,0.5463850588207184,-0.052507529427591494,0.4100355819119724,9.806085495023584
P03_long,180,247,1.1119999999999444,0.5528039365651474,-0.018010316235279013,0.40986645390667925,0.5528686630270457,-0.008197820056567842,0.40863541731283326,0.5463439219097258,-0.05269851047469919,0.40999460797101434,9.812709654936867
P03_long,180,247,1.1139999999999441,0.5528273422084817,-0.018205657645015593,0.4098664539066793,0.5528628183830824,-0.008386608698559166,0.40863453355225354,0.5463099788463449,-0.05289005981713673,0.4099556949288688,9.81911303386774
P03_long,180,247,1.115999999999944,0.5528507478518161,-0.018400999054752173,0.4098664539066793,0.5528582715371412,-0.008572138917502341,0.4086350067693033,0.5462785807169298,-0.053069628446644326,0.40993684892328347,9.828863016822426
P03_long,180,247,1.1179999999999437,0.5528741534951505,-0.018596340464488756,0.4098664539066793,0.5528547949223696,-0.008755342859793305,0.40863671008988545,0.5462481474006042,-0.05324163080278179,0.40993604591759714,9.84101664514199
P03_long,180,247,1.1199999999999435,0.5528975591384848,-0.018791681874225332,0.4098664539066793,0.5528522132725173,-0.00893683692483107,0.408639446198407,0.546217693417425,-0.0534085904889447,0.40995088233930105,9.85494927557529
P03_long,180,247,1.1219999999999433,0.5529209647818192,-0.018987023283961915,0.4098664539066793,0.5528497769988232,-0.009118645746920565,0.40864170334093763,0.5461837936843239,-0.05357709395270256,0.4099832829487833,9.86863429832265
P03_long,180,247,1.123999999999943,0.5529443704251535,-0.01918236469369849,0.4098664539066793,0.5528476232196546,-0.009300833716992075,0.40864353432659223,0.5461468194505521,-0.05374692346514542,0.41003009909030697,9.88200457727987
P03_long,180,247,1.1259999999999428,0.5529677760684878,-0.01937770610343507,0.4098664539066793,0.5528458173674774,-0.009483497034537384,0.40864498104573593,0.546106959875939,-0.05391816676087456,0.410088631326528,9.894960688340776
P03_long,180,247,1.1279999999999426,0.5529911817118223,-0.01957304751317165,0.4098664539066793,0.5528440097869778,-0.0096689251652811,0.40864569071787604,0.546065478233843,-0.054100340794962176,0.4101167444588476,9.905215750171596
P03_long,180,247,1.1299999999999424,0.5530145873551565,-0.01976838892290823,0.4098664539066793,0.5528424432298715,-0.00985622197710842,0.40864579988645544,0.5460224833579956,-0.05429264375703376,0.41011380102329414,9.913661642464728
P03_long,180,247,1.1319999999999422,0.5530379929984909,-0.01996373033264481,0.4098664539066793,0.5528412196220202,-0.010044923611230109,0.4086454263365133,0.5459779982516201,-0.054494855404418056,0.41007962596574365,9.920758365088282
P03_long,180,247,1.133999999999942,0.5530613986418254,-0.02015907174238139,0.4098664539066793,0.5528403823650596,-0.010234731259312353,0.40864466434116464,0.54593202635057,-0.05470688785443929,0.4100141448182562,9.926801207764681
P03_long,180,247,1.1359999999999417,0.5530848042851597,-0.02035441315211797,0.4098664539066793,0.5528401775387157,-0.010424930197195252,0.4086435957307917,0.5458946093642806,-0.05492015466278863,0.40995504102562136,9.93249585940898
P03_long,180,247,1.1379999999999415,0.5531099624735398,-0.020542759628730253,0.4098664539066793,0.5528402697418632,-0.010616553841240637,0.40864253203810064,0.5458656741729878,-0.05509470794296145,0.4099087138321863,9.929868856390378
P03_long,180,247,1.1399999999999413,0.5531378418372613,-0.020720245078074982,0.4098664539066793,0.5528417848949088,-0.010804841407005265,0.4086426814782925,0.5458374986110022,-0.05526027435925265,0.40988464924889406,9.919822562595462
P03_long,180,247,1.141999999999941,0.5531657212009827,-0.020897730527419715,0.4098664539066793,0.5528444414612813,-0.010990163433131465,0.40864426265660925,0.5458107960636919,-0.05542007250436945,0.40987992437198717,9.912774909124382
P03_long,180,247,1.1439999999999408,0.5531936005647042,-0.021075215976764445,0.4098664539066793,0.5528480401459511,-0.011173222038182145,0.4086470799869886,0.5457844818521158,-0.05557664556149173,0.4098920482470928,9.90802179866039
P03_long,180,247,1.1459999999999406,0.5532214799284256,-0.021252701426109175,0.4098664539066793,0.5528516522254332,-0.011356329225154786,0.40864933709303997,0.5457538494473315,-0.055736760385910813,0.40992282367050986,9.903280025815866
P03_long,180,247,1.1479999999999404,0.5532493592921471,-0.021430186875453908,0.4098664539066793,0.5528554682464452,-0.011539547083043611,0.4086511112960923,0.5457194764936953,-0.055899801773365385,0.4099688366480407,9.898479967100718
P03_long,180,247,1.1499999999999402,0.5532772386558685,-0.021607672324798634,0.4098664539066793,0.5528595773224613,-0.011722973878717069,0.40865245863237953,0.5456816887117333,-0.05606554681982346,0.4100271370848095,9.893518300351541
P03_long,180,247,1.15199999999994,0.55330511801959,-0.021785157774143367,0.4098664539066793,0.552863881871981,-0.011908517581572662,0.40865311186951025,0.5456438242893491,-0.05623858620894139,0.410076875239054,9.886491330672373
P03_long,180,247,1.1539999999999397,0.5533329973833114,-0.0219626432234881,0.4098664539066793,0.5528682194244156,-0.012095830770110828,0.40865309111596076,0.5456042475713206,-0.05642229379425212,0.41009600867974966,9.877753111978263
P03_long,180,247,1.1559999999999395,0.5533608767470328,-0.02214012867283281,0.4098664539066793,0.5528728073179586,-0.01228435505086363,0.4086525448182713,0.54556301267557,-0.05661626449864572,0.4100842195630244,9.867851106249034
P03_long,180,247,1.1579999999999393,0.5533887561107543,-0.02231761412217754,0.4098664539066793,0.552877731069705,-0.012473750696938592,0.4086515837639283,0.5455201370335631,-0.056820324350398736,0.41004137004425556,9.85711893645078
P03_long,180,247,1.159999999999939,0.5534166354744758,-0.02249509957152227,0.4098664539066793,0.5528830257857003,-0.012663777806629334,0.40865029319648827,0.5454756310395927,-0.05703434484013731,0.40996735250202887,9.845792347232027
P03_long,180,247,1.1619999999999389,0.5534445148381972,-0.022672585020866998,0.4098664539066793,0.5528897018735083,-0.012850768673921254,0.40865019928963775,0.5454351073126371,-0.057232263380354455,0.40992077931544296,9.837473953150655
P03_long,180,247,1.1639999999999386,0.5534723942019186,-0.02285007047021173,0.4098664539066793,0.5528974332546444,-0.013034966854657968,0.40865147057970985,0.5453989031941112,-0.05741803149118861,0.40989741344335,9.831929570280042
P03_long,180,247,1.1659999999999384,0.5535002735656401,-0.02302755591955646,0.4098664539066793,0.5529060058070391,-0.013217013390044385,0.40865390688955733,0.5453654866966584,-0.05759506168166006,0.4098939608909259,9.828524756659968
P03_long,180,247,1.1679999999999382,0.5535281529293615,-0.023205041368901193,0.4098664539066793,0.5529151574930604,-0.013397936256075296,0.40865695889418796,0.5453311933831649,-0.05776652506797881,0.40990755080248054,9.826244150179756
P03_long,180,247,1.169999999999938,0.553556032293083,-0.023382526818245923,0.4098664539066793,0.5529241428822398,-0.013579177797793909,0.4086592734714227,0.5452930891550174,-0.05793752040411413,0.4099384640044278,9.823692597202607
P03_long,180,247,1.1719999999999378,0.5535857084676253,-0.023556377232615514,0.40986645390667925,0.5529331848536778,-0.013760742101445234,0.408660969975296,0.5452516609520716,-0.05810808013094591,0.4099834370618691,9.817344584447289
P03_long,180,247,1.1739999999999375,0.5536161643413038,-0.023728650278017557,0.4098664539066793,0.5529424114300365,-0.013942653269994953,0.40866214724035094,0.54520714720769,-0.05827847346953242,0.41003966960800375,9.809163084915475
P03_long,180,247,1.1759999999999373,0.553646620214982,-0.0239009233234196,0.4098664539066793,0.5529517566513543,-0.01412666491919274,0.4086625813993884,0.5451641908837419,-0.05845439707235059,0.4100878013317661,9.798926610841455
P03_long,180,247,1.177999999999937,0.5536770760886605,-0.024073196368821645,0.4098664539066793,0.5529612817980403,-0.014312045753410382,0.40866236608147194,0.5451241430927278,-0.05863551957407809,0.41012654841948015,9.787360359322024
P03_long,180,247,1.1799999999999369,0.5537075319623388,-0.024245469414223685,0.4098664539066793,0.5529708993031571,-0.014498678182354015,0.4086615956051525,0.5450823831310271,-0.05882643097668266,0.4101340117645295,9.774587816998963
P03_long,180,247,1.1819999999999367,0.5537379878360171,-0.024417742459625726,0.4098664539066793,0.5529807657376694,-0.014686163784106181,0.40866039287331773,0.5450389234149531,-0.059026990639582826,0.4101100864601566,9.760994253868448
P03_long,180,247,1.1839999999999364,0.5537684437096955,-0.02459001550502777,0.4098664539066793,0.5529909417956379,-0.014874237949398586,0.40865884899194505,0.5449937615869033,-0.05923714339249828,0.410054730909242,9.746837576200342
P03_long,180,247,1.1859999999999362,0.5537988995833738,-0.024762288550429813,0.4098664539066793,0.5530014805081209,-0.015063211532471168,0.4086572990363681,0.5449485997588535,-0.05944729614541374,0.40996013535832737,9.731802103509438
P03_long,180,247,1.187999999999936,0.5538293554570521,-0.024934561595831857,0.4098664539066793,0.5530123868216226,-0.015252728642774192,0.40865571667529876,0.5448997521410023,-0.059627402182612414,0.4098829893093866,9.716240377954271
P03_long,180,247,1.1899999999999358,0.5538598113307305,-0.025106834641233897,0.4098664539066793,0.5530236582462351,-0.015442576107745132,0.4086540973627472,0.5448598337503183,-0.05977345270676202,0.4098223386678504,9.700363136647077
P03_long,180,247,1.1919999999999356,0.5538902672044088,-0.025279107686635938,0.4098664539066793,0.553035290054306,-0.01563260275012082,0.4086524427918047,0.5448274147664802,-0.05989124410219386,0.4097750768121326,9.684319460726632
P03_long,180,247,1.1939999999999353,0.5539207230780872,-0.02545138073203798,0.4098664539066793,0.5530483886644226,-0.0158175514209789,0.40865224844599946,0.5447999927953646,-0.06000786757879436,0.40974861264536017,9.673243226751023
P03_long,180,247,1.1959999999999351,0.5539511789517656,-0.025623653777440025,0.4098664539066793,0.5530625889035138,-0.015998705893319143,0.4086534930654435,0.5447749974237742,-0.060126829144405626,0.4097418173499679,9.665878855328947
P03_long,180,247,1.197999999999935,0.5539816348254439,-0.025795926822842066,0.4098664539066793,0.5530776391340753,-0.016176916872411125,0.40865601219244885,0.5447508934124207,-0.06024942433757676,0.4097525773839009,9.661395377299419
P03_long,180,247,1.1999999999999347,0.5540120906991223,-0.02596819986824411,0.4098664539066793,0.5530933745908975,-0.0163528234917091,0.40865961730098327,0.544726750518206,-0.06037612524530152,0.4097785462039776,9.659166742009337
P03_long,180,247,1.2019999999999345,0.5540425465728006,-0.026140472913646153,0.4098664539066793,0.5531096840030486,-0.016526937897852822,0.40866412745716724,0.5447020222388903,-0.060507061413483235,0.40981741048151116,9.658689770042768
P03_long,180,247,1.2039999999999342,0.5540730324569811,-0.02631272718875782,0.4098664539066793,0.5531264873880967,-0.016699680359676627,0.40866937697521943,0.5446764169283262,-0.060642190329829385,0.4098669992216561,9.659535025327953
P03_long,180,247,1.205999999999934,0.5541134218068445,-0.0264787872680458,0.4098664539066793,0.553143540881885,-0.016872058939188084,0.4086747770375812,0.544646891597083,-0.060782298163787975,0.4099252107207384,9.655563069706382
P03_long,180,247,1.2079999999999338,0.5541538111567079,-0.02664484734733378,0.40986645390667925,0.5531602310858793,-0.0170455889744415,0.408678958556679,0.5446117582259528,-0.06093096979212758,0.4099945023109116,9.650542091856307
P03_long,180,247,1.2099999999999336,0.5541942005065714,-0.02681090742662176,0.4098664539066793,0.5531768939799678,-0.01722011413639609,0.408682127989272,0.5445719427493513,-0.061086301453282296,0.4100722949405699,9.644595818638955
P03_long,180,247,1.2119999999999334,0.5542345898564348,-0.02697696750590974,0.4098664539066793,0.55319353322768,-0.017397342969958395,0.40868412249486885,0.5445323031686532,-0.061251708294617103,0.4101392347167333,9.63602641933258
P03_long,180,247,1.2139999999999331,0.5542749792062982,-0.027143027585197724,0.40986645390667936,0.55321026506483,-0.01757652854136477,0.40868508808427495,0.5444940746180152,-0.06142401340387312,0.41019517339402667,9.625565965630244
P03_long,180,247,1.215999999999933,0.5543153685561616,-0.0273090876644857,0.4098664539066793,0.5532270125000069,-0.0177574536054168,0.4086851605506871,0.5444539428833035,-0.06160619905695292,0.4102198931845537,9.61344018046264
P03_long,180,247,1.2179999999999327,0.5543557579060251,-0.02747514774377368,0.4098664539066793,0.5532439809152199,-0.01793960142061671,0.4086845329496198,0.5444119331596237,-0.06179807191700858,0.4102132446106052,9.60014019472405
P03_long,180,247,1.2199999999999325,0.5543961472558885,-0.02764120782306166,0.4098664539066793,0.5532612550682476,-0.01812262305870072,0.4086833500233381,0.5443680488642338,-0.061999552835648425,0.4101751647259041,9.58600209648905
P03_long,180,247,1.2219999999999323,0.554436536605752,-0.027807267902349643,0.4098664539066793,0.5532788734248931,-0.018306259541637067,0.4086817248305705,0.5443222926207363,-0.06221056779910437,0.4101055887789751,9.571277026115508
P03_long,180,247,1.223999999999932,0.5544769259556154,-0.02797332798163762,0.4098664539066793,0.5532970129349885,-0.01848990624979837,0.4086797131707418,0.5442875882100833,-0.062424095779158584,0.4100402508223209,9.55654134507699
P03_long,180,247,1.2259999999999318,0.5545173153054788,-0.0281393880609256,0.4098664539066793,0.5533157511540003,-0.018671482067799065,0.4086777377208637,0.544252237042647,-0.06262461750635284,0.4100023649280734,9.543846200814398
P03_long,180,247,1.2279999999999316,0.5545577046553423,-0.02830544814021358,0.4098664539066793,0.5533350255596319,-0.01885166891340773,0.4086758445140154,0.5442156020174177,-0.0628162068573304,0.40998873471996855,9.532517287698617
P03_long,180,247,1.2299999999999314,0.5545980940052057,-0.028471508219501562,0.4098664539066793,0.5533547713353505,-0.01903089301384553,0.40867401865915953,0.5441772570901885,-0.0630013000317419,0.4099957086290409,9.522135617740364
P03_long,180,247,1.2319999999999312,0.5546384833550692,-0.02863756829878954,0.4098664539066793,0.5533749398873112,-0.019209459727628615,0.4086722308913777,0.5441368834994379,-0.06318155200019546,0.41001965854755557,9.512401028368801
P03_long,180,247,1.233999999999931,0.5546788727049325,-0.028803628378077522,0.4098664539066793,0.5533949336898566,-0.019388782604126558,0.4086700535233154,0.5441060758814775,-0.06336332282474817,0.41003752585232234,9.501990335804205
P03_long,180,247,1.2359999999999307,0.554719262054796,-0.0289696884573655,0.4098664539066793,0.5534150979724979,-0.019568564767601843,0.40866760885529296,0.5440834293327166,-0.06354654171027331,0.4100472508821602,9.491152226352291
P03_long,180,247,1.2379999999999305,0.5547582467157861,-0.02913114765984832,0.4098664539066793,0.5534361705167709,-0.019748979448767898,0.40866540881417535,0.5440645392181424,-0.06372846177426,0.41005298772676907,9.474859672681735
P03_long,180,247,1.2399999999999303,0.5547940851486796,-0.029282301798948612,0.4098664539066793,0.5534577053265428,-0.019929823743878448,0.40866320480892526,0.5440490304448949,-0.0639093782333527,0.41005421723756685,9.447473567022206
P03_long,180,247,1.24199999999993,0.5548299235815731,-0.029433455938048907,0.4098664539066793,0.5534795187945228,-0.020110886669087353,0.4086608909578901,0.5440371246040944,-0.0640903670846387,0.41004999218615845,9.419866817714288
P03_long,180,247,1.2439999999999298,0.5548657620144666,-0.0295846100771492,0.4098664539066793,0.5535013253964295,-0.020292413977725295,0.4086584216131038,0.5440237293793401,-0.0642731214953243,0.41001610100598634,9.391836648642766
P03_long,180,247,1.2459999999999296,0.5549016004473601,-0.029735764216249492,0.4098664539066793,0.5535235056294336,-0.02047362243389724,0.4086558259046028,0.5440165106917949,-0.06445813773845929,0.40997903753376913,9.364102504970308
P03_long,180,247,1.2479999999999294,0.5549374388802536,-0.029886918355349786,0.4098664539066793,0.5535466790970309,-0.020651068128454252,0.4086545656056292,0.5440099297409635,-0.06463010024234378,0.40995924336950157,9.339975491845568
P03_long,180,247,1.2499999999999292,0.5549732773131472,-0.03003807249445008,0.4098664539066793,0.553569463709199,-0.020828468783877743,0.40865303770655204,0.5440059073560723,-0.06480260760298957,0.4099400731225446,9.31598052490545
P03_long,180,247,1.251999999999929,0.5550091157460406,-0.03018922663355037,0.4098664539066793,0.55359340787566,-0.021002857305691004,0.4086527924744572,0.5440008150498709,-0.06496547031230106,0.40993676410733443,9.294816308141485
P03_long,180,247,1.2539999999999287,0.5550449541789342,-0.030340380772650666,0.4098664539066793,0.5536181503037011,-0.02117489689494353,0.40865363170270996,0.54399395650541,-0.06512180897672336,0.4099472437384497,9.27587537706763
P03_long,180,247,1.2559999999999285,0.5550807926118277,-0.03049153491175096,0.4098664539066793,0.5536434652437499,-0.021345067819499776,0.4086553464139906,0.5439849674121635,-0.06527359020920656,0.40996950818723404,9.258713206091844
P03_long,180,247,1.2579999999999283,0.5551166310447212,-0.030642689050851254,0.4098664539066793,0.5536685996583681,-0.021515262547526566,0.40865647492465434,0.5439695434393805,-0.06542634109609996,0.4100046542917708,9.241575053499135
P03_long,180,247,1.259999999999928,0.5551524694776148,-0.030793843189951545,0.4098664539066793,0.5536936881470095,-0.021685455669851653,0.40865708916642784,0.5439483577915841,-0.06557957626614612,0.41005003360701064,9.224465631505925
P03_long,180,247,1.2619999999999278,0.5551883079105082,-0.030944997329051836,0.4098664539066793,0.5537186377358962,-0.02185739108564158,0.40865695648308453,0.5439274389852233,-0.06573851373950274,0.41008712111764306,9.20567855496883
P03_long,180,247,1.2639999999999276,0.5552241463434018,-0.03109615146815213,0.4098664539066793,0.5537435293966202,-0.022030386636474317,0.4086561711477938,0.5439082564614072,-0.06590257776384059,0.41011491137706724,9.185876034782044
P03_long,180,247,1.2659999999999274,0.5552599847762953,-0.031247305607252425,0.4098664539066793,0.5537682493804829,-0.02220436934152113,0.4086548106050141,0.5438869688250184,-0.06607623855154199,0.4101113052211459,9.165149796768087
P03_long,180,247,1.2679999999999272,0.5552958232091888,-0.03139845974635271,0.4098664539066793,0.5537929883390234,-0.02237896183375776,0.4086530109668038,0.5438635924311009,-0.06625937252978631,0.41007620461555916,9.143842476896127
P03_long,180,247,1.269999999999927,0.5553316616420824,-0.03154961388545301,0.4098664539066793,0.5538178239057677,-0.022553918579392696,0.4086508709704817,0.5438381251994813,-0.06645194069178834,0.41000957470722627,9.122183879497591
P03_long,180,247,1.2719999999999267,0.5553636436591791,-0.03169946075204846,0.40986645390667925,0.5538431412522774,-0.02272680899722143,0.40864875675908063,0.5438107509808849,-0.06663185458885412,0.4099676590663264,9.100571799771396
P03_long,180,247,1.2739999999999265,0.5553932043529151,-0.03184848682295644,0.4098664539066793,0.5538687769301546,-0.022898258040686792,0.4086467004536346,0.5437803393228691,-0.06680298689322903,0.4099474349286937,9.079122987504478
P03_long,180,247,1.2759999999999263,0.555422765046651,-0.03199751289386442,0.4098664539066793,0.5538946039338151,-0.023068647170343286,0.4086446776200955,0.5437464353465147,-0.06696768897939116,0.4099456539719961,9.058693034618987
P03_long,180,247,1.277999999999926,0.5554523257403868,-0.032146538964772396,0.4098664539066793,0.5539211346350397,-0.02323721075956043,0.4086437775577195,0.5437141396486899,-0.06712494227582125,0.4099573818577575,9.039948853244677
P03_long,180,247,1.2799999999999259,0.5554818864341228,-0.03229556503568038,0.4098664539066793,0.5539481251756022,-0.02340431419141148,0.40864377440536376,0.5436827039434504,-0.06727673817330312,0.4099800938322447,9.02256976552972
P03_long,180,247,1.2819999999999256,0.5555114471278587,-0.03244459110658836,0.4098664539066793,0.5539754228620515,-0.023570227309195106,0.4086444755263706,0.5436516796676856,-0.06742445835635905,0.4100115799965741,9.006314637721282
P03_long,180,247,1.2839999999999254,0.5555410078215945,-0.032593617177496335,0.4098664539066793,0.5540022408368589,-0.023737940254011894,0.40864450879231673,0.5436252587627309,-0.0675775413604255,0.41003406858147073,8.988371243247984
P03_long,180,247,1.2859999999999252,0.5555705685153305,-0.03274264324840432,0.4098664539066793,0.554028678369398,-0.023906714919726183,0.4086437663871001,0.543602922722809,-0.06773627523218088,0.4100478805433339,8.969451190104143
P03_long,180,247,1.287999999999925,0.5556001292090664,-0.0328916693193123,0.4098664539066793,0.5540547556599505,-0.024076437472891777,0.40864239952284204,0.5435784006787507,-0.06790435809968995,0.41003012681826506,8.949664346356993
P03_long,180,247,1.2899999999999248,0.5556296899028024,-0.03304069539022028,0.4098664539066793,0.554080445888694,-0.02424583255217903,0.4086404254852076,0.5435603560264387,-0.06807007135659562,0.41001184148752273,8.93027263610746
P03_long,180,247,1.2919999999999245,0.5556592505965382,-0.03318972146112826,0.4098664539066793,0.5541066093747838,-0.024413809742017997,0.40863847674860165,0.5435388419499769,-0.0682287207481817,0.4100092649878518,8.912200697084177
P03_long,180,247,1.2939999999999243,0.5556888112902741,-0.033338747532036236,0.4098664539066793,0.5541330101758626,-0.024580807706168408,0.40863654200092503,0.5435131890824738,-0.06838275390242923,0.4100203614365303,8.895056329283477
P03_long,180,247,1.295999999999924,0.55571837198401,-0.03348777360294422,0.4098664539066793,0.5541593814830216,-0.024748712289535384,0.40863433140506034,0.5434911427135514,-0.06854243890472514,0.41002604487782246,8.877029008721951
P03_long,180,247,1.2979999999999239,0.5557479326777459,-0.0336367996738522,0.4098664539066793,0.5541855248173001,-0.024917376719346785,0.4086318378590323,0.5434666797173424,-0.06871220038986785,0.41000078120563066,8.858298650527582
P03_long,180,247,1.2999999999999237,0.5557774933714819,-0.03378582574476018,0.4098664539066793,0.5542115984947917,-0.025086971434462854,0.4086294014579444,0.5434586010736016,-0.06887105863439441,0.4099635651265231,8.838670322883573
P03_long,180,247,1.3019999999999234,0.5558070540652178,-0.03393485181566816,0.4098664539066793,0.5542376699848217,-0.02525708168697499,0.4086269928122116,0.5434521396030233,-0.06900009565705312,0.4099338457060921,8.818540740861842
P03_long,180,247,1.3039999999999232,0.5558366147589537,-0.034083877886576144,0.4098664539066793,0.5542647565183257,-0.025423204928506794,0.4086258648588973,0.5434469083191633,-0.06912372959616235,0.4099181607127631,8.802158508869507
P03_long,180,247,1.305999999999923,0.5558554613789154,-0.034215689533502645,0.4098664539066793,0.5542925570145967,-0.025586334763659877,0.4086259671080581,0.5434415442099898,-0.0692454425876875,0.40991556610867697,8.76974536664632
P03_long,180,247,1.3079999999999228,0.5558733755753793,-0.034346003045008754,0.40986645390667925,0.5543207248980987,-0.02574705887130236,0.40862708507409373,0.5434351399379644,-0.06936677255468109,0.4099245267015634,8.737995481126038
P03_long,180,247,1.3099999999999226,0.5558912897718434,-0.03447631655651486,0.4098664539066793,0.5543489543962163,-0.02590593834146614,0.4086288721829672,0.5434266974527006,-0.06948864566773598,0.40994366716812025,8.708052661754664
P03_long,180,247,1.3119999999999223,0.5559092039683075,-0.03460663006802098,0.4098664539066793,0.554377169466799,-0.026063291003902315,0.40863119887558874,0.5434161059609769,-0.06961142779712293,0.40997147290619074,8.6796181988788
P03_long,180,247,1.3139999999999221,0.5559271181647715,-0.034736943579527085,0.4098664539066793,0.5544053203930205,-0.026219376567642925,0.40863395503867705,0.5434033703354763,-0.06973534055822771,0.4100065699902819,8.652445680849059
P03_long,180,247,1.315999999999922,0.5559450323612356,-0.034867257091033194,0.4098664539066793,0.5544327351278283,-0.02637595345553942,0.40863575200977253,0.5433833742206625,-0.06986429262513878,0.4100500975001457,8.624922049057668
P03_long,180,247,1.3179999999999217,0.5559629465576996,-0.0349975706025393,0.4098664539066793,0.5544596069573826,-0.02653286259264083,0.4086367395398016,0.5433569325917037,-0.06999683450902307,0.41010012731371237,8.597168815762585
P03_long,180,247,1.3199999999999215,0.5559808607541636,-0.03512788411404541,0.4098664539066793,0.5544856119855495,-0.026692049630688938,0.4086366737378332,0.5433278638181465,-0.07013984107930557,0.41011952851060035,8.567325855284622
P03_long,180,247,1.3219999999999212,0.5559987749506278,-0.035258197625551525,0.4098664539066793,0.5545110792603996,-0.02685258486383733,0.4086357736923174,0.5432963410243887,-0.07029257214249826,0.41010769516315965,8.536250017813218
P03_long,180,247,1.323999999999921,0.5560166891470918,-0.03538851113705764,0.4098664539066793,0.5545364043172724,-0.027013575477470502,0.4086342562589107,0.5432701331863382,-0.07044954021910656,0.41009387383141044,8.504751053359398
P03_long,180,247,1.3259999999999208,0.5560346033435558,-0.03551882464856375,0.4098664539066793,0.5545614939631494,-0.027174854444915818,0.4086322260880652,0.5432492098959505,-0.07061135343939054,0.41007673619819157,8.473009501116236
P03_long,180,247,1.3279999999999206,0.5560525175400199,-0.03564913816006986,0.4098664539066793,0.5545863282684903,-0.02733626797703513,0.40862977612847984,0.5432337215168123,-0.07077843917907585,0.4100549856520571,8.441180110620577
P03_long,180,247,1.3299999999999204,0.556070431736484,-0.035779451671575965,0.4098664539066793,0.5546109129406649,-0.02749768624085803,0.4086269874566782,0.5432238597404301,-0.0709511265525918,0.41002741219650013,8.409389619037984
P03_long,180,247,1.3319999999999201,0.556088345932948,-0.03590976518308208,0.4098664539066793,0.554635429213511,-0.02765724069111767,0.40862419147850293,0.5432112813138915,-0.0711152866435339,0.4100173549488794,8.3794467289966
P03_long,180,247,1.33399999999992,0.556106260129412,-0.03604007869458819,0.4098664539066793,0.5546594282073068,-0.02781639659320171,0.4086213578917174,0.5432021167451087,-0.07127773577349515,0.410006312696654,8.349986222472873
P03_long,180,247,1.3359999999999197,0.5561241743258761,-0.036170392206094304,0.4098664539066793,0.5546831301762404,-0.02797523355540001,0.4086184370582141,0.5431958191303591,-0.07143857096193726,0.4099932678773142,8.3208913916268
P03_long,180,247,1.3379999999999195,0.5561381263280875,-0.03629596841387088,0.4098664539066793,0.5547066085069784,-0.028133827483633352,0.40861537180639695,0.5431917847016009,-0.07159799248336682,0.40997732314502205,8.286723588802246
P03_long,180,247,1.3399999999999193,0.5561384759759226,-0.03640528128875454,0.4098664539066793,0.5547305208803407,-0.02829085003381407,0.40861255082998954,0.5431807865958053,-0.07175032951566702,0.4099766057355532,8.235674358686712
P03_long,180,247,1.341999999999919,0.5561388256237576,-0.03651459416363821,0.4098664539066793,0.5547548782378324,-0.0284456647982055,0.40861087850519595,0.5431675396626068,-0.07189547011647472,0.40998722346109234,8.18675341459308
P03_long,180,247,1.3439999999999188,0.5561391752715927,-0.03662390703852188,0.4098664539066793,0.5547786093333369,-0.028601196989416038,0.40860894168611794,0.5431560531447245,-0.07204341805693407,0.4099924965108808,8.137260976788555
P03_long,180,247,1.3459999999999186,0.5561395249194278,-0.03673321991340554,0.4098664539066793,0.5548016514154113,-0.02875697906279505,0.4086066201763357,0.5431468127476224,-0.07219286515901202,0.4099921462563193,8.087664905255222
P03_long,180,247,1.3479999999999184,0.5561398745672628,-0.03684253278828921,0.4098664539066793,0.5548240576022284,-0.02891268167701575,0.4086039582549567,0.5431406461639878,-0.07234480977651377,0.4099850218398183,8.038277983028273
P03_long,180,247,1.3499999999999182,0.5561402242150979,-0.036951845663172875,0.4098664539066793,0.5548458725925678,-0.02906810634105611,0.4086010045978349,0.5431381236861821,-0.07250032565878,0.40997023111353637,7.9892860645890265
P03_long,180,247,1.351999999999918,0.5561405738629329,-0.037061158538056534,0.4098664539066793,0.5548678550685531,-0.029220566567241014,0.4085989888253998,0.5431350284382179,-0.07264656818219348,0.40996796288671516,7.943216954256284
P03_long,180,247,1.3539999999999177,0.556140923510768,-0.037170471412940206,0.4098664539066793,0.5548897767893998,-0.029370182180840195,0.4085979603513017,0.5431301014583779,-0.07278505997955369,0.40997530865680176,7.899992419161298
P03_long,180,247,1.3559999999999175,0.5561412731586031,-0.037279784287823865,0.4098664539066793,0.554911566824693,-0.029517481452219142,0.40859778683249026,0.5431229926521042,-0.07291797429321151,0.4099910118096453,7.8591044642055525
P03_long,180,247,1.3579999999999173,0.5561416228064382,-0.03738909716270754,0.4098664539066793,0.5549320994232674,-0.029665234754021774,0.408597005631753,0.5431177297385107,-0.073055031088834,0.41000046995482514,7.817991898355103
P03_long,180,247,1.359999999999917,0.5561419724542732,-0.0374984100375912,0.4098664539066793,0.5549518002424729,-0.029813162674787286,0.4085956610766972,0.5431140259713496,-0.07319427063511531,0.410003457227297,7.776859065279894
P03_long,180,247,1.3619999999999168,0.5561423221021083,-0.03760772291247486,0.4098664539066793,0.5549714737244249,-0.029959900877143245,0.40859417960252886,0.5431029453246982,-0.07332929438822575,0.41001691028784343,7.736928835631604
P03_long,180,247,1.3639999999999166,0.5561426717499434,-0.03771703578735853,0.4098664539066793,0.5549908649848037,-0.03010573978150513,0.40859254855868526,0.5430847775175316,-0.07346172725623672,0.41003949869144424,7.697953345723881
P03_long,180,247,1.3659999999999164,0.5561430213977785,-0.037826348662242194,0.4098664539066793,0.5550097230458726,-0.030252260469681148,0.40859052675328594,0.5430672012265284,-0.0735990134241284,0.4100559422132418,7.658405650207182
P03_long,180,247,1.3679999999999162,0.5561433710456135,-0.03793566153712586,0.4098664539066793,0.5550280514915669,-0.030398998431532195,0.40858814973623747,0.5430514261765454,-0.07374121387628858,0.41006509547368947,7.6187419220535055
P03_long,180,247,1.369999999999916,0.5561437206934485,-0.038044974412009526,0.4098664539066793,0.5550458819954635,-0.030545719784524736,0.4085854773277349,0.5430383391979696,-0.07388864076856562,0.4100661986679103,7.5791866169560445
P03_long,180,247,1.3719999999999157,0.5561383182902221,-0.03815639271642639,0.4098664539066793,0.5550632464911769,-0.030692276487163373,0.4085825674433183,0.5430286450722401,-0.07404162051437543,0.4100586226533853,7.541141190632212
P03_long,180,247,1.3739999999999155,0.5561278399063905,-0.038269668987568756,0.4098664539066793,0.5550799522324072,-0.030838840960268572,0.40857942883549725,0.5430162906519258,-0.07420431475166854,0.4100198636931363,7.504350321553221
P03_long,180,247,1.3759999999999153,0.5561173615225589,-0.038382945258711124,0.4098664539066793,0.5550958885690472,-0.030984444257288857,0.408576137836346,0.543004962742764,-0.07436061867330149,0.40998316249376493,7.468682886747975
P03_long,180,247,1.377999999999915,0.5561068831387274,-0.03849622152985349,0.4098664539066793,0.555111197330197,-0.031129344830198163,0.408572705050793,0.5429945191339055,-0.07451212657046975,0.4099472385031844,7.433859195413468
P03_long,180,247,1.3799999999999149,0.5560964047548957,-0.03860949780099586,0.4098664539066793,0.5551271400225495,-0.03127114511119885,0.4085706799329515,0.5429848073094121,-0.07465177673565891,0.409926034862741,7.402087159796303
P03_long,180,247,1.3819999999999146,0.5560859263710641,-0.03872277407213823,0.4098664539066793,0.5551432171187267,-0.03141049098316753,0.4085698345470455,0.5429746170150895,-0.0747831730661682,0.4099178199585243,7.372800330111305
P03_long,180,247,1.3839999999999144,0.5560754479872326,-0.0388360503432806,0.4098664539066793,0.5551591301178065,-0.03154833790552035,0.408569722994789,0.5429620342650233,-0.07490939263801122,0.4099212629388362,7.345092988745287
P03_long,180,247,1.3859999999999142,0.556064969603401,-0.03894932661442296,0.4098664539066793,0.55517472021049,-0.031684902757148345,0.4085701762678922,0.542947091972524,-0.07503158494387357,0.40993436071053246,7.318770249141528
P03_long,180,247,1.387999999999914,0.5560544912195694,-0.03906260288556533,0.4098664539066793,0.5551899132018038,-0.03182037964154491,0.40857106770592455,0.5429299346308805,-0.07515069789704064,0.4099553784488268,7.293647418475424
P03_long,180,247,1.3899999999999137,0.5560440128357378,-0.0391758791567077,0.4098664539066793,0.5552046713769014,-0.031954932798322566,0.4085722967016936,0.5429107390463606,-0.07526748719228372,0.4099828127145573,7.26956397559008
P03_long,180,247,1.3919999999999135,0.5560335344519063,-0.039289155427850074,0.4098664539066793,0.5552189745039404,-0.03208869753741829,0.4085737812462207,0.542889682716749,-0.07538254368129928,0.4100153677147092,7.2463854259010745
P03_long,180,247,1.3939999999999133,0.5560230560680747,-0.039402431698992435,0.4098664539066793,0.5552321003941032,-0.03222415030782694,0.408574302643855,0.5428705846465565,-0.07550387289559277,0.41003784020630235,7.221726567029558
P03_long,180,247,1.395999999999913,0.5560125776842431,-0.03951570797013481,0.4098664539066793,0.5552442766532183,-0.03236061976033146,0.408573930606546,0.5428539874372781,-0.07563080186394679,0.4100503924597164,7.196219407740474
P03_long,180,247,1.3979999999999129,0.5560020993004116,-0.03962898424127718,0.4098664539066793,0.5552556891161755,-0.032497713930631514,0.4085728495711184,0.5428408424220673,-0.07576347201602497,0.41005257448958227,7.1702262451492835
P03_long,180,247,1.3999999999999126,0.5559916209165799,-0.039742260512419546,0.4098664539066793,0.5552666041505365,-0.03263363935173332,0.40857143873196866,0.5428240731739127,-0.07589143840736745,0.4100635427283002,7.145498171380356
P03_long,180,247,1.4019999999999124,0.5559811425327484,-0.039855536783561914,0.4098664539066793,0.5552766089311374,-0.032769617732756065,0.40856948651336344,0.5428111571775622,-0.07602100627733503,0.41006994216491405,7.120857840904583
P03_long,180,247,1.4039999999999122,0.5559706641489168,-0.03996881305470428,0.4098664539066793,0.5552859595405626,-0.03290562255714715,0.40856712200702816,0.5428011164944815,-0.07615156157678263,0.4100714161423845,7.0963004731678945
P03_long,180,247,1.405999999999912,0.5559489072089602,-0.040080459793300244,0.4098664539066793,0.5552947930822806,-0.03304158649067317,0.40856445607120495,0.5427925470102946,-0.07628342163093597,0.4100671338451765,7.06920099170748
P03_long,180,247,1.4079999999999118,0.5559249515613113,-0.0401917888612915,0.4098664539066793,0.5553031866426479,-0.03317810636844178,0.40856161717057315,0.5427811732455015,-0.07642512953077266,0.41003177735943297,7.04118837445691
P03_long,180,247,1.4099999999999115,0.5559009959136624,-0.04030311792928274,0.4098664539066793,0.5553112667398338,-0.03331444421898235,0.40855864579165474,0.5427727298322814,-0.0765692369646209,0.409995952033286,7.013511298023863
P03_long,180,247,1.4119999999999113,0.5558770402660134,-0.04041444699727399,0.4098664539066793,0.5553189296002586,-0.03344920506409461,0.4085557382473979,0.5427584848836664,-0.07670492824061328,0.40997576312567025,6.98756629327763
P03_long,180,247,1.413999999999911,0.5558530846183645,-0.040525776065265244,0.40986645390667936,0.5553266553208573,-0.033582026729240745,0.4085538780158149,0.5427429084462994,-0.07683266181028389,0.4099683604198207,6.963675943552695
P03_long,180,247,1.4159999999999109,0.5558291289707156,-0.04063710513325649,0.4098664539066793,0.5553341522293,-0.03371330062326051,0.4085528685473251,0.5427255267570645,-0.07695470596676508,0.4099718452945775,6.941474689659469
P03_long,180,247,1.4179999999999107,0.5558051733230667,-0.04074843420124774,0.4098664539066793,0.5553412680901055,-0.03384330630160464,0.40855254181158956,0.5427062317713744,-0.07707254738785493,0.40998436898830637,6.920693561746414
P03_long,180,247,1.4199999999999104,0.5557812176754178,-0.040859763269239,0.4098664539066793,0.5553472124082228,-0.03397461940837617,0.40855160428997433,0.5426886747995995,-0.07719506563209194,0.4099903932439342,6.898809068000799
P03_long,180,247,1.4219999999999102,0.5557572620277689,-0.040971092337230244,0.4098664539066793,0.5553522387219532,-0.03410661211195353,0.40855018356276585,0.5426743230073017,-0.07732228427137063,0.40998863627277077,6.8764185912049385
P03_long,180,247,1.42399999999991,0.55573330638012,-0.0410824214052215,0.4098664539066793,0.5553565503753888,-0.034237460663481115,0.4085485094400828,0.5426547918816386,-0.07744466405112227,0.4099958684196064,6.85532148356794
P03_long,180,247,1.4259999999999098,0.5557093507324711,-0.04119375047321275,0.4098664539066793,0.5553602409496261,-0.03436752352794463,0.4085466872946746,0.5426301744829176,-0.0775639584161268,0.41001105136024724,6.835148275552079
P03_long,180,247,1.4279999999999096,0.5556853950848222,-0.041305079541204,0.4098664539066793,0.555363340741292,-0.03449700168585934,0.4085447604631779,0.542600619248831,-0.0776810568280433,0.4100328453594407,6.815690946970893
P03_long,180,247,1.4299999999999093,0.5556614394371733,-0.04141640860919525,0.4098664539066793,0.5553654167256447,-0.034626811239341304,0.40854245453997035,0.5425757104099166,-0.07780109875375872,0.41004634843818,6.7960475197329515
P03_long,180,247,1.4319999999999091,0.5556374837895244,-0.0415277376771865,0.4098664539066793,0.5553668963526188,-0.034757505082854474,0.40853996288113065,0.5425478214489142,-0.07793137198243215,0.41002913285266923,6.775637751707725
P03_long,180,247,1.433999999999909,0.5556135281418755,-0.041639066745177755,0.4098664539066793,0.5553677862571171,-0.03488866902422873,0.40853730859453036,0.5425170552400158,-0.07807150308841869,0.4099808893973673,6.754869241141416
P03_long,180,247,1.4359999999999087,0.5555895724942266,-0.04175039581316901,0.4098664539066793,0.5553690401874946,-0.03501768805212171,0.40853567330719287,0.5424885764084829,-0.07820105468647909,0.4099494840308422,6.736318600985191
P03_long,180,247,1.4379999999999085,0.5555642265158351,-0.041860429866512484,0.4098664539066793,0.5553702954401694,-0.035145077240198504,0.4085349156156123,0.5424609478140914,-0.07832332114480657,0.4099328028764265,6.718152287485821
P03_long,180,247,1.4399999999999082,0.5555305139888418,-0.04196267095185185,0.4098664539066793,0.5553713413988105,-0.035271158770281016,0.4085348738818575,0.5424334238388127,-0.07844026938537939,0.4099285889050586,6.693405051954356
P03_long,180,247,1.441999999999908,0.5554968014618483,-0.042064912037191204,0.4098664539066793,0.5553719720955795,-0.035396138044063885,0.40853537271299,0.5424055280988256,-0.07855322156668529,0.40993473561327426,6.669942199306854
P03_long,180,247,1.4439999999999078,0.5554630889348549,-0.04216715312253057,0.40986645390667925,0.5553720793797353,-0.03552017907488636,0.4085362883647827,0.5423769820818571,-0.07866316691427784,0.40994939200131264,6.647597064291629
P03_long,180,247,1.4459999999999076,0.5554293764078615,-0.04226939420786993,0.4098664539066793,0.5553716082926037,-0.03564341581007101,0.40853752615907746,0.5423476341877438,-0.07877085771589959,0.4099709472312836,6.6262302165891
P03_long,180,247,1.4479999999999074,0.555395663880868,-0.042371635293209295,0.4098664539066793,0.5553705318310114,-0.03576595796582946,0.40853901039973023,0.5423174076461232,-0.0788768707632189,0.40999801456543644,6.605725136076281
P03_long,180,247,1.4499999999999071,0.5553619513538746,-0.04247387637854866,0.40986645390667936,0.5553682102911934,-0.03589013434066517,0.40853964131834775,0.5422898785699808,-0.07898907097501727,0.41001613835822204,6.583745012961136
P03_long,180,247,1.451999999999907,0.5553282388268811,-0.04257611746388801,0.4098664539066793,0.5553647424184035,-0.036015238329448494,0.4085393930157606,0.5422651280398699,-0.07910724222915151,0.41002457375541324,6.560980683473913
P03_long,180,247,1.4539999999999067,0.5552945262998876,-0.04267835854922738,0.4098664539066793,0.5553604950208522,-0.03613951762363796,0.40853867281447653,0.54223587187735,-0.0792216967804115,0.410039290590224,6.539173688036494
P03_long,180,247,1.4559999999999065,0.5552608137728943,-0.04278059963456674,0.4098664539066793,0.5553551211116834,-0.03626402687179124,0.4085373191167109,0.5422100526885972,-0.07933824936651736,0.4100471657869258,6.517255131318477
P03_long,180,247,1.4579999999999063,0.5552271012459008,-0.0428828407199061,0.4098664539066793,0.5553489017430546,-0.036388698262013276,0.4085354817356175,0.5421867203216926,-0.07945613208432828,0.41004822301320326,6.495284568401384
P03_long,180,247,1.459999999999906,0.5551933887189073,-0.04298508180524546,0.4098664539066793,0.5553421273677855,-0.036514086712164995,0.4085333886454429,0.5421604591715672,-0.07958380518530918,0.41001820051751653,6.472704278764913
P03_long,180,247,1.4619999999999058,0.5551596761919139,-0.043087322890584825,0.4098664539066793,0.5553350086754171,-0.036639452980315235,0.40853111327075575,0.5421384572809989,-0.07971508538424282,0.4099863963644972,6.450253317469896
P03_long,180,247,1.4639999999999056,0.5551259636649205,-0.04318956397592419,0.4098664539066793,0.5553275117503719,-0.036763446597623886,0.4085288592619545,0.5421121965507545,-0.07983910459843048,0.4099685624783945,6.429277268126043
P03_long,180,247,1.4659999999999054,0.555092251137927,-0.043291805061263545,0.4098664539066793,0.5553201548326323,-0.03688570923965983,0.4085275958146586,0.5420858410508971,-0.07995616039036847,0.4099624800142307,6.410148498250949
P03_long,180,247,1.4679999999999052,0.5550585386109336,-0.04339404614660291,0.4098664539066793,0.5553126555215642,-0.03700658422474676,0.40852713451404454,0.5420586930011976,-0.08006825137185788,0.40996637261069735,6.392514779602056
P03_long,180,247,1.469999999999905,0.5550248260839402,-0.04349628723194228,0.4098664539066793,0.555304866934341,-0.03712631737514822,0.40852731517827445,0.5420304579775993,-0.08017667892395165,0.4099785203309568,6.376122556409825
P03_long,180,247,1.4719999999999047,0.5549878038178307,-0.043602688731065174,0.4098664539066793,0.5552961074292044,-0.03724588716379688,0.408527036354315,0.5419966416879641,-0.0802843115200449,0.4099977819931513,6.364273507825597
P03_long,180,247,1.4739999999999045,0.5549467057381583,-0.043714213616150736,0.4098664539066793,0.5552865652598196,-0.03736531654735877,0.4085263890792487,0.5419582396141485,-0.08039117482556334,0.41002274298249913,6.3579869836748655
P03_long,180,247,1.4759999999999043,0.554905607658486,-0.043825738501236305,0.40986645390667936,0.5552761651307505,-0.037485837875856576,0.4085252456690707,0.5419224191030358,-0.08050471931875777,0.4100390556098749,6.350720650441286
P03_long,180,247,1.477999999999904,0.5548645095788135,-0.04393726338632186,0.40986645390667925,0.5552647920397263,-0.037607290361876,0.4085236540896522,0.5418836001315123,-0.08062814539710818,0.4100243887456525,6.342616537260208
P03_long,180,247,1.4799999999999038,0.5548234114991412,-0.04404878827140743,0.4098664539066793,0.5552526348364215,-0.03772934265833078,0.40852173032212186,0.541841843268877,-0.08076123398381667,0.40997856193355614,6.3340054886224895
P03_long,180,247,1.4819999999999036,0.5547823134194687,-0.04416031315649299,0.4098664539066793,0.555240567961966,-0.03784920263349711,0.4085206633493935,0.5418037127052912,-0.0808833598707389,0.4099477040337319,6.3277257572676735
P03_long,180,247,1.4839999999999034,0.5547412153397964,-0.04427183804157856,0.4098664539066793,0.5552285064882421,-0.03796734909280679,0.40852055447651986,0.5417683448035299,-0.08099802906966183,0.4099306448271197,6.323292937112668
P03_long,180,247,1.4859999999999032,0.5547001172601239,-0.044383362926664116,0.4098664539066793,0.5552162344938151,-0.038084143092537937,0.40852124375241927,0.5417345773862703,-0.08110726216030621,0.4099253082358447,6.3203281178718616
P03_long,180,247,1.487999999999903,0.5546590191804515,-0.04449488781174969,0.4098664539066793,0.5552034819625328,-0.038199920527070295,0.4085224096493977,0.5417009488493792,-0.08121224832620551,0.40992907126927147,6.318469184561686
P03_long,180,247,1.4899999999999027,0.5546179211007791,-0.044606412696835254,0.4098664539066793,0.5551902622606913,-0.03831488062942783,0.4085239751749221,0.541667192120889,-0.0813139855241538,0.4099403635367691,6.3175113896648885
P03_long,180,247,1.4919999999999025,0.5545768230211068,-0.044717937581920816,0.4098664539066793,0.5551765729185211,-0.038429186239448826,0.40852586803604973,0.5416330928837035,-0.08141327512573075,0.40995784419889886,6.3172852861725115
P03_long,180,247,1.4939999999999023,0.5545357249414343,-0.04482946246700638,0.4098664539066793,0.5551624105323504,-0.03854297498544531,0.40852802461913573,0.5415985045944948,-0.0815107781143834,0.4099804144684197,6.317646688893407
P03_long,180,247,1.495999999999902,0.5544946268617619,-0.04494098735209194,0.4098664539066793,0.5551472815454397,-0.0386575000799078,0.40852941522744113,0.5415586258220895,-0.08160973961882861,0.41000851580378683,6.317291384432624
P03_long,180,247,1.4979999999999019,0.5544535287820895,-0.0450525122371775,0.4098664539066793,0.5551313455829143,-0.03877261124212964,0.408530168953287,0.5415143662952552,-0.0817096190932636,0.41004095320297984,6.316374919452096
P03_long,180,247,1.4999999999999016,0.5544124307024171,-0.045164037122263065,0.4098664539066793,0.5551146979852349,-0.03888822745123071,0.4085303936633289,0.5414663594926822,-0.08181025498644802,0.4100767971824099,6.314979522020606
P03_long,180,247,1.5019999999999014,0.5543713326227446,-0.045275562007348634,0.4098664539066793,0.5550970778237746,-0.03900570062524797,0.40852996600179015,0.5414152478990106,-0.08192093514327477,0.4100817907350322,6.311724633376784
P03_long,180,247,1.5039999999999012,0.5543302345430723,-0.045387086892434196,0.4098664539066793,0.5550787114962098,-0.03912439321185962,0.4085290226238184,0.5413611657975662,-0.0820412036480776,0.4100555569991464,6.307261678897328
P03_long,180,247,1.505999999999901,0.5542886306204172,-0.045500497559886055,0.4098664539066793,0.5550599085196306,-0.03924361347003963,0.40852768488129976,0.5413144017867051,-0.08216641534057573,0.410027453786396,6.304242072730739
P03_long,180,247,1.5079999999999008,0.5542468614624791,-0.045614524224383404,0.40986645390667925,0.5550407228846617,-0.03936210515327463,0.4085261914743567,0.5412664557277913,-0.08228541045241866,0.4100128048005652,6.302615345901601
P03_long,180,247,1.5099999999999005,0.5542050923045412,-0.04572855088888077,0.4098664539066793,0.5550211127588677,-0.03948016023614334,0.4085246057121361,0.541216766690214,-0.08240012665305793,0.41000961106610373,6.301450240309421
P03_long,180,247,1.5119999999999003,0.5541633231466031,-0.04584257755337812,0.4098664539066793,0.5550010605263015,-0.03959794968785716,0.4085229559434228,0.5411651597138538,-0.08251175402005696,0.4100160165145485,6.300569902491738
P03_long,180,247,1.5139999999999,0.554121553988665,-0.045956604217875466,0.4098664539066793,0.5549805578204646,-0.039715584094168865,0.4085212569916222,0.5411116174478271,-0.08262110711803217,0.4100303007234446,6.299858710126533
P03_long,180,247,1.5159999999998999,0.5540797848307271,-0.04607063088237283,0.4098664539066793,0.5549593304696022,-0.03983445391614522,0.4085193615160649,0.5410547781623095,-0.08274096008844559,0.4100141518827961,6.297896766776356
P03_long,180,247,1.5179999999998997,0.5540380156727891,-0.04618465754687018,0.4098664539066793,0.5549375223460393,-0.0399543309792386,0.4085174376219348,0.5409976064056194,-0.0828639673107938,0.4099698585371096,6.294925050749813
P03_long,180,247,1.5199999999998994,0.553996246514851,-0.046298684211367534,0.4098664539066793,0.5549161631639108,-0.04007209515593488,0.40851663156467727,0.5409466414694579,-0.08297782184658094,0.4099412306536313,6.294176507411521
P03_long,180,247,1.5219999999998992,0.553954477356913,-0.04641271087586489,0.4098664539066793,0.5548938736538862,-0.040191623497420365,0.4085157150237412,0.5409055760750647,-0.08306980310808323,0.4099181747462323,6.291612954800116
P03_long,180,247,1.523999999999899,0.553912708198975,-0.04652673754036224,0.4098664539066793,0.5548719939653146,-0.04030883755910664,0.40851574458162454,0.5408675463499214,-0.08315858879111494,0.4099067652619021,6.291463212830555
P03_long,180,247,1.5259999999998988,0.553870939041037,-0.0466407642048596,0.4098664539066793,0.5548502187525798,-0.040424356375562166,0.40851664091337014,0.5408309202514138,-0.08324643988363126,0.4099059987469173,6.293068810492203
P03_long,180,247,1.5279999999998986,0.5538291698830989,-0.04675479086935696,0.4098664539066793,0.5548283703109121,-0.04053857970223632,0.40851826946920794,0.5407948027833218,-0.08333435466453917,0.40991446793635883,6.296005302505502
P03_long,180,247,1.5299999999998983,0.553787400725161,-0.04686881753385431,0.4098664539066793,0.5548063447826466,-0.04065180105689764,0.4085204982280053,0.5407586605368486,-0.08342282989051723,0.4099307611111963,6.2999635607704825
P03_long,180,247,1.531999999999898,0.5537456315672229,-0.046982844198351664,0.4098664539066793,0.5547834071010737,-0.04076547607922546,0.4085220238526215,0.5407166246072296,-0.08351473034841778,0.40995413892347793,6.303383566576456
P03_long,180,247,1.533999999999898,0.5537038624092849,-0.04709687086284902,0.4098664539066793,0.5547597760906853,-0.04087954045537957,0.4085229786779199,0.5406697501994278,-0.08360920911127184,0.4099832294409659,6.306357990013938
P03_long,180,247,1.5359999999998977,0.553662093251347,-0.04721089752734637,0.4098664539066793,0.5547355659050319,-0.04099398035726581,0.40852346410489515,0.5406187419552738,-0.08370584952830959,0.41001692131757206,6.3089145372125515
P03_long,180,247,1.5379999999998974,0.5536201880813797,-0.0473257175437886,0.4098664539066793,0.5547108403001824,-0.041108790822112724,0.4085235584908834,0.5405641419035863,-0.08380438316558543,0.410054251811351,6.3118697804269335
P03_long,180,247,1.5399999999998972,0.5535761297718322,-0.04745309672491751,0.4098664539066793,0.5546853177981955,-0.04122533741461529,0.40852312116771616,0.5405061553714933,-0.0839134588426021,0.41006119435468785,6.325763519519495
P03_long,180,247,1.541999999999897,0.5535320714622849,-0.04758047590604641,0.4098664539066793,0.5546592034868237,-0.04134309075348214,0.40852226112568024,0.5404449444379826,-0.08403254894944878,0.41003731237579755,6.338406751082662
P03_long,180,247,1.5439999999998968,0.5534880131527375,-0.04770785508717531,0.4098664539066793,0.5546330158001763,-0.04146155060164547,0.40852135316565613,0.5403927646054708,-0.08415547939222609,0.41001232984592556,6.350381940371146
P03_long,180,247,1.5459999999998966,0.5534439548431901,-0.04783523426830421,0.4098664539066793,0.5546065874288983,-0.04158060852259764,0.4085204026850219,0.5403488576044828,-0.0842833554921013,0.40998494507129796,6.361765301251388
P03_long,180,247,1.5479999999998963,0.5533998965336426,-0.04796261344943311,0.4098664539066793,0.5545802123826051,-0.04169779486874094,0.40852023945828625,0.5403067716562253,-0.08440237090842681,0.4099700239963682,6.375037047131409
P03_long,180,247,1.5499999999998961,0.5533558382240952,-0.04808999263056202,0.4098664539066793,0.5545538146996821,-0.04181367099314805,0.40852081873993923,0.5402654657286299,-0.08451537543638421,0.4099659981444103,6.389629170173376
P03_long,180,247,1.551999999999896,0.5533117799145479,-0.04821737181169092,0.4098664539066793,0.5545273142598144,-0.0419285925391331,0.40852203621139793,0.5402242852414464,-0.08462403758967678,0.4099711759219932,6.405175132927683
P03_long,180,247,1.5539999999998957,0.5532677216050004,-0.04834475099281982,0.4098664539066793,0.5544996510624587,-0.042044746835957145,0.4085225456453477,0.5401846492104758,-0.08473617915879438,0.409970110496213,6.419322593906657
P03_long,180,247,1.5559999999998955,0.553223663295453,-0.04847213017394872,0.4098664539066793,0.5544722645025598,-0.042159903234744736,0.40852373534085085,0.5401450594018984,-0.08484346052186342,0.40997738507745285,6.434532920609002
P03_long,180,247,1.5579999999998952,0.5531796049859056,-0.04859950935507762,0.4098664539066793,0.554444887113408,-0.04227438932232599,0.4085254859830522,0.5401048097192425,-0.08494766042932593,0.40999192193005407,6.450432721212824
P03_long,180,247,1.559999999999895,0.5531355466763582,-0.04872688853620652,0.4098664539066793,0.5544168769550949,-0.04238959474800445,0.4085266861321905,0.5400589306475159,-0.08505260624524473,0.4100139105167743,6.465531675059051
P03_long,180,247,1.5619999999998948,0.5530914883668108,-0.04885426771733542,0.4098664539066793,0.5543883293858539,-0.042505443119388996,0.4085274168666265,0.5400083159231612,-0.08515801886746949,0.41004188733011665,6.479920555389738
P03_long,180,247,1.5639999999998946,0.5530474300572634,-0.04898164689846433,0.4098664539066793,0.5543593054399414,-0.042621905078790975,0.408527750193208,0.5399536329289433,-0.08526389152263371,0.4100746728115248,6.49363788893241
P03_long,180,247,1.5659999999998944,0.553003371747716,-0.04910902607959323,0.4098664539066793,0.5543295044047691,-0.04274034561716865,0.4085275373661471,0.5398956063626228,-0.0853799937839418,0.4100768185230422,6.505283902841708
P03_long,180,247,1.5679999999998941,0.5529593134381685,-0.049236405260722135,0.4098664539066793,0.5542991532308895,-0.04286016970483988,0.4085268949027818,0.5398343897343603,-0.08550583794599304,0.41004791857882517,6.515485441182093
P03_long,180,247,1.569999999999894,0.5529152551286212,-0.049363784441851036,0.4098664539066793,0.5542685776552785,-0.04298070037174567,0.4085259340721764,0.5397803307896137,-0.08563657142986482,0.4100183616769324,6.524970812746291
P03_long,180,247,1.5719999999998937,0.5528703291345527,-0.049496877069644396,0.4098664539066793,0.5542376859843636,-0.043101864923072414,0.40852470860706547,0.5397329938763048,-0.08577279835337984,0.4099866272075314,6.539560008863598
P03_long,180,247,1.5739999999998935,0.5528238939678207,-0.04963990715432588,0.40986645390667936,0.5542066008258362,-0.04322243438922449,0.4085234318911616,0.5396834058429086,-0.08590155201983593,0.4099699091099441,6.56474180345435
P03_long,180,247,1.5759999999998933,0.5527774588010888,-0.04978293723900737,0.4098664539066793,0.5541757962542655,-0.04334162396051332,0.40852314980355026,0.5396358634119026,-0.0860221419306097,0.40996460316846645,6.591347691076584
P03_long,180,247,1.577999999999893,0.5527310236343568,-0.049925967323688855,0.4098664539066793,0.5541450817818403,-0.04345987528034273,0.4085237113768674,0.5395893497116452,-0.0861369366137449,0.40996896223863266,6.618905253702352
P03_long,180,247,1.5799999999998928,0.5526845884676248,-0.05006899740837034,0.40986645390667936,0.5541133384069293,-0.043579398026624055,0.4085237295882381,0.539545098967474,-0.0862541682886908,0.409967067245683,6.645015163611327
P03_long,180,247,1.5819999999998926,0.5526381533008928,-0.05021202749305183,0.4098664539066793,0.5540819706546825,-0.04369802505685702,0.4085245648709648,0.5395014472763888,-0.08636579312328906,0.4099738429780032,6.672093846001864
P03_long,180,247,1.5839999999998924,0.5525917181341609,-0.050355057577733314,0.4098664539066793,0.5540506921566745,-0.04381610501641306,0.4085260721022404,0.5394575832624735,-0.08647378545134897,0.4099881231948846,6.699739233549784
P03_long,180,247,1.5859999999998922,0.5525452829674288,-0.0504980876624148,0.4098664539066793,0.5540193564551246,-0.043933877267407856,0.4085281172344597,0.5394131579159364,-0.08657935758993733,0.41000868734781565,6.727685393732742
P03_long,180,247,1.587999999999892,0.5524988478006968,-0.05064111774709629,0.4098664539066793,0.5539873632201838,-0.04405271641513457,0.4085295697672938,0.5393632313519261,-0.08668612823615424,0.4100356877303944,6.754458547140958
P03_long,180,247,1.5899999999998917,0.5524524126339648,-0.05078414783177777,0.4098664539066793,0.5539544354434274,-0.04417406003398641,0.4085302651213799,0.5393099849618571,-0.08680291414670115,0.4100318818652206,6.778593749049724
P03_long,180,247,1.5919999999998915,0.5524059774672329,-0.05092717791645926,0.4098664539066793,0.5539211359888813,-0.04429684711546057,0.40853041204361384,0.5392612223724351,-0.0869248352163134,0.4100241576539753,6.801249287917308
P03_long,180,247,1.5939999999998913,0.5523595423005009,-0.051070208001140746,0.4098664539066793,0.5538874372161328,-0.044420842937804295,0.4085301025507535,0.5392170804082985,-0.08705237964517426,0.4100114338480839,6.822647478708916
P03_long,180,247,1.595999999999891,0.5523131071337689,-0.05121323808582224,0.4098664539066793,0.5538535185947026,-0.044544601294896874,0.4085296108309521,0.5391693314226521,-0.08717497919002874,0.41001027696937326,6.844237292661548
P03_long,180,247,1.5979999999998908,0.5522666719670368,-0.051356268170503726,0.4098664539066793,0.553818901182314,-0.0446690939182848,0.4085288063996373,0.5391240771689003,-0.0872981795345192,0.410004113007957,6.86496285614859
P03_long,180,247,1.5999999999998906,0.552220236800305,-0.05149929825518521,0.4098664539066793,0.5537838196165131,-0.04479433602739199,0.40852771233917046,0.5390809692313396,-0.08742183485672318,0.40999282307951607,6.884860906312873
P03_long,180,247,1.6019999999998904,0.552173801633573,-0.05164232833986669,0.4098664539066793,0.55374894951382,-0.044919413111996175,0.40852672098485193,0.5390336497871084,-0.08754162487975688,0.40999348846284894,6.904975018476174
P03_long,180,247,1.6039999999998902,0.552127366466841,-0.05178535842454818,0.4098664539066793,0.5537140854017208,-0.04504582861879315,0.4085258625430037,0.5389904134550224,-0.08766491879032753,0.4099913995046154,6.923795128465787
P03_long,180,247,1.60599999999989,0.5520793560412234,-0.0519312725069479,0.4098664539066793,0.5536790807258511,-0.04517321925517734,0.40852508413690547,0.5389516639250289,-0.08779249856197374,0.4099852585790305,6.944811215603639
P03_long,180,247,1.6079999999998897,0.5520305721776844,-0.052078602606245306,0.40986645390667925,0.553644362107349,-0.04529930478154147,0.40852520678468013,0.538912087466973,-0.08791365412831915,0.4099896684980991,6.968729936876677
P03_long,180,247,1.6099999999998895,0.5519817883141455,-0.05222593270554271,0.4098664539066793,0.5536090939133359,-0.04542540518278276,0.40852509012533106,0.5388664024804666,-0.08803268960133377,0.4100033512887303,6.992517293576907
P03_long,180,247,1.6119999999998893,0.5519330044506064,-0.052373262804840115,0.4098664539066793,0.5535729607874925,-0.04555236098515819,0.40852460772546284,0.5388231004324107,-0.08815430088456198,0.4100092300134973,7.015280352247725
P03_long,180,247,1.613999999999889,0.5518842205870675,-0.05252059290413752,0.4098664539066793,0.553536398318181,-0.04568088672894491,0.40852384644409523,0.5387764139475848,-0.0882860316138372,0.4099844066825903,7.036424647372786
P03_long,180,247,1.6159999999998889,0.5518354367235285,-0.052667923003434924,0.4098664539066793,0.5534999811813273,-0.045810285447461296,0.4085231817475601,0.5387356034936204,-0.08842099656921966,0.4099589581864642,7.056762791896043
P03_long,180,247,1.6179999999998886,0.5517866528599895,-0.05281525310273233,0.4098664539066793,0.5534640441789203,-0.045937875216057966,0.4085236414205532,0.5386955550144129,-0.08854735948290314,0.4099476226892761,7.078980734042278
P03_long,180,247,1.6199999999998884,0.5517378689964506,-0.05296258320202974,0.4098664539066793,0.5534283464098244,-0.046064250471517264,0.40852509197250786,0.5386552299842335,-0.08866817876704183,0.40994871768033914,7.102443829132809
P03_long,180,247,1.6219999999998882,0.5516890851329117,-0.05310991330132714,0.4098664539066793,0.5533927280079344,-0.04618979488148402,0.40852736362062064,0.5386140937885109,-0.08878521325150117,0.40996037003709945,7.126741049755321
P03_long,180,247,1.623999999999888,0.5516403012693727,-0.05325724340062455,0.4098664539066793,0.5533569188161445,-0.04631486826242416,0.4085301022178155,0.5385710391585201,-0.08889941677289845,0.40998007473359693,7.151457778760048
P03_long,180,247,1.6259999999998878,0.5515915174058337,-0.053404573499921955,0.4098664539066793,0.5533203884502043,-0.046440907134539876,0.40853216842249973,0.5385212285019793,-0.08901435315021233,0.41000740923074386,7.175071033545012
P03_long,180,247,1.6279999999998875,0.5515427335422947,-0.05355190359921936,0.4098664539066793,0.5532833194757535,-0.04656781263728864,0.40853367482936087,0.538465814033655,-0.08912965799488157,0.41004085766388537,7.1977194969154725
P03_long,180,247,1.6299999999998873,0.5514939496787559,-0.053699233698516764,0.4098664539066793,0.5532453461611968,-0.046696213176104215,0.4085344376642388,0.538413954409595,-0.08924954790248095,0.4100640417154331,7.218703905552425
P03_long,180,247,1.631999999999887,0.5514451658152169,-0.053846563797814176,0.4098664539066793,0.5532069050975313,-0.04682665498615704,0.40853467772448393,0.5383587983685455,-0.08937924475692235,0.41005624819000547,7.2375993964042715
P03_long,180,247,1.6339999999998869,0.5513963819516778,-0.053993893897111574,0.4098664539066793,0.5531683371620651,-0.046958241766874076,0.40853453315492366,0.5383076365397819,-0.08951320117511119,0.41004611161919546,7.255358444993202
P03_long,180,247,1.6359999999998867,0.5513475980881388,-0.054141223996408985,0.4098664539066793,0.5531295092438928,-0.04709081787352005,0.40853404815240235,0.5382605126387451,-0.08965214241257982,0.4100323929543926,7.272099687481624
P03_long,180,247,1.6379999999998864,0.5512988142245999,-0.05428855409570638,0.4098664539066793,0.5530903852635621,-0.047224254983144004,0.4085332740672432,0.5382176474547312,-0.08979661748288492,0.4100139010623794,7.287938579557169
P03_long,180,247,1.6399999999998862,0.5512537064794449,-0.05444278192667912,0.4098664539066793,0.5530506184222883,-0.0473579150053599,0.4085321183689131,0.5381769522386948,-0.08993863210069909,0.40999513675477234,7.309188178117758
P03_long,180,247,1.641999999999886,0.5512086878408211,-0.054597176953829644,0.4098664539066793,0.5530116104737353,-0.04748992840650661,0.4085321184225975,0.5381359214522313,-0.09007136935004872,0.40998898372324316,7.332360597631538
P03_long,180,247,1.6439999999998858,0.5511636692021973,-0.05475157198098017,0.4098664539066793,0.5529719301245699,-0.04762288914850829,0.4085317737830202,0.538096171686902,-0.09020538723368252,0.40997924253375273,7.354449434822381
P03_long,180,247,1.6459999999998856,0.5511186505635736,-0.0549059670081307,0.4098664539066793,0.5529329899055745,-0.04775455200395918,0.40853249926142565,0.5380552888589067,-0.0903321692398082,0.40998091936117,7.3779783009861095
P03_long,180,247,1.6479999999998853,0.5510736319249497,-0.05506036203528122,0.4098664539066793,0.552893874767339,-0.04788660258398861,0.4085330402156194,0.5380076354203678,-0.0904570946584271,0.40999382862804024,7.401088343634286
P03_long,180,247,1.6499999999998851,0.5510286132863259,-0.05521475706243175,0.40986645390667936,0.5528545652973091,-0.04801910284986428,0.4085333982723369,0.5379540393839741,-0.09058065629010931,0.4100160018493945,7.4237147233210505
P03_long,180,247,1.651999999999885,0.550983594647702,-0.05536915208958226,0.4098664539066793,0.5528149114946229,-0.04815333671007811,0.4085333983202606,0.5379020985163684,-0.09071026478701967,0.4100322699404365,7.444576078253558
P03_long,180,247,1.6539999999998847,0.5509385760090783,-0.055523547116732797,0.4098664539066793,0.5527747320293219,-0.048289162119987364,0.4085330295605667,0.5378467721534356,-0.09084989603982617,0.41001775565617293,7.46376548478129
P03_long,180,247,1.6559999999998845,0.5508935573704545,-0.05567794214388332,0.4098664539066793,0.5527344669318144,-0.04842588660300755,0.4085324184718966,0.53779642695872,-0.09099476634143486,0.409999850145464,7.4820623882090915
P03_long,180,247,1.6579999999998842,0.5508485387318307,-0.05583233717103385,0.4098664539066793,0.5526937154939535,-0.048562888648506206,0.40853156712600835,0.5377484530341793,-0.09113712331807762,0.40998004214898587,7.499970606952895
P03_long,180,247,1.659999999999884,0.5508035200932069,-0.05598673219818437,0.4098664539066793,0.5526538056993712,-0.04869827650091002,0.4085318781515005,0.537701152995946,-0.09127058255780796,0.4099734386983362,7.5196504756211695
P03_long,180,247,1.6619999999998838,0.550758501454583,-0.056141127225334896,0.4098664539066793,0.5526143481752502,-0.04883256755777605,0.4085331625778439,0.5376533891499187,-0.09139811052990308,0.4099783412975763,7.540504722157467
P03_long,180,247,1.6639999999998836,0.5507134828159592,-0.05629552225248542,0.4098664539066793,0.5525751321873875,-0.04896610937349252,0.40853523450122137,0.537604675995864,-0.0915215007166081,0.40999293493336686,7.562144638453192
P03_long,180,247,1.6659999999998834,0.5506684641773354,-0.05644991727963595,0.4098664539066793,0.5525354605667852,-0.04910046256652541,0.40853682850497436,0.5375496526286349,-0.0916448831472747,0.4100166869056115,7.582886000612246
P03_long,180,247,1.6679999999998831,0.5506234455387117,-0.056604312306786454,0.4098664539066793,0.5524952807459123,-0.04923687798004909,0.40853780423315517,0.5374964766720353,-0.0917744328957652,0.41003388940218216,7.601503509287073
P03_long,180,247,1.669999999999883,0.5505784269000878,-0.05675870733393698,0.4098664539066793,0.5524544878148319,-0.04937507739328276,0.40853820673223334,0.537440008991058,-0.09191367688072638,0.41002004023233773,7.618240981772344
P03_long,180,247,1.6719999999998827,0.5505324327082074,-0.056926144957197465,0.4098664539066793,0.5524131903630787,-0.04951376209552984,0.40853807266730496,0.5373871679479917,-0.09205205010033403,0.4100030688678136,7.647265461869418
P03_long,180,247,1.6739999999998825,0.5504839543396416,-0.05712679461983799,0.4098664539066793,0.5523721908669713,-0.04965223068070329,0.40853791768032577,0.5373305878554618,-0.09218564358381671,0.4100001767529694,7.709380212660095
P03_long,180,247,1.6759999999998823,0.5504354759710757,-0.057327444282478504,0.4098664539066793,0.5523312630077604,-0.04979093393575525,0.40853772934336297,0.5372698908101007,-0.09231643237617546,0.41000953541364027,7.771293115996104
P03_long,180,247,1.677999999999882,0.5503869976025098,-0.05752809394511903,0.4098664539066793,0.552290394221106,-0.04993151186600056,0.40853762806030763,0.5372144243491916,-0.09245173386337947,0.41001504529530697,7.831409705312805
P03_long,180,247,1.6799999999998818,0.5503385192339438,-0.05772874360775955,0.4098664539066793,0.5522490320793539,-0.05007404935865199,0.4085373536585183,0.5371568966606785,-0.0925904630098192,0.40999137291343335,7.88951223966332
P03_long,180,247,1.6819999999998816,0.5502900408653779,-0.057929393270400066,0.4098664539066793,0.5522082963302677,-0.050215113855108046,0.4085381023560355,0.537101333763681,-0.09272174086073631,0.4099820718376405,7.949201904957357
P03_long,180,247,1.6839999999998814,0.550241562496812,-0.05813004293304058,0.4098664539066793,0.5521679479977951,-0.05035540780575285,0.4085397901481614,0.5370462989369784,-0.09284872876099627,0.40998559639758736,8.009738601281212
P03_long,180,247,1.6859999999998811,0.5501930841282461,-0.058330692595681105,0.4098664539066793,0.5521278246334191,-0.050495380744268945,0.40854227254165226,0.5369910057562297,-0.09297315356009435,0.41000011415169585,8.070646357711206
P03_long,180,247,1.687999999999881,0.5501446057596802,-0.05853134225832163,0.4098664539066793,0.5520872020399209,-0.050636750629350774,0.4085442310333809,0.5369295417778497,-0.09309911546486435,0.41002497374242,8.130083474123856
P03_long,180,247,1.6899999999998807,0.5500961273911144,-0.05873199192096214,0.4098664539066793,0.5520457027991976,-0.05078018780541904,0.40854544758029404,0.5368717398150306,-0.09323081274952706,0.4100418648875748,8.187309262741401
P03_long,180,247,1.6919999999998805,0.5500476490225484,-0.05893264158360266,0.4098664539066793,0.5520040734167648,-0.05092606837435802,0.4085461967969016,0.5368158805157058,-0.09336792127127752,0.4100547071878745,8.242136310767917
P03_long,180,247,1.6939999999998803,0.5499991706539825,-0.05913329124624318,0.4098664539066793,0.5519619286235289,-0.051074311340375406,0.4085464481048011,0.5367566079611564,-0.0935149451520048,0.41003668330157356,8.294550980625678
P03_long,180,247,1.69599999999988,0.5499506922854166,-0.0593339409088837,0.4098664539066793,0.5519197208558778,-0.05122416251109116,0.4085463629771921,0.5367020698864643,-0.09366690717470758,0.4100173169078164,8.345392691335446
P03_long,180,247,1.6979999999998798,0.5499022139168507,-0.05953459057152422,0.4098664539066793,0.5518775364703776,-0.051374058355153226,0.40854620653461815,0.5366428999677135,-0.09381357763587973,0.4100138038016474,8.396200643439933
P03_long,180,247,1.6999999999998796,0.5498537355482848,-0.05973524023416474,0.4098664539066793,0.5518352945780423,-0.05152440725972933,0.4085460149254242,0.5365787701263521,-0.09395711935867804,0.4100239514959972,8.446558726634727
P03_long,180,247,1.7019999999998794,0.5498052571797188,-0.05993588989680526,0.4098664539066793,0.5517924477185402,-0.0516761576196704,0.40854549300173215,0.5365190378780506,-0.0941036263925877,0.4100294041066649,8.49541661883186
P03_long,180,247,1.7039999999998792,0.549756778811153,-0.060136539559445784,0.4098664539066793,0.5517492583188773,-0.05182924042098367,0.4085447313059106,0.536463969960007,-0.09425257293738516,0.41002878405822246,8.542903111038697
P03_long,180,247,1.705999999999879,0.5497088393660938,-0.060344884418441054,0.4098664539066793,0.5517062927317988,-0.05198404144545066,0.4085439523781939,0.5364106309307255,-0.0944057011509843,0.4100274077619918,8.596133733671735
P03_long,180,247,1.7079999999998787,0.5496612781372745,-0.06055862976228167,0.40986645390667925,0.5516635234534744,-0.052140471480394246,0.4085433866307145,0.5363612627733292,-0.09456145929805398,0.41002403398409093,8.652998044906408
P03_long,180,247,1.7099999999998785,0.5496137169084554,-0.06077237510612231,0.4098664539066793,0.5516207934434001,-0.0522983810249274,0.4085429640551329,0.5363159981290979,-0.0947210757091546,0.410017475370416,8.708440268225532
P03_long,180,247,1.7119999999998783,0.5495661556796361,-0.06098612044996293,0.4098664539066793,0.5515780264186867,-0.05245768104355484,0.4085426394022157,0.536274976395753,-0.09488551530539335,0.41000656088494053,8.762528321176632
P03_long,180,247,1.713999999999878,0.5495185944508169,-0.06119986579380356,0.4098664539066793,0.5515346126217067,-0.05261739475859481,0.40854215995401033,0.5362353952774661,-0.0950486186514261,0.40999455948036795,8.816072727442476
P03_long,180,247,1.7159999999998778,0.5494710332219976,-0.061413611137644195,0.4098664539066793,0.5514909156503718,-0.052777888150811386,0.40854158293314763,0.5361974696096377,-0.09521159777041062,0.4099808806233734,8.868801301741243
P03_long,180,247,1.7179999999998776,0.5494234719931784,-0.06162735648148482,0.4098664539066793,0.551448316118813,-0.052936937276113656,0.40854242472855096,0.5361567441375179,-0.09536581575400954,0.40998185186425445,8.923193357660733
P03_long,180,247,1.7199999999998774,0.5493759107643592,-0.06184110182532545,0.4098664539066793,0.5514063251444847,-0.05309518754139106,0.4085444437639151,0.5361124775024604,-0.09551456458863038,0.4099957946757744,8.978507627492897
P03_long,180,247,1.7219999999998772,0.54932834953554,-0.06205484716916608,0.4098664539066793,0.5513640121433048,-0.053254620697786303,0.40854613510785487,0.536058741072619,-0.09566301022985953,0.4100220251262614,9.032602515345454
P03_long,180,247,1.723999999999877,0.5492807883067208,-0.062268592513006704,0.4098664539066793,0.5513212250684808,-0.053416758207074755,0.40854727555930287,0.5360049439297963,-0.09581757930607912,0.4100431182598692,9.083961292212527
P03_long,180,247,1.7259999999998767,0.5492332270779016,-0.06248233785684734,0.4098664539066793,0.5512777804584984,-0.05358136607437282,0.40854784876506556,0.5359476962839808,-0.09598206552816275,0.4100333648682998,9.13277051055799
P03_long,180,247,1.7279999999998765,0.5491856658490823,-0.06269608320068797,0.4098664539066793,0.551233966115493,-0.05374799465186329,0.4085479966380069,0.5358870853125606,-0.0961562107304674,0.4099925440358523,9.179532812675452
P03_long,180,247,1.7299999999998763,0.549138104620263,-0.06290982854452859,0.4098664539066793,0.5511903998061756,-0.05391439319410066,0.40854809841248363,0.5358222551722449,-0.09632267425034576,0.40997301162045097,9.226579684468579
P03_long,180,247,1.731999999999876,0.5490905433914439,-0.06312357388836923,0.4098664539066793,0.5511469020027144,-0.05408106948142789,0.40854818415634575,0.5357524901656378,-0.09648438853129737,0.409972032955957,9.273375689990127
P03_long,180,247,1.7339999999998759,0.5490429821626246,-0.06333731923220985,0.4098664539066793,0.5511033792061346,-0.05424831941641893,0.4085482444147014,0.5356777670320132,-0.09664304626454055,0.40998679155687795,9.319611238048088
P03_long,180,247,1.7359999999998756,0.5489954209338054,-0.06355106457605048,0.4098664539066793,0.5510606269168354,-0.05441517816915202,0.408549599800779,0.5356042811084304,-0.09679754121828184,0.41001455454076197,9.36640252135766
P03_long,180,247,1.7379999999998754,0.5489478597049862,-0.06376480991989111,0.4098664539066793,0.5510169466543874,-0.05458498185091952,0.4085503265789854,0.5355270775477874,-0.0969626215643365,0.4100120530617012,9.410120306354282
P03_long,180,247,1.7399999999998752,0.5489023496012485,-0.06396988621927678,0.4098664539066793,0.5509732832614145,-0.05475671392776864,0.4085509437447933,0.5354572795675671,-0.0971308806552887,0.4100079271521053,9.443056173603006
P03_long,180,247,1.741999999999875,0.5488570846150516,-0.06417392653364301,0.4098664539066793,0.5509290313391332,-0.05493027158145433,0.4085510797461831,0.5353840846374079,-0.09730877096082596,0.4099727329671834,9.47302064299212
P03_long,180,247,1.7439999999998748,0.5488118196288547,-0.06437796684800925,0.40986645390667925,0.5508856466456378,-0.0551019097061172,0.40855239728369647,0.5353131774112949,-0.09747638263061668,0.40995805467521435,9.505051004344265
P03_long,180,247,1.7459999999998745,0.5487665546426579,-0.0645820071623755,0.4098664539066793,0.5508415487501614,-0.05527661182485645,0.40855341777461474,0.5352545989842188,-0.09761355814989561,0.409946901332794,9.533938479647103
P03_long,180,247,1.7479999999998743,0.548721289656461,-0.06478604747674173,0.4098664539066793,0.550798366715745,-0.055449112054392694,0.4085554995160279,0.5351960961052483,-0.09774788474467186,0.40995096773223866,9.56517706011341
P03_long,180,247,1.749999999999874,0.548676024670264,-0.06499008779110796,0.4098664539066793,0.5507557708272628,-0.05562023058350394,0.40855856608749475,0.535136150185947,-0.09788216335609205,0.40996889040105505,9.59789394442553
P03_long,180,247,1.7519999999998739,0.5486307596840673,-0.06519412810547422,0.4098664539066793,0.5507135597993921,-0.05579049004771563,0.4085624499806087,0.5350736952328073,-0.09801785735391068,0.40999909584689836,9.63153492656922
P03_long,180,247,1.7539999999998737,0.5485854946978703,-0.06539816841984045,0.4098664539066793,0.5506708394603422,-0.05596199968455796,0.4085655956431028,0.5350026709367031,-0.09815860330660588,0.41004057494758056,9.66384722453184
P03_long,180,247,1.7559999999998734,0.5485402297116734,-0.06560220873420669,0.4098664539066793,0.5506272237318741,-0.05613541274607982,0.40856778825824336,0.5349347244439163,-0.09830850559794181,0.41007476027994155,9.694110084023633
P03_long,180,247,1.7579999999998732,0.5484949647254765,-0.06580624904857293,0.4098664539066793,0.5505831429188659,-0.056311631643864976,0.4085692129238586,0.534863031274833,-0.09846890328635868,0.41007859897171833,9.721535260910702
P03_long,180,247,1.759999999999873,0.5484496997392797,-0.06601028936293918,0.4098664539066793,0.5505390773271903,-0.0564895181224527,0.4085700874504611,0.5347943057821363,-0.09863422700360215,0.41008198561749204,9.747337262993293
P03_long,180,247,1.7619999999998728,0.5484044347530828,-0.06621432967730542,0.4098664539066793,0.5504948792347761,-0.05666885808628655,0.40857047453300627,0.5347286488011068,-0.0988048778125038,0.4100834211435953,9.7716930992531
P03_long,180,247,1.7639999999998726,0.5483591697668859,-0.06641836999167165,0.4098664539066793,0.5504502345665097,-0.05684982310867363,0.4085703859731771,0.5346593907076309,-0.0989855727230512,0.41005412672759456,9.794367843222785
P03_long,180,247,1.7659999999998723,0.548313904780689,-0.0666224103060379,0.4098664539066793,0.5504058530706087,-0.057030054449501676,0.4085702371654056,0.5345855768212845,-0.09916007477548311,0.41004541826729207,9.817817401343486
P03_long,180,247,1.7679999999998721,0.548268639794492,-0.06682645062040414,0.4098664539066793,0.5503615815928491,-0.05721010830432609,0.4085700645473332,0.5345066040527751,-0.09933102569012202,0.4100546732622969,9.841465587568932
P03_long,180,247,1.769999999999872,0.5482233748082952,-0.06703049093477038,0.4098664539066793,0.5503167864424298,-0.057391033931116484,0.4085695434431372,0.5344322715248662,-0.09950508594071658,0.4100616663229875,9.86415245194549
P03_long,180,247,1.7719999999998717,0.5481778382057236,-0.06723177849550345,0.4098664539066793,0.5502721372400711,-0.05757346770269635,0.40856889165083077,0.5343609550045205,-0.09968432441656858,0.410067732628563,9.882765595506287
P03_long,180,247,1.7739999999998715,0.5481312075736531,-0.06742197838274189,0.4098664539066793,0.5502271612491032,-0.05775740544827897,0.40856801142464827,0.5342859409226383,-0.0998737835914665,0.4100432409325521,9.889236159339411
P03_long,180,247,1.7759999999998712,0.5480845769415824,-0.06761217826998034,0.4098664539066793,0.5501822646575166,-0.05794208901214691,0.4085669975711176,0.5342165351207866,-0.100067903416047,0.41001969737493854,9.894994694695232
P03_long,180,247,1.777999999999871,0.5480379463095117,-0.06780237815721879,0.4098664539066793,0.5501375066999826,-0.058125901538130895,0.40856606548685953,0.5341420073635399,-0.10025364813902432,0.4100159901963372,9.90163388502064
P03_long,180,247,1.7799999999998708,0.5479913156774412,-0.06799257804445721,0.4098664539066793,0.5500922711420567,-0.05831004809572312,0.4085649104753348,0.5340724833378329,-0.10043937626460336,0.4100122343421047,9.907845379921433
P03_long,180,247,1.7819999999998706,0.5479446850453705,-0.06818277793169567,0.4098664539066793,0.5500469418440337,-0.05849581058870227,0.40856384065840845,0.53400043571103,-0.10062458050057425,0.40998023875855777,9.91245781588734
P03_long,180,247,1.7839999999998704,0.5478980544132999,-0.06837297781893412,0.4098664539066793,0.5500028795500467,-0.058679350673318004,0.4085642661946036,0.533930174566923,-0.10080044875134449,0.40996997100129,9.919510879801829
P03_long,180,247,1.7859999999998701,0.5478514237812293,-0.06856317770617255,0.4098664539066793,0.54995952860146,-0.05886136633689272,0.40856593833837973,0.5338598672501775,-0.1009705764494581,0.4099785839920941,9.928204761091877
P03_long,180,247,1.78799999999987,0.5478047931491588,-0.06875337759341099,0.4098664539066793,0.5499165823420971,-0.059042306703071604,0.4085686037182913,0.5337886844953572,-0.10113693901611102,0.4100030158283395,9.938035592238943
P03_long,180,247,1.7899999999998697,0.5477581625170881,-0.06894357748064944,0.4098664539066793,0.5498729606149305,-0.05922373518307324,0.40857064031799917,0.5337100355894827,-0.10130282303954945,0.4100400513821284,9.947246115603527
P03_long,180,247,1.7919999999998695,0.5477115318850174,-0.0691337773678879,0.4098664539066793,0.5498287170581395,-0.05940716622638266,0.4085719330060239,0.5336335825326989,-0.10147494584815246,0.4100714299864351,9.954367752667258
P03_long,180,247,1.7939999999998693,0.5476649012529469,-0.06932397725512633,0.4098664539066793,0.5497838032327987,-0.05959227420485406,0.4085725513564751,0.5335536860783429,-0.10165639596831565,0.410071524566744,9.959708321979056
P03_long,180,247,1.795999999999869,0.5476182706208762,-0.06951417714236477,0.4098664539066793,0.5497385210970444,-0.05977860218897672,0.4085726615847263,0.533470414361487,-0.10184696806414945,0.4100401626866457,9.963778487839235
P03_long,180,247,1.7979999999998688,0.5475716399888056,-0.06970437702960322,0.4098664539066793,0.5496930030448854,-0.05996587298786216,0.40857238072156543,0.5333837713212013,-0.10204663083335032,0.40997731437079044,9.96687725351864
P03_long,180,247,1.7999999999998686,0.547525009356735,-0.06989457691684166,0.4098664539066793,0.5496485474509587,-0.060150313785581534,0.4085733394592713,0.5333007625509805,-0.1022331822143127,0.40994190022639404,9.972967362267596
P03_long,180,247,1.8019999999998684,0.5474783787246644,-0.07008477680408011,0.4098664539066793,0.5496047543329518,-0.060332758616263533,0.40857540514017904,0.5332188985622696,-0.10241117409303309,0.40993052859158596,9.981148829820373
P03_long,180,247,1.8039999999998682,0.5474317480925938,-0.07027497669131855,0.4098664539066793,0.5495599518598684,-0.06051821420216752,0.4085769166473019,0.5331498194151203,-0.10255784567676393,0.4099240220933291,9.98617371893492
P03_long,180,247,1.805999999999868,0.547392922093225,-0.07047220944226541,0.4098664539066793,0.5495160045545877,-0.06070105557099406,0.4085793543280326,0.5330803186511381,-0.10270180915889415,0.40993459098098756,9.999146319251814
P03_long,180,247,1.8079999999998677,0.5473617605235753,-0.07067634871805169,0.40986645390667925,0.5494726809049413,-0.06088214641710313,0.408582687217932,0.5330087431043958,-0.10284595402630867,0.40996069063273866,10.01910093613056
P03_long,180,247,1.8099999999998675,0.5473305989539258,-0.07088048799383798,0.4098664539066793,0.5494291009244027,-0.06106385866882655,0.40858540446058234,0.5329297993801613,-0.10299394631876799,0.4100001454083961,10.03842227766743
P03_long,180,247,1.8119999999998673,0.5472994373842761,-0.07108462726962424,0.4098664539066793,0.5493854571407044,-0.0612462312003771,0.4085876030809593,0.5328446820021926,-0.1031449983732881,0.410050339891217,10.057112689016996
P03_long,180,247,1.813999999999867,0.5472682758146266,-0.07128876654541053,0.4098664539066793,0.549341843073423,-0.06142933438582335,0.40858935343890523,0.5327542494663758,-0.10329875564371538,0.4101091046203833,10.075122018430083
P03_long,180,247,1.8159999999998668,0.5472371142449769,-0.07149290582119679,0.4098664539066793,0.5492978683888932,-0.061614910103014446,0.4085904456331707,0.532659836153284,-0.10346305822511347,0.4101376225965923,10.090664351275228
P03_long,180,247,1.8179999999998666,0.5472059526753273,-0.07169704509698308,0.4098664539066793,0.5492537991844608,-0.06180224307028562,0.4085910072194888,0.5325616779048258,-0.10363724998948048,0.4101353465411398,10.104493182367252
P03_long,180,247,1.8199999999998664,0.5471747911056777,-0.07190118437276935,0.4098664539066793,0.5492097577027867,-0.061990954604249096,0.408591146877316,0.5324598437455892,-0.10382111802282655,0.4101020997432115,10.117002674518496
P03_long,180,247,1.8219999999998662,0.5471436295360281,-0.07210532364855562,0.4098664539066793,0.549165806539964,-0.06218079517943653,0.4085909510642152,0.532354365246532,-0.10401454899294864,0.4100377837459008,10.128448310062238
P03_long,180,247,1.823999999999866,0.5471124679663785,-0.0723094629243419,0.4098664539066793,0.549122247707748,-0.06237115285889054,0.4085904892424541,0.5322607431419504,-0.10421231977030383,0.4099821030716981,10.13948822997843
P03_long,180,247,1.8259999999998657,0.5470813063967288,-0.07251360220012817,0.4098664539066793,0.549080019454653,-0.0625594000098544,0.40859137215044145,0.5321730505813825,-0.10439880596943749,0.4099538482192184,10.152881124723564
P03_long,180,247,1.8279999999998655,0.5470501448270793,-0.07271774147591445,0.4098664539066793,0.5490386913802592,-0.06274623088170611,0.4085933944609138,0.5320888707259313,-0.1045777602520901,0.40994903996979504,10.1678582270099
P03_long,180,247,1.8299999999998653,0.5470189832574297,-0.07292188075170072,0.4098664539066793,0.5489980027254354,-0.06293209376210851,0.4085963345832193,0.5320067625350824,-0.10475139752924238,0.4099637364757467,10.183926656853508
P03_long,180,247,1.831999999999865,0.54698782168778,-0.073126020027487,0.4098664539066793,0.5489568664501924,-0.0631185780790071,0.4085985681120423,0.5319195129792402,-0.10492324127279927,0.4099938900509787,10.199315252926471
P03_long,180,247,1.8339999999998648,0.5469566601181304,-0.07333015930327327,0.4098664539066793,0.5489155584706469,-0.06330569403807376,0.40860023231476184,0.5318281172600713,-0.10509344224832058,0.4100364022134655,10.214068073431045
P03_long,180,247,1.8359999999998646,0.5469254985484808,-0.07353429857905955,0.4098664539066793,0.5488740146385866,-0.06349482261339734,0.40860122857959197,0.5317412167482205,-0.10527030310419733,0.41007309224562,10.22681732595779
P03_long,180,247,1.8379999999998644,0.5468943369788312,-0.07373843785484582,0.4098664539066793,0.5488321620940954,-0.06368566465129535,0.40860163734188043,0.5316506680307568,-0.10545651563596263,0.410078562907184,10.237842314636959
P03_long,180,247,1.8399999999998642,0.5468744340370364,-0.07394419487146861,0.4098664539066793,0.5487902206659192,-0.06387780425911262,0.4086015912860312,0.531556536870592,-0.10565188281248546,0.41005265510017,10.24707072132983
P03_long,180,247,1.841999999999864,0.5468571690708173,-0.07415033093613077,0.4098664539066793,0.5487483875825204,-0.06407148689963486,0.40860150156741604,0.5314624057104272,-0.10584724998900828,0.4099875072931561,10.254745465930288
P03_long,180,247,1.8439999999998637,0.5468399041045982,-0.07435646700079293,0.4098664539066793,0.5487068420991761,-0.06426633330904134,0.4086013947264019,0.5313854564121697,-0.1060070891973904,0.4099363356507638,10.261396366626677
P03_long,180,247,1.8459999999998635,0.546822639138379,-0.07456260306545512,0.4098664539066793,0.5486656626098738,-0.06446211134998377,0.4086012787428531,0.5313227909964567,-0.10613700657689892,0.40989597898156827,10.267261972443583
P03_long,180,247,1.8479999999998633,0.5468053741721599,-0.07476873913011728,0.4098664539066793,0.5486264848629967,-0.06465398707806674,0.4086027430385233,0.5312622538335471,-0.10626642408017295,0.40987809343992815,10.277385524672146
P03_long,180,247,1.849999999999863,0.5467881092059409,-0.07497487519477944,0.40986645390667936,0.5485887602321031,-0.0648431374098547,0.40860565290779693,0.5312008785304696,-0.10639883544319148,0.4098810536562763,10.290503129608908
P03_long,180,247,1.8519999999998629,0.5467708442397217,-0.0751810112594416,0.4098664539066793,0.548552141745697,-0.06503033354303267,0.40860975923020193,0.5311367469848994,-0.1065357874791103,0.4099026539856172,10.305788611610211
P03_long,180,247,1.8539999999998626,0.5467535792735025,-0.07538714732410377,0.4098664539066793,0.5485163987820182,-0.06521615329611147,0.40861481020301915,0.5310685837907065,-0.10667802328688179,0.40994064872970576,10.32262816036006
P03_long,180,247,1.8559999999998624,0.5467363143072834,-0.07559328338876595,0.4098664539066793,0.5484811606949433,-0.0654011617566937,0.408620345122496,0.5309947241224027,-0.10682549761071121,0.4099919436303876,10.340398071616251
P03_long,180,247,1.8579999999998622,0.5467190493410643,-0.07579941945342811,0.4098664539066793,0.54844546886101,-0.06558770938760536,0.40862475968267187,0.5309127722505401,-0.10697910709015161,0.41005253857448387,10.35661850351142
P03_long,180,247,1.859999999999862,0.5467017843748453,-0.07600555551809027,0.4098664539066793,0.5484091456453865,-0.06577614984058662,0.4086279546018741,0.5308331156590493,-0.10714191220566405,0.4101057479351742,10.370912352492802
P03_long,180,247,1.8619999999998618,0.5466845194086261,-0.07621169158275244,0.4098664539066793,0.5483726079286213,-0.06596740010814442,0.40863014318265944,0.5307501073403751,-0.10731512795936587,0.41012767394645133,10.38244434938451
P03_long,180,247,1.8639999999998615,0.546667254442407,-0.0764178276474146,0.4098664539066793,0.5483360543480538,-0.06616070563399855,0.4086315023204157,0.5306634369725763,-0.10749746888191333,0.41011821248873453,10.391989468970353
P03_long,180,247,1.8659999999998613,0.5466499894761878,-0.07662396371207678,0.4098664539066793,0.5482998981289905,-0.06635520739916106,0.4086322395758652,0.5305829648769259,-0.10768360007534937,0.4101108718943312,10.40045935411698
P03_long,180,247,1.867999999999861,0.5466327245099688,-0.07683009977673894,0.4098664539066793,0.5482639939009776,-0.06655074971653967,0.4086324419240903,0.5305082818393156,-0.10787441878239536,0.41010374650873777,10.407981431870487
P03_long,180,247,1.8699999999998609,0.5466154595437497,-0.07703623584140111,0.4098664539066793,0.5482282985269625,-0.06674718505748446,0.40863219250398747,0.5304392664826293,-0.10807058351242117,0.4100950064274272,10.414692295972399
P03_long,180,247,1.8719999999998607,0.5465992516301663,-0.07724408567693505,0.40986645390667925,0.5481928054734103,-0.06694438613209584,0.40863156658957117,0.530375895350635,-0.10827261057927466,0.41008297295029067,10.422246617945612
P03_long,180,247,1.8739999999998604,0.5465911140836631,-0.07746501978051616,0.4098664539066793,0.5481573270862485,-0.06714254735167946,0.4086306175917911,0.5303086864071914,-0.10848410914183836,0.4100398470130531,10.440615892444347
P03_long,180,247,1.8759999999998602,0.5465829765371601,-0.07768595388409727,0.4098664539066793,0.5481220844270248,-0.06734008250793155,0.4086294197731909,0.5302472929514819,-0.10869101877816162,0.41000478561387305,10.459727894587353
P03_long,180,247,1.87799999999986,0.546574838990657,-0.07790688798767839,0.4098664539066793,0.5480873626430975,-0.06753732144201775,0.4086283625187054,0.5301921577027903,-0.10889516711410399,0.40997322225382316,10.479295689314075
P03_long,180,247,1.8799999999998598,0.5465667014441539,-0.0781278220912595,0.4098664539066793,0.5480538151185474,-0.06773392640500792,0.40862758997081267,0.5301300164479209,-0.10909050779005033,0.40996517038165364,10.49974164526193
P03_long,180,247,1.8819999999998596,0.5465585638976508,-0.07834875619484062,0.4098664539066793,0.5480210589870731,-0.06793032657661036,0.40862698782971474,0.5300608351236905,-0.10927966811570311,0.4099770088911652,10.520578291928729
P03_long,180,247,1.8839999999998593,0.5465504263511477,-0.07856969029842173,0.4098664539066793,0.5479889091432325,-0.06812682357098916,0.40862647069596614,0.5299851898519502,-0.10946441350042711,0.41000523712416626,10.54147514487618
P03_long,180,247,1.8859999999998591,0.5465422888046446,-0.07879062440200285,0.4098664539066793,0.5479572672904032,-0.06832363126940882,0.4086259778967346,0.5299038153777359,-0.10964600263458106,0.41004672633624095,10.562201917826135
P03_long,180,247,1.887999999999859,0.5465341512581414,-0.07901155850558397,0.4098664539066793,0.5479260542099279,-0.06852209299453234,0.40862564371848764,0.5298285310009232,-0.10983148259281272,0.4100802129056757,10.581412029343422
P03_long,180,247,1.8899999999998587,0.5465260137116383,-0.07923249260916507,0.4098664539066793,0.547894853293744,-0.06872229102220745,0.408625131448826,0.5297502487162368,-0.11001684575009393,0.410084954509008,10.598965006076094
P03_long,180,247,1.8919999999998585,0.5465178761651353,-0.07945342671274619,0.4098664539066793,0.5478638600008956,-0.06892379587367374,0.4086244567968778,0.5296695601043808,-0.11020308142587608,0.4100604516313847,10.615309608922091
P03_long,180,247,1.8939999999998582,0.5465097386186322,-0.07967436081632731,0.4098664539066793,0.547833175775106,-0.06912635178767458,0.40862364894388903,0.529586317091031,-0.11039120579296184,0.41000631297003465,10.630709307269912
P03_long,180,247,1.895999999999858,0.5465016010721291,-0.07989529491990842,0.4098664539066793,0.5478032084724077,-0.06932931008125255,0.40862278080691894,0.5295142803570185,-0.1105845209959806,0.40995596741206014,10.645854471819804
P03_long,180,247,1.8979999999998578,0.5464934635256259,-0.08011622902348954,0.4098664539066793,0.5477748090530593,-0.06952918361377881,0.4086233500309171,0.5294423106506665,-0.1107688576358223,0.40993298408538825,10.664303862322686
P03_long,180,247,1.8999999999998576,0.5464853259791228,-0.08033716312707065,0.4098664539066793,0.5477475961984096,-0.06972695049432075,0.40862518315101354,0.5293678508134687,-0.11094832708818943,0.40993450388087543,10.68503337470988
P03_long,180,247,1.9019999999998574,0.5464771884326197,-0.08055809723065176,0.4098664539066793,0.5477213028612183,-0.06992326537263567,0.4086280352869831,0.5292893037514598,-0.11112527598384705,0.4099574258226977,10.707355852857471
P03_long,180,247,1.9039999999998571,0.5464690508861165,-0.08077903133423288,0.4098664539066793,0.5476957416091699,-0.07011863187623449,0.4086316712238916,0.529205746464325,-0.11130124581272056,0.4099987534246812,10.730744929133186
P03_long,180,247,1.905999999999857,0.546470337043445,-0.08099369761147802,0.4098664539066793,0.5476707762772803,-0.07031345971458863,0.4086358850279447,0.5291167454811725,-0.11147731720249666,0.41005570264890623,10.74748974822881
P03_long,180,247,1.9079999999998567,0.546484559683094,-0.08119975966834082,0.4098664539066793,0.5476449893147303,-0.07051050513134455,0.4086389613835588,0.529031604856789,-0.1116582896786038,0.41010772246249155,10.752058383708444
P03_long,180,247,1.9099999999998565,0.546498782322743,-0.08140582172520361,0.4098664539066793,0.5476191541080938,-0.07070927947448404,0.4086411923015708,0.5289510188468285,-0.11184194222197329,0.4101532929067646,10.755056906350575
P03_long,180,247,1.9119999999998563,0.546513004962392,-0.08161188378206641,0.4098664539066793,0.5475936229567456,-0.07090949403655308,0.4086427526123996,0.5288750806097258,-0.11202732069887573,0.410191228192771,10.756806287862103
P03_long,180,247,1.913999999999856,0.546527227602041,-0.08181794583892919,0.4098664539066793,0.5475689385280668,-0.0711115473022353,0.40864388321643785,0.5288026634398786,-0.1122145131933122,0.4102261183133442,10.75695734303723
P03_long,180,247,1.9159999999998558,0.54654145024169,-0.08202400789579199,0.4098664539066793,0.5475448988149926,-0.07131495243817917,0.4086445724053302,0.5287338848570396,-0.11240412182554635,0.4102567861385741,10.755964756054656
P03_long,180,247,1.9179999999998556,0.546555672881339,-0.08223006995265479,0.4098664539066793,0.547521149210944,-0.071520151329922,0.40864503589366485,0.5286779728680361,-0.11258578864761135,0.4102690223678085,10.753348383112408
P03_long,180,247,1.9199999999998554,0.546569895520988,-0.08243613200951758,0.4098664539066793,0.5474982048649754,-0.07172575684783158,0.4086450674584471,0.5286250410058065,-0.11277363361264289,0.4102771060443859,10.75052995634143
P03_long,180,247,1.9219999999998552,0.546584118160637,-0.08264219406638035,0.4098664539066793,0.547475690595417,-0.07193209469819821,0.40864469734831255,0.5285676239627711,-0.1129719010598533,0.4102549882327646,10.747145196878796
P03_long,180,247,1.923999999999855,0.546598340800286,-0.08284825612324315,0.4098664539066793,0.5474537253895756,-0.07213900529152119,0.4086440241490221,0.5285058253033145,-0.11318032117830586,0.41020244352637075,10.74335776991214
P03_long,180,247,1.9259999999998547,0.546612563439935,-0.08305431818010595,0.4098664539066793,0.5474322950254701,-0.07234691037949689,0.40864338922686283,0.5284614508174625,-0.11338032459054471,0.4101364996997954,10.738740227832471
P03_long,180,247,1.9279999999998545,0.546626786079584,-0.08326038023696873,0.4098664539066793,0.547411456603184,-0.07255548870350585,0.40864275896515767,0.5284334179400589,-0.11357279011806695,0.410055195366385,10.733611255016267
P03_long,180,247,1.9299999999998543,0.546641008719233,-0.08346644229383154,0.4098664539066793,0.5473916099406582,-0.07276339961511899,0.40864176745601627,0.5284089588102617,-0.11377657477876027,0.40997786290188276,10.729330117763517
P03_long,180,247,1.931999999999854,0.546655231358882,-0.08367250435069433,0.4098664539066793,0.5473723166750689,-0.07296975548375034,0.4086408376865993,0.5283853481466989,-0.11397584765845234,0.40991285280645323,10.726744364417454
P03_long,180,247,1.9339999999998538,0.5466694539985311,-0.08387856640755713,0.4098664539066793,0.547354936933927,-0.07317334639234734,0.40864131872104836,0.5283558489172703,-0.11416678920582292,0.4098674479004873,10.727144187935922
P03_long,180,247,1.9359999999998536,0.5466836766381801,-0.08408462846441991,0.4098664539066793,0.5473393060583885,-0.07337429475371317,0.4086433147227725,0.5283196784691712,-0.11435031718438764,0.40984964592394,10.730382012367697
P03_long,180,247,1.9379999999998534,0.5466978992778291,-0.08429069052128271,0.4098664539066793,0.5473249769711793,-0.07357329297165416,0.40864651348599346,0.5282757078929792,-0.11452962239088055,0.4098560354886831,10.735727114186613
P03_long,180,247,1.9399999999998532,0.5467109982657762,-0.08449237208562377,0.4098664539066793,0.5473116739850392,-0.07377088752992074,0.40865062838102895,0.5282234641224358,-0.11470685038614378,0.4098833499956516,10.738297928344638
P03_long,180,247,1.941999999999853,0.5467236754952589,-0.08469240944847817,0.4098664539066793,0.5472990452337866,-0.07396758968000648,0.40865522945016086,0.5281622228121794,-0.11488314203473532,0.40992775887639565,10.740242520642374
P03_long,180,247,1.9439999999998527,0.5467363527247417,-0.08489244681133257,0.40986645390667936,0.547285711130422,-0.07416584387793682,0.4086587925663888,0.5281046926623282,-0.11506732890609965,0.40996523076517355,10.74066129940917
P03_long,180,247,1.9459999999998525,0.5467490299542246,-0.08509248417418694,0.4098664539066793,0.5472735959027046,-0.07436320339109691,0.4086628809926919,0.52803972130099,-0.11524853997989645,0.4100171672381465,10.74209642279801
P03_long,180,247,1.9479999999998523,0.5467617071837074,-0.08529252153704132,0.4098664539066793,0.5472613491252217,-0.07456199867608146,0.40866599934437975,0.5279685256507448,-0.11542779263662886,0.4100770744889409,10.742148897650901
P03_long,180,247,1.949999999999852,0.5467743844131903,-0.08549255889989571,0.4098664539066793,0.547248690094393,-0.07476361069249017,0.4086680103153223,0.5278943582424881,-0.1156149436877085,0.4101039825298411,10.7394271502912
P03_long,180,247,1.9519999999998519,0.546787061642673,-0.08569259626275008,0.4098664539066793,0.5472362340650077,-0.07496682108806554,0.40866914703802715,0.5278259939843684,-0.11580428728789123,0.41012603894136745,10.735176242748189
P03_long,180,247,1.9539999999998516,0.5467997388721557,-0.08589263362560448,0.4098664539066793,0.5472237411039724,-0.07517191503834375,0.40866973706578436,0.5277712016525122,-0.11598624588840996,0.4101298122788214,10.729099911913545
P03_long,180,247,1.9559999999998514,0.5468124161016386,-0.08609267098845888,0.4098664539066793,0.5472114237851112,-0.075378339797376,0.4086698783614523,0.5277164093206561,-0.11616820448892869,0.41009434561627534,10.721758251503422
P03_long,180,247,1.9579999999998512,0.5468250933311214,-0.08629270835131325,0.4098664539066793,0.5471994497696443,-0.07558513176954389,0.4086693436919916,0.5276565655119292,-0.11636144116839879,0.4100295168155334,10.714118675725002
P03_long,180,247,1.959999999999851,0.5468377705606042,-0.08649274571416764,0.4098664539066793,0.5471877501090749,-0.07579290187259002,0.4086686018650188,0.5276177209921682,-0.1165438589958348,0.40995726615579153,10.70556602513357
P03_long,180,247,1.9619999999998508,0.5468504477900871,-0.08669278307702202,0.4098664539066793,0.5471778690232452,-0.07599753497901261,0.40866893239167246,0.5275792131978495,-0.11671696689497904,0.4099127818809258,10.700258713783358
P03_long,180,247,1.9639999999998505,0.5468631250195699,-0.08689282043987642,0.4098664539066793,0.547169443952773,-0.07619921579847024,0.4086704903922437,0.5275365986805559,-0.11688548698464535,0.40989490386668953,10.697991003713858
P03_long,180,247,1.9659999999998503,0.5468758022490526,-0.0870928578027308,0.4098664539066793,0.5471621214029022,-0.0763987350229513,0.40867307219285176,0.5274882568092734,-0.11705233264740084,0.40990056233273586,10.697954976857014
P03_long,180,247,1.96799999999985,0.5468884794785355,-0.08729289516558518,0.4098664539066793,0.5471556594375355,-0.07659667123922625,0.4086764509541334,0.5274332786424172,-0.117219230921881,0.4099266877421943,10.699560337383232
P03_long,180,247,1.9699999999998499,0.5469011567080183,-0.08749293252843958,0.4098664539066793,0.5471497237411647,-0.07679356895766702,0.4086802369155398,0.5273705937250395,-0.11738691690123436,0.40996960945653355,10.70225052918974
P03_long,180,247,1.9719999999998497,0.5469138481901643,-0.087693665984614,0.4098664539066793,0.5471442726291003,-0.07698978678640511,0.4086842989483213,0.5273003275928034,-0.11755609693286684,0.41002683579798077,10.70635910624653
P03_long,180,247,1.9739999999998494,0.5469269608933256,-0.08791497167567769,0.4098664539066793,0.5471382297797321,-0.07718758889486507,0.40868717812762523,0.527224751332517,-0.11772589418859168,0.41009080308131385,10.729462981362976
P03_long,180,247,1.9759999999998492,0.546940073596487,-0.0881362773667414,0.4098664539066793,0.5471316484056941,-0.07738708399009966,0.4086888831843356,0.5271516231359191,-0.117899570061599,0.4101481878540067,10.750900388151742
P03_long,180,247,1.977999999999849,0.5469531862996484,-0.0883575830578051,0.4098664539066793,0.5471249359743501,-0.07758917391641888,0.4086896653907686,0.5270751623702397,-0.11808136234887578,0.41017297550541093,10.769778706503226
P03_long,180,247,1.9799999999998488,0.5469662990028097,-0.0885788887488688,0.4098664539066793,0.5471182613737224,-0.07779315162382239,0.40868967912500526,0.5269952099315474,-0.11827075211627978,0.4101651944914254,10.786807585786342
P03_long,180,247,1.9819999999998485,0.5469794117059712,-0.08880019443993248,0.40986645390667936,0.5471117203889998,-0.07799860523518168,0.40868906602245436,0.5269116863004083,-0.11846789019867024,0.4101249766876785,10.802399498990665
P03_long,180,247,1.9839999999998483,0.5469925244091325,-0.08902150013099618,0.4098664539066793,0.5471053184569803,-0.07820569080180978,0.4086881637206471,0.5268477368883884,-0.118655672267872,0.4100744491162394,10.81639745675728
P03_long,180,247,1.985999999999848,0.5470056371122938,-0.08924280582205987,0.4098664539066793,0.5470991291770906,-0.07841403503493138,0.4086870116576235,0.5268021409127525,-0.11883514234987438,0.4100113469683837,10.829174369560558
P03_long,180,247,1.9879999999998479,0.5470187498154553,-0.08946411151312358,0.4098664539066793,0.5470931904415333,-0.07862339760144303,0.40868565304130466,0.5267770042420619,-0.1190045249880465,0.4099395515693036,10.840969491780482
P03_long,180,247,1.9899999999998477,0.5470318625186166,-0.08968541720418727,0.4098664539066793,0.5470890840517683,-0.07882970360209528,0.40868539765956696,0.5267505129170238,-0.11916714989118216,0.4098954283837212,10.855864411206566
P03_long,180,247,1.9919999999998474,0.5470449752217779,-0.08990672289525098,0.4098664539066793,0.5470864145509841,-0.07903318453753405,0.4086864406441555,0.5267183594938052,-0.11932727631922121,0.4098778094139039,10.873617320595129
P03_long,180,247,1.9939999999998472,0.5470580879249393,-0.09012802858631466,0.4098664539066793,0.5470848096586302,-0.07923469211326667,0.4086885731360017,0.5266789185351175,-0.11948775490922789,0.40988381775035226,10.893369247670305
P03_long,180,247,1.995999999999847,0.5470712006281007,-0.09034933427737837,0.4098664539066793,0.5470840122821475,-0.0794348470496856,0.4086915593317441,0.5266312998908365,-0.11965020093561898,0.40991052519671356,10.914494746984305
P03_long,180,247,1.9979999999998468,0.547084313331262,-0.09057063996844206,0.4098664539066793,0.5470838375528925,-0.07963414181826432,0.4086951795376601,0.526575104094891,-0.11981557539429435,0.4099551646937227,10.9364981605268
P03_long,180,247,1.9999999999998466,0.5470974260344234,-0.09079194565950575,0.4098664539066793,0.547084146364211,-0.07983297849490693,0.4086992399348889,0.5265102761835373,-0.11998441829736206,0.41001519007612186,10.958975210501942
P03_long,180,247,2.001999999999846,0.5471105387375848,-0.09101325135056945,0.4098664539066793,0.5470835934225864,-0.08003382996675644,0.40870200424242176,0.5264389053682187,-0.12015508570496937,0.4100815935012236,10.97945444789179
P03_long,180,247,2.003999999999846,0.5471236514407462,-0.09123455704163318,0.4098664539066793,0.5470821744224248,-0.0802380381528437,0.4087034442025786,0.5263644509263472,-0.12033479369441451,0.4101152444687429,10.996597110677136
P03_long,180,247,2.0059999999998457,0.5471378769601776,-0.09146272547651713,0.4098664539066793,0.5470803890485239,-0.08044464970518722,0.40870383547690625,0.5262864623176975,-0.12052192755137058,0.41011622092150674,11.018225744771858
P03_long,180,247,2.0079999999998455,0.5471542784328516,-0.09170431302654972,0.4098664539066793,0.5470784899136025,-0.08065312195767368,0.40870340410272554,0.5262048768658525,-0.12071659724589807,0.4100846184060484,11.051450942770154
P03_long,180,247,2.0099999999998452,0.5471706799055254,-0.09194590057658227,0.4098664539066793,0.5470768634014714,-0.08086283623884462,0.4087023254562864,0.5261343291905859,-0.12091545141590429,0.4100538443068542,11.083461402055988
P03_long,180,247,2.011999999999845,0.5471870813781994,-0.09218748812661484,0.4098664539066793,0.5470757148304551,-0.08107217600344116,0.40870092013722575,0.5260626463904171,-0.12110577184006442,0.41004401346580566,11.115870011093522
P03_long,180,247,2.013999999999845,0.5472034828508732,-0.09242907567664738,0.4098664539066793,0.5470749958429243,-0.0812816239853461,0.40869929115763437,0.5259889601446939,-0.12129024688252181,0.4100522078636512,11.148192145864165
P03_long,180,247,2.0159999999998446,0.5472198843235472,-0.09267066322667998,0.4098664539066793,0.547074654184581,-0.08149145050438883,0.40869747869303186,0.5259129740356671,-0.12147050471957076,0.41007543358252313,11.1801560312681
P03_long,180,247,2.0179999999998444,0.5472362857962211,-0.0929122507767125,0.4098664539066793,0.5470742734423397,-0.08170333018133169,0.4086953485810368,0.5258323829948662,-0.1216602465314838,0.4100678258656908,11.210091387511625
P03_long,180,247,2.019999999999844,0.547252687268895,-0.09315383832674512,0.4098664539066793,0.5470739371042829,-0.08191721902387854,0.40869319884445454,0.5257517919540654,-0.12184998834339685,0.41002097814885846,11.238040976028818
P03_long,180,247,2.021999999999844,0.5472690887415688,-0.09339542587677764,0.4098664539066793,0.5470737604110502,-0.08213264345463282,0.4086910106423248,0.5256903772055127,-0.12203274077676592,0.40996105610281824,11.264476066168257
P03_long,180,247,2.0239999999998437,0.5472854902142428,-0.09363701342681023,0.4098664539066793,0.54707379312161,-0.08234933964047225,0.4086887865805084,0.5256407373677846,-0.12218126195727928,0.4099135141318115,11.28965877100857
P03_long,180,247,2.0259999999998435,0.5473018916869168,-0.09387860097684277,0.4098664539066793,0.5470758496575535,-0.08256244943689887,0.40868808009761165,0.5255890193963951,-0.1223291552545922,0.4098929151003188,11.318408928555867
P03_long,180,247,2.0279999999998433,0.5473182931595907,-0.09412018852687537,0.4098664539066793,0.5470792965321993,-0.08277321330681954,0.4086887483447754,0.5255323853167243,-0.12248024996436072,0.40989706635752976,11.349491884329689
P03_long,180,247,2.029999999999843,0.5473346946322646,-0.09436177607690789,0.4098664539066793,0.5470837309264954,-0.08298244669928387,0.40869052899899283,0.5254692985213674,-0.12263617239434463,0.40992313576234835,11.382096461815394
P03_long,180,247,2.031999999999843,0.5473510961049385,-0.0946033636269405,0.4098664539066793,0.5470888841864101,-0.08319075841440746,0.4086931580884665,0.525398949542286,-0.12279759723091815,0.4099682794179217,11.415617058545484
P03_long,180,247,2.0339999999998426,0.5473674975776124,-0.09484495117697303,0.4098664539066793,0.54709452385712,-0.08340003109991188,0.40869651396363604,0.5253322695798087,-0.12296882625599956,0.41001409290379864,11.448174973435583
P03_long,180,247,2.0359999999998424,0.5473838990502863,-0.09508653872700562,0.4098664539066793,0.5470986670711541,-0.0836128465893895,0.4086984040027815,0.5252641428309704,-0.12314552667927582,0.4100270256235361,11.477236973710774
P03_long,180,247,2.037999999999842,0.5474003005229602,-0.09532812627703816,0.4098664539066793,0.5471023565723102,-0.08382649828950312,0.40869918454383913,0.5251974063580056,-0.12332344296565427,0.41004037062941473,11.505486385258914
P03_long,180,247,2.039999999999842,0.5473996479990965,-0.09555281604321676,0.40986645390667936,0.5471063213547285,-0.08404083372539523,0.4086993504999187,0.525127372020679,-0.12349926708508072,0.4100673513876252,11.51571870992566
P03_long,180,247,2.0419999999998417,0.5473895684419628,-0.09576816512668634,0.4098664539066793,0.5471100082550879,-0.08425732537632259,0.40869870744898207,0.5250628031363203,-0.12368186472238138,0.4100891313402503,11.51423404559069
P03_long,180,247,2.0439999999998415,0.5473794888848293,-0.095983514210156,0.4098664539066793,0.547113008337453,-0.08447565949449062,0.408697241751958,0.524994107642291,-0.12387261374914983,0.4100789588774745,11.510939667941612
P03_long,180,247,2.0459999999998413,0.5473694093276957,-0.09619886329362558,0.4098664539066793,0.5471157154727428,-0.08469501638137382,0.40869512701722865,0.5249328378772834,-0.12406864399856526,0.41006676513262,11.506643922211428
P03_long,180,247,2.047999999999841,0.5473593297705622,-0.09641421237709522,0.4098664539066793,0.5471182815429337,-0.08491371807890212,0.4086926526433404,0.5248675876120649,-0.12425798723674986,0.4100721603962982,11.503020183882786
P03_long,180,247,2.049999999999841,0.5473492502134285,-0.0966295614605648,0.40986645390667925,0.547120634528993,-0.08513217494892793,0.40868991288409773,0.5247979968887605,-0.12444287880651855,0.4100926309815838,11.499659200565004
P03_long,180,247,2.0519999999998406,0.547339170656295,-0.09684491054403438,0.4098664539066793,0.5471222892145047,-0.0853521522659284,0.4086867639204291,0.5247236029960912,-0.124637122875566,0.4100822499319839,11.494804495891456
P03_long,180,247,2.0539999999998404,0.5473290910991614,-0.09706025962750402,0.4098664539066793,0.5471234460285661,-0.08557309725867676,0.40868328866734216,0.5246446313576346,-0.12484024360823108,0.4100406004148861,11.489002967310139
P03_long,180,247,2.05599999999984,0.5473190115420279,-0.09727560871097361,0.4098664539066793,0.547124464584375,-0.08579439008209316,0.4086795798041075,0.5245754018018227,-0.12504935282265794,0.4100011949661992,11.482866790261195
P03_long,180,247,2.05799999999984,0.5473089319848943,-0.09749095779444325,0.4098664539066793,0.5471254310976543,-0.08601467828082349,0.40867581636809036,0.5245039254531684,-0.1252484987665256,0.40998478286502665,11.477746470903883
P03_long,180,247,2.0599999999998397,0.5472988524277607,-0.09770630687791285,0.4098664539066793,0.5471257641721162,-0.08623648050640646,0.40867215645500476,0.5244402894767899,-0.12541611824012,0.4099684976064033,11.471132312755588
P03_long,180,247,2.0619999999998395,0.547288772870627,-0.09792165596138247,0.4098664539066793,0.5471274825072456,-0.08645478492785215,0.4086700868295933,0.5243726762351112,-0.1255818554812223,0.40997604331518506,11.468005313956585
P03_long,180,247,2.0639999999998393,0.5472786933134935,-0.09813700504485207,0.4098664539066793,0.5471297140525914,-0.08667109744421751,0.40866915623396427,0.524296991731238,-0.12575009117001168,0.40999618836555507,11.466875421250036
P03_long,180,247,2.065999999999839,0.5472686137563599,-0.0983523541283217,0.4098664539066793,0.5471308582533185,-0.086888900775966,0.40866794847208543,0.5242187457179809,-0.12592712596824954,0.40998488644899167,11.464281021514314
P03_long,180,247,2.067999999999839,0.5472585341992264,-0.09856770321179129,0.4098664539066793,0.5471327126748233,-0.08710496827114178,0.40866772456863965,0.5241421703077509,-0.12610105111051953,0.409994476643991,11.46342546430124
P03_long,180,247,2.0699999999998386,0.5472484546420928,-0.09878305229526092,0.4098664539066793,0.5471338282003991,-0.08732134604731646,0.40866688457724865,0.5240626285066191,-0.1262738156494202,0.41001862137795647,11.46227941272173
P03_long,180,247,2.0719999999998384,0.5472383750849591,-0.0989984013787305,0.4098664539066793,0.5471341792376702,-0.08753938897094724,0.40866536255839314,0.5239896614774308,-0.12645344307277567,0.41003811512085236,11.459486120080744
P03_long,180,247,2.073999999999838,0.5472183288727638,-0.09918992392216162,0.4098664539066793,0.5471339465916608,-0.0877585600836915,0.40866326608192977,0.5239232711076103,-0.12663888809681104,0.4100518419431936,11.431675274291454
P03_long,180,247,2.075999999999838,0.5471977542058992,-0.09938018312836902,0.4098664539066793,0.5471331149891872,-0.08797843062613307,0.4086606526853669,0.5238631627687503,-0.1268304972772294,0.41005882208098304,11.401935728225311
P03_long,180,247,2.0779999999998378,0.5471771795390347,-0.09957044233457647,0.4098664539066793,0.5471316258339198,-0.08819754670582021,0.4086576144747258,0.5238023025361415,-0.12701876775889048,0.41006951353861915,11.372986860215438
P03_long,180,247,2.0799999999998375,0.54715660487217,-0.09976070154078387,0.4098664539066793,0.5471296128030484,-0.08841619867383642,0.4086542869799096,0.5237407136518171,-0.12720496627707095,0.41008224838480556,11.344534978128209
P03_long,180,247,2.0819999999998373,0.5471360302053054,-0.09995096074699131,0.4098664539066793,0.5471270429194272,-0.08863571886041924,0.4086507452192766,0.5236743435711291,-0.1274000117754457,0.410063779590413,11.31524545570897
P03_long,180,247,2.083999999999837,0.547115455538441,-0.10014121995319872,0.40986645390667936,0.5471238625197464,-0.08885609772025024,0.4086472426345811,0.5236079734904411,-0.12759505727382042,0.41000607079602047,11.285125364386637
P03_long,180,247,2.085999999999837,0.5470948808715763,-0.10033147915940616,0.4098664539066793,0.5471201599476457,-0.08907689184842255,0.4086437532966918,0.5235634774548197,-0.12777961730457185,0.4099414815143178,11.254615700779846
P03_long,180,247,2.0879999999998367,0.5470743062047116,-0.10052173836561354,0.4098664539066793,0.5471176301904248,-0.08929415904605402,0.40864166296935134,0.5235196634587189,-0.12795502120424498,0.40990385633591403,11.227662906622138
P03_long,180,247,2.0899999999998364,0.5470537315378472,-0.10071199757182098,0.4098664539066793,0.5471159146029306,-0.08950810155973085,0.4086409950464983,0.5234690495199634,-0.12812694668394367,0.4098940331867446,11.2040685727691
P03_long,180,247,2.091999999999836,0.5470331568709825,-0.10090225677802839,0.4098664539066793,0.5471145690593954,-0.08971955017452508,0.408641481553798,0.5234103621930059,-0.12829815469492234,0.40990871563637205,11.183002947529728
P03_long,180,247,2.093999999999836,0.547012582204118,-0.10109251598423583,0.4098664539066793,0.5471133125412927,-0.08992911406566637,0.40864284829030767,0.5233431116272139,-0.1284701683965091,0.4099445497842513,11.163856367597516
P03_long,180,247,2.0959999999998358,0.5469920075372534,-0.10128277519044322,0.4098664539066793,0.5471117320830202,-0.09013792450071223,0.4086446813927841,0.5232723735626077,-0.12864245865529705,0.4099946923733648,11.145493746947977
P03_long,180,247,2.0979999999998356,0.5469714328703887,-0.10147303439665066,0.4098664539066793,0.5471087306168629,-0.09034762863266799,0.4086454230383383,0.5231961893122793,-0.12881433491881747,0.4100519277872276,11.126252922005943
P03_long,180,247,2.0999999999998353,0.5469508582035242,-0.10166329360285806,0.4098664539066793,0.5471045344852874,-0.09055916363690633,0.4086451240844533,0.5231244617166187,-0.12899249848454786,0.4100990298081605,11.105193321159414
P03_long,180,247,2.101999999999835,0.5469302835366596,-0.10185355280906551,0.4098664539066793,0.5470992662763793,-0.09077206730384112,0.408643958554879,0.5230487122189419,-0.12917790520902836,0.4101135100048504,11.082773848131227
P03_long,180,247,2.103999999999835,0.5469097088697951,-0.1020438120152729,0.4098664539066793,0.547093241868087,-0.09098584133422555,0.4086421302544183,0.5229688936435054,-0.12937061973215133,0.4100954325787446,11.05949365678036
P03_long,180,247,2.1059999999998347,0.5468875809797588,-0.10222436434504004,0.4098664539066793,0.5470865443727421,-0.09120058568244804,0.4086399981678799,0.5228890750680689,-0.1295633342552743,0.41003811515263877,11.02557401832512
P03_long,180,247,2.1079999999998345,0.5468609220895828,-0.10237660016542793,0.4098664539066793,0.5470792773817579,-0.0914158747336368,0.4086376102935865,0.5228208111919406,-0.12972299237974835,0.40998616882449,10.962900210470487
P03_long,180,247,2.1099999999998342,0.5468342631994068,-0.10252883598581586,0.4098664539066793,0.5470714152456354,-0.09163130939510787,0.40863497950474414,0.5227632816555985,-0.12985296194963064,0.4099354053907193,10.900106737469045
P03_long,180,247,2.111999999999834,0.5468076043092307,-0.10268107180620376,0.4098664539066793,0.5470648466665529,-0.09184206013835682,0.4086336514141735,0.5227032518170777,-0.12998453962233536,0.4099117977393338,10.842063805665543
P03_long,180,247,2.113999999999834,0.5467809454190548,-0.1028333076265917,0.4098664539066793,0.5470589081782512,-0.09204928317709915,0.40863350960503747,0.5226378665523842,-0.13012094051518264,0.4099130227959514,10.787606158122061
P03_long,180,247,2.1159999999998336,0.5467542865288788,-0.1029855434469796,0.4098664539066793,0.547053197406072,-0.09225372860490373,0.4086343207211769,0.5225657139631261,-0.13026325834745286,0.4099360785132449,10.73597678448982
P03_long,180,247,2.1179999999998333,0.5467276276387026,-0.10313777926736753,0.4098664539066793,0.5470474587828672,-0.09245595608056772,0.40863584852632817,0.5224861619074602,-0.13041170569603885,0.40997794548695443,10.686610246230165
P03_long,180,247,2.119999999999833,0.5467009687485267,-0.10329001508775543,0.4098664539066793,0.5470399575939899,-0.09265948769249682,0.40863652496488734,0.5224028689698224,-0.13057223913888177,0.4099867311045592,10.635930901368821
P03_long,180,247,2.121999999999833,0.5466743098583506,-0.10344225090814335,0.4098664539066793,0.5470328951231214,-0.09286191593234575,0.4086380653306636,0.5223273171019766,-0.13073751663100466,0.4099995878531733,10.586409759318636
P03_long,180,247,2.1239999999998327,0.5466476509681747,-0.10359448672853125,0.4098664539066793,0.5470245858799531,-0.09306392292047536,0.40863852504913223,0.522248491714592,-0.13090139534035733,0.41002502467460666,10.537307722718076
P03_long,180,247,2.1259999999998325,0.5466209920779986,-0.10374672254891917,0.4098664539066793,0.5470153901650284,-0.0932655612294167,0.408638143720008,0.5221669436996504,-0.1310638434899752,0.41006061743687605,10.488579143834855
P03_long,180,247,2.1279999999998322,0.5465943331878226,-0.10389895836930707,0.4098664539066793,0.5470050156717161,-0.0934682970361474,0.4086368868951026,0.5220811132787209,-0.1312337923900371,0.4100638630712416,10.438743025367055
P03_long,180,247,2.129999999999832,0.5465676742976466,-0.10405119418969501,0.4098664539066793,0.5469938172886537,-0.09367145375437305,0.40863494654606164,0.5219911170280225,-0.13141101957251325,0.4100345572842817,10.388484458930575
P03_long,180,247,2.131999999999832,0.5465410154074706,-0.1042034300100829,0.4098664539066793,0.54698244573286,-0.09387319826169133,0.40863262872586337,0.5219025970549949,-0.13158159887046555,0.41002489446139734,10.339659022794262
P03_long,180,247,2.1339999999998316,0.5465143565172946,-0.10435566583047085,0.4098664539066793,0.546970773330878,-0.09407388133569095,0.4086300263543687,0.5218143147374895,-0.13174753860741628,0.4100317500884962,10.291909866726288
P03_long,180,247,2.1359999999998314,0.5464876976271186,-0.10450790165085874,0.4098664539066793,0.546958569672397,-0.09427465080052162,0.40862707669562204,0.5217334583271197,-0.13192000880212162,0.41003638332805015,10.244078457770131
P03_long,180,247,2.137999999999831,0.5464610387369425,-0.10466013747124667,0.4098664539066793,0.5469458760801856,-0.09447516106572462,0.4086238327991171,0.5216596700178265,-0.13209915558148358,0.4100371886059775,10.1965097769013
P03_long,180,247,2.139999999999831,0.5464361870743916,-0.10477657643186826,0.40986645390667936,0.5469327346419777,-0.0946752396214729,0.4086203587108527,0.521592562476974,-0.13228524714355125,0.4100329362876903,10.11353374661518
P03_long,180,247,2.1419999999998307,0.5464127500460316,-0.10486499487030294,0.4098664539066793,0.5469189289737119,-0.09487488280488551,0.40861667893605436,0.5215205792195033,-0.1324797050241293,0.40999718215371833,10.002927380843392
P03_long,180,247,2.1439999999998305,0.5463893130176718,-0.10495341330873761,0.4098664539066793,0.5469045100306125,-0.09507415156582856,0.4086130789335518,0.5214453817779611,-0.13264421477535904,0.4099553503331664,9.892686214929158
P03_long,180,247,2.1459999999998303,0.5463658759893121,-0.10504183174717233,0.4098664539066793,0.5468896168577296,-0.09527257226390176,0.4086095384662328,0.521365960162838,-0.1327819357472547,0.4099052914655293,9.783288575357604
P03_long,180,247,2.14799999999983,0.5463424389609521,-0.10513025018560698,0.4098664539066793,0.5468759875600603,-0.09546591667338601,0.40860735858056774,0.5212875053267625,-0.1329173169428437,0.4098818077886214,9.67905038436352
P03_long,180,247,2.14999999999983,0.5463190019325924,-0.1052186686240417,0.4098664539066793,0.5468630394710304,-0.09565519724456223,0.408606387018171,0.5212074118016605,-0.13305340448376615,0.4098820373291008,9.578933221886066
P03_long,180,247,2.1519999999998296,0.5462955649042326,-0.10530708706247636,0.4098664539066793,0.54685041614556,-0.09584107465075949,0.4086063780618969,0.5211243882999463,-0.13319137335316014,0.409902616404226,9.482259798106172
P03_long,180,247,2.1539999999998294,0.5462721278758729,-0.10539550550091106,0.4098664539066793,0.546837891170502,-0.09602404202094196,0.4086070934160754,0.5210378311888161,-0.13333162884955374,0.40994026903408487,9.388525755513706
P03_long,180,247,2.155999999999829,0.546248690847513,-0.10548392393934572,0.4098664539066793,0.5468253143943395,-0.09620448925808925,0.4086083259598367,0.5209475399699534,-0.13347420453384548,0.4099919888602299,9.297333097101559
P03_long,180,247,2.157999999999829,0.5462252538191531,-0.10557234237778042,0.4098664539066793,0.5468114478084715,-0.0963845622501222,0.40860858400443506,0.5208570440593888,-0.13361679437745064,0.410047681202333,9.206461158735442
P03_long,180,247,2.1599999999998287,0.5462018167907933,-0.10566076081621509,0.4098664539066793,0.5467964153291278,-0.0965650579405283,0.4086079410267347,0.5207630438608063,-0.13376635818398067,0.41006983363334026,9.115117016504309
P03_long,180,247,2.1619999999998285,0.5461783797624336,-0.10574917925464977,0.4098664539066793,0.5467806421085079,-0.09674526748085832,0.4086065984739192,0.5206653458060484,-0.13392218655907578,0.4100585579890644,9.02403164687044
P03_long,180,247,2.1639999999998283,0.5461549427340737,-0.10583759769308446,0.4098664539066793,0.5467642606436746,-0.09692515150787638,0.4086048932058836,0.5205861611488308,-0.1340722767520206,0.41003229392447915,8.933250546088491
P03_long,180,247,2.165999999999828,0.5461315057057139,-0.10592601613151914,0.4098664539066793,0.5467474256219257,-0.09710432232840259,0.40860290284607526,0.5205244791419867,-0.1342172093289664,0.4099894501262664,8.84316905295445
P03_long,180,247,2.167999999999828,0.546108068677354,-0.10601443456995382,0.4098664539066793,0.5467302241682841,-0.09728253711167852,0.40860069464878057,0.5204747007344368,-0.13433464284413912,0.40995484303216473,8.75403396593418
P03_long,180,247,2.1699999999998276,0.5460846316489941,-0.10610285300838852,0.4098664539066793,0.5467142560047725,-0.09745598527961402,0.40859951892832946,0.5204235548902499,-0.134450415991674,0.40993979309120365,8.669760570414345
P03_long,180,247,2.1719999999998274,0.5460611946206343,-0.1061912714468232,0.4098664539066793,0.5466987870179821,-0.09762594799657015,0.40859910815748335,0.5203671187045109,-0.1345682129705054,0.4099353651230328,8.589021473521326
P03_long,180,247,2.173999999999827,0.5460394894492979,-0.10626848498158656,0.4098664539066793,0.5466835922446106,-0.09779297287894355,0.4085993330739634,0.5203049804958524,-0.13468842297854974,0.40994029111527974,8.499951400624463
P03_long,180,247,2.175999999999827,0.5460180509497287,-0.10634397318254807,0.4098664539066793,0.5466687205911614,-0.09795710640952253,0.40860024253584903,0.5202392713266962,-0.13481018755437826,0.4099607757698561,8.412069023181044
P03_long,180,247,2.1779999999998267,0.5459966124501594,-0.10641946138350962,0.4098664539066793,0.5466537691578087,-0.09811902994696431,0.40860148036622745,0.520167630633549,-0.13493457406738307,0.40998718102598647,8.326404804667987
P03_long,180,247,2.1799999999998265,0.54597517395059,-0.10649494958447114,0.40986645390667925,0.5466378081441537,-0.09827988079672934,0.40860204259912314,0.5200930981499097,-0.13506315965106164,0.4100062470980572,8.241749769424542
P03_long,180,247,2.1819999999998263,0.5459537354510208,-0.10657043778543268,0.4098664539066793,0.5466213776005963,-0.09844001491361133,0.4086019110195024,0.5200180057598726,-0.13519039243007722,0.4100331095600736,8.15778904572345
P03_long,180,247,2.183999999999826,0.5459322969514514,-0.10664592598639419,0.4098664539066793,0.5466043515729335,-0.09860007881088442,0.40860105895147547,0.5199485240612556,-0.13532206639474473,0.4100543723834523,8.0738661238538
P03_long,180,247,2.185999999999826,0.5459108584518821,-0.10672141418735576,0.4098664539066793,0.5465868666107145,-0.09875956175493042,0.4085996100920299,0.5198847385950018,-0.135458643324687,0.41006909931212504,7.990499432859326
P03_long,180,247,2.1879999999998256,0.5458894199523128,-0.10679690238831727,0.4098664539066793,0.5465690183845985,-0.09891818414387327,0.40859768326897505,0.5198265583879796,-0.1356007059364299,0.41007667103894613,7.90797415299898
P03_long,180,247,2.1899999999998254,0.5458679814527434,-0.1068723905892788,0.4098664539066793,0.5465508744675451,-0.0990757641040922,0.40859537901131376,0.5197738569878169,-0.13574877888994485,0.4100765750317616,7.826476053702469
P03_long,180,247,2.191999999999825,0.5458465429531741,-0.10694787879024034,0.4098664539066793,0.5465322695178334,-0.09923241384336523,0.40859275966245845,0.5197165118095692,-0.13590456658712577,0.41004443200789154,7.745877630581183
P03_long,180,247,2.193999999999825,0.5458251044536049,-0.10702336699120188,0.4098664539066793,0.5465134116141599,-0.0993870182831432,0.4085898535059931,0.5196580927334854,-0.13605083372696333,0.41001540919337087,7.667306459138099
P03_long,180,247,2.1959999999998248,0.5458036659540356,-0.1070988551921634,0.4098664539066793,0.546494783561192,-0.09953969776251655,0.40858694771622284,0.5195991434078088,-0.13618898358771742,0.41000152727810163,7.590685383620295
P03_long,180,247,2.1979999999998245,0.5457822274544663,-0.10717434339312494,0.4098664539066793,0.5464761916993076,-0.09969063317466945,0.4085840259629563,0.519539109667667,-0.13632066440614654,0.410000079779419,7.515816988653557
P03_long,180,247,2.1999999999998243,0.545760788954897,-0.10724983159408646,0.4098664539066793,0.5464575509141891,-0.09983995265581418,0.4085810804985069,0.5194778830559085,-0.13644704993175732,0.4100085853378736,7.442565626702116
P03_long,180,247,2.201999999999824,0.5457393504553276,-0.107325319795048,0.4098664539066793,0.5464384876060953,-0.09998858333891678,0.4085780323138182,0.5194114590442732,-0.13658198869177152,0.4099858577954369,7.369972495356308
P03_long,180,247,2.203999999999824,0.5457179119557584,-0.10740080799600954,0.4098664539066793,0.5464190819814713,-0.10013670848705933,0.40857515243877485,0.519359538052942,-0.1367018106511511,0.4099659549435238,7.2978614046095
P03_long,180,247,2.2059999999998237,0.5456946176643711,-0.10747331372108822,0.4098664539066793,0.5463994689359587,-0.10028401064680359,0.40857240609434065,0.5193175907539768,-0.13679888300398285,0.4099496638841307,7.223772837581277
P03_long,180,247,2.2079999999998234,0.545662402549158,-0.10753148263227391,0.4098664539066793,0.546381063765976,-0.1004272620823436,0.4085708419263594,0.5192756117652114,-0.1368936845253547,0.4099459613872896,7.140477824810501
P03_long,180,247,2.209999999999823,0.5456301874339446,-0.10758965154345963,0.4098664539066793,0.5463632468474872,-0.10056718671457654,0.4085702621173952,0.5192318301608742,-0.13698851466558454,0.40995389334807764,7.060622378847586
P03_long,180,247,2.211999999999823,0.5455979723187314,-0.10764782045464533,0.4098664539066793,0.5463456669746873,-0.10070426150203449,0.4085704507979142,0.5191854398123429,-0.13708429279836526,0.4099719989157537,6.983699465679146
P03_long,180,247,2.2139999999998228,0.5455657572035182,-0.10770598936583103,0.4098664539066793,0.5463279565902575,-0.10083930938150981,0.4085710630071758,0.5191388364541539,-0.1371808677667367,0.4099966272402417,6.908852430919582
P03_long,180,247,2.2159999999998226,0.545533542088305,-0.10776415827701671,0.4098664539066793,0.5463100536124376,-0.10097245192106076,0.40857197749003593,0.5190919548277935,-0.1372779660921812,0.4100263229583661,6.835952411525643
P03_long,180,247,2.2179999999998223,0.5455013269730916,-0.10782232718820242,0.4098664539066793,0.5462910535535958,-0.1011056770425055,0.40857195858773376,0.5190466700371291,-0.1373827697396343,0.41004715009600995,6.7629178060690025
P03_long,180,247,2.219999999999822,0.5454691118578784,-0.10788049609938813,0.4098664539066793,0.546271006218357,-0.1012386955247782,0.40857113405933987,0.5189964264718637,-0.13749562760498152,0.4100362947654337,6.690033590218829
P03_long,180,247,2.221999999999822,0.545436896742665,-0.10793866501057382,0.4098664539066793,0.5462503931557806,-0.10137017701110118,0.408569725099553,0.5189430789318188,-0.13760412540903652,0.41002283498243114,6.618671393366496
P03_long,180,247,2.2239999999998217,0.5454046816274518,-0.10799683392175952,0.4098664539066793,0.5462297445414406,-0.10150015852917044,0.4085680689763654,0.5188884375835511,-0.13770974056462884,0.4100203177239113,6.54885638632518
P03_long,180,247,2.2259999999998215,0.5453724665122386,-0.10805500283294522,0.4098664539066793,0.5462088835760368,-0.10162875947792999,0.4085661882088184,0.51883214597964,-0.13781322738151378,0.41002689925039193,6.480447296482731
P03_long,180,247,2.2279999999998212,0.5453402513970254,-0.10811317174413092,0.4098664539066793,0.5461876187697732,-0.10175667041810921,0.40856403721321854,0.5187796460496006,-0.13792393502517383,0.4100282633711211,6.412732691459492
P03_long,180,247,2.229999999999821,0.5453080362818121,-0.10817134065531663,0.4098664539066793,0.546165981366965,-0.1018836593304646,0.4085616579884407,0.518731149301182,-0.13804196264989552,0.41002355973159527,6.345944075709377
P03_long,180,247,2.231999999999821,0.5452758211665988,-0.10822950956650232,0.4098664539066793,0.5461437909540263,-0.10200912366525866,0.4085590131429714,0.5186793622122807,-0.1381540820735814,0.4100161813129873,6.280650628101986
P03_long,180,247,2.2339999999998206,0.5452436060513856,-0.10828767847768803,0.4098664539066793,0.5461214952435489,-0.1021336550784872,0.4085563186024478,0.5186319245015635,-0.13827332531611486,0.41000387677581174,6.216324752748078
P03_long,180,247,2.2359999999998204,0.5452113909361723,-0.10834584738887372,0.4098664539066793,0.5460989202331228,-0.10225619569666869,0.40855381616680475,0.5185836016178063,-0.13838720696875523,0.4099866982793539,6.153987811599969
P03_long,180,247,2.23799999999982,0.5451791758209591,-0.10840401630005943,0.4098664539066793,0.5460771336499827,-0.10237599501512695,0.4085524561620103,0.5185360459601811,-0.13849455290180085,0.40998184346281286,6.094535985151265
P03_long,180,247,2.23999999999982,0.5451623545347173,-0.10843438949285879,0.4098664539066793,0.5460555807333564,-0.10249387695825643,0.40855183396671,0.5184898587250616,-0.13859734792061743,0.4099861326336339,6.007290755049479
